index	seqName	clade	clade_display	clade_who	clade_nextstrain	partiallyAliased	Nextclade_pango	qc.overallScore	qc.overallStatus	totalSubstitutions	totalDeletions	totalInsertions	totalFrameShifts	totalMissing	totalNonACGTNs	totalAminoacidSubstitutions	totalAminoacidDeletions	totalAminoacidInsertions	totalUnknownAa	alignmentScore	alignmentStart	alignmentEnd	coverage	cdsCoverage	isReverseComplement	substitutions	deletions	insertions	frameShifts	aaSubstitutions	aaDeletions	aaInsertions	privateNucMutations.reversionSubstitutions	privateNucMutations.labeledSubstitutions	privateNucMutations.unlabeledSubstitutions	privateNucMutations.totalReversionSubstitutions	privateNucMutations.totalLabeledSubstitutions	privateNucMutations.totalUnlabeledSubstitutions	privateNucMutations.totalPrivateSubstitutions	privateAaMutations.reversionSubstitutions	privateAaMutations.labeledSubstitutions	privateAaMutations.unlabeledSubstitutions	privateAaMutations.totalReversionSubstitutions	privateAaMutations.totalLabeledSubstitutions	privateAaMutations.totalUnlabeledSubstitutions	privateAaMutations.totalPrivateSubstitutions	missing	founderMuts['clade'].nodeName	founderMuts['clade'].substitutions	founderMuts['clade'].deletions	founderMuts['clade'].aaSubstitutions	founderMuts['clade'].aaDeletions	founderMuts['Nextclade_pango'].nodeName	founderMuts['Nextclade_pango'].substitutions	founderMuts['Nextclade_pango'].deletions	founderMuts['Nextclade_pango'].aaSubstitutions	founderMuts['Nextclade_pango'].aaDeletions	relativeMutations['JN.1 (24A)'].nodeName	relativeMutations['JN.1 (24A)'].substitutions	relativeMutations['JN.1 (24A)'].deletions	relativeMutations['JN.1 (24A)'].aaSubstitutions	relativeMutations['JN.1 (24A)'].aaDeletions	relativeMutations['XBB.1.5 (23A)'].nodeName	relativeMutations['XBB.1.5 (23A)'].substitutions	relativeMutations['XBB.1.5 (23A)'].deletions	relativeMutations['XBB.1.5 (23A)'].aaSubstitutions	relativeMutations['XBB.1.5 (23A)'].aaDeletions	unknownAaRanges	nonACGTNs	qc.missingData.missingDataThreshold	qc.missingData.score	qc.missingData.status	qc.missingData.totalMissing	qc.mixedSites.mixedSitesThreshold	qc.mixedSites.score	qc.mixedSites.status	qc.mixedSites.totalMixedSites	qc.privateMutations.cutoff	qc.privateMutations.excess	qc.privateMutations.score	qc.privateMutations.status	qc.privateMutations.total	qc.snpClusters.clusteredSNPs	qc.snpClusters.score	qc.snpClusters.status	qc.snpClusters.totalSNPs	qc.frameShifts.frameShifts	qc.frameShifts.totalFrameShifts	qc.frameShifts.frameShiftsIgnored	qc.frameShifts.totalFrameShiftsIgnored	qc.frameShifts.score	qc.frameShifts.status	qc.stopCodons.stopCodons	qc.stopCodons.totalStopCodons	qc.stopCodons.score	qc.stopCodons.status	totalPcrPrimerChanges	pcrPrimerChanges	failedCdses	warnings	errors
4	MT066156.1 Severe acute respiratory syndrome coronavirus 2 isolate SARS-CoV-2/human/ITA/INMI1/2020, complete genome	19A	19A		19A	B	B	0	good	2	0	0	0	1	0	1	0	0	1	89592	1	29867	0.9987626659532488	E:1,M:1,N:1,ORF1a:0.9997727789138832,ORF1b:1,ORF3a:1,ORF6:1,ORF7a:1,ORF7b:1,ORF8:1,ORF9b:1,S:1	false	A2269T,G26144T				ORF3a:G251V			T14805C		A2269T	1	0	1	2				0	0	0	0	11083	NODE_0000000	A2269T,G26144T		ORF3a:G251V		NODE_0000000	A2269T,G26144T		ORF3a:G251V		N/A	N/A	N/A	N/A	N/A	N/A	N/A	N/A	N/A	N/A	ORF1a:3606		3000	0	good	1	10	0	good	0	24	-1	0	good	7		0	good	0		0		0	0	good		0	0	good	0				
5	MT072688.1 Severe acute respiratory syndrome coronavirus 2 isolate SARS-CoV-2/human/NPL/61-TW/2020, complete genome	19A	19A		19A	B	B	0	good	1	0	0	0	0	0	0	0	0	0	89429	16	29826	0.9969233856134836	E:1,M:1,N:1,ORF1a:1,ORF1b:1,ORF3a:1,ORF6:1,ORF7a:1,ORF7b:1,ORF8:1,ORF9b:1,S:1	false	C24034T									C24034T	0	0	1	1				0	0	0	0		NODE_0000000	C24034T				NODE_0000000	C24034T				N/A	N/A	N/A	N/A	N/A	N/A	N/A	N/A	N/A	N/A			3000	0	good	0	10	0	good	0	24	-7	0	good	1		0	good	0		0		0	0	good		0	0	good	0				
6	MT126746.1 Severe acute respiratory syndrome coronavirus 2 isolate SARS-CoV-2/human/KOR/KCDC05/2020, complete genome	19B	19B		19B	A	A	0	good	8	0	0	0	0	0	4	0	0	0	89335	99	29887	0.9961876734775775	E:1,M:1,N:1,ORF1a:1,ORF1b:1,ORF3a:1,ORF6:1,ORF7a:1,ORF7b:1,ORF8:1,ORF9b:1,S:1	false	A1740C,T8767C,C8782T,C17104T,G26167T,T28144C,G29593A,A29869G				ORF1a:K492T,ORF1b:H1213Y,ORF3a:V259L,ORF8:L84S					A1740C,T8767C,C17104T,G26167T,G29593A,A29869G	0	0	6	6			ORF1a:K492T,ORF1b:H1213Y,ORF3a:V259L	0	0	3	3		internal_b384	A1740C,T8767C,C17104T,G26167T,G29593A,A29869G		ORF1a:K492T,ORF1b:H1213Y,ORF3a:V259L		internal_b384	A1740C,T8767C,C17104T,G26167T,G29593A,A29869G		ORF1a:K492T,ORF1b:H1213Y,ORF3a:V259L		N/A	N/A	N/A	N/A	N/A	N/A	N/A	N/A	N/A	N/A			3000	0	good	0	10	0	good	0	24	-2	0	good	6		0	good	0		0		0	0	good		0	0	good	0				
2	MT020782.1 Severe acute respiratory syndrome coronavirus 2 isolate SARS-CoV-2/human/KOR/KCDC03/2020, complete genome	19B	19B		19B	A	A	0	good	4	0	0	0	0	0	2	0	0	0	89438	29	29846	0.9971574758385446	E:1,M:1,N:1,ORF1a:1,ORF1b:1,ORF3a:1,ORF6:1,ORF7a:1,ORF7b:1,ORF8:1,ORF9b:1,S:1	false	T4402C,G5062T,C8782T,T28144C				ORF1a:L1599F,ORF8:L84S					T4402C,G5062T	0	0	2	2			ORF1a:L1599F	0	0	1	1		internal_b384	T4402C,G5062T		ORF1a:L1599F		internal_b384	T4402C,G5062T		ORF1a:L1599F		N/A	N/A	N/A	N/A	N/A	N/A	N/A	N/A	N/A	N/A			3000	0	good	0	10	0	good	0	24	-6	0	good	2		0	good	0		0		0	0	good		0	0	good	0				
1	MT019533.1 Severe acute respiratory syndrome coronavirus 2 isolate BetaCoV/Wuhan/IPBCAMS-WH-05/2020, complete genome	19A	19A		19A	B	B	0	good	1	0	0	0	0	0	1	0	0	0	89645	1	29883	0.9993311707855399	E:1,M:1,N:1,ORF1a:1,ORF1b:1,ORF3a:1,ORF6:1,ORF7a:1,ORF7b:1,ORF8:1,ORF9b:1,S:1	false	G7866T				ORF1a:G2534V					G7866T	0	0	1	1			ORF1a:G2534V	0	0	1	1		NODE_0000000	G7866T		ORF1a:G2534V		NODE_0000000	G7866T		ORF1a:G2534V		N/A	N/A	N/A	N/A	N/A	N/A	N/A	N/A	N/A	N/A			3000	0	good	0	10	0	good	0	24	-7	0	good	1		0	good	0		0		0	0	good		0	0	good	0				
8	MT134007.1 Severe acute respiratory syndrome coronavirus 2 isolate SARS-CoV-2/human/KOR/KCDC06/2020, complete genome	19B	19B		19B	A	A	0	good	4	0	0	0	0	0	2	0	0	0	89351	99	29887	0.9961876734775775	E:1,M:1,N:1,ORF1a:1,ORF1b:1,ORF3a:1,ORF6:1,ORF7a:1,ORF7b:1,ORF8:1,ORF9b:1,S:1	false	T4402C,G5062T,C8782T,T28144C				ORF1a:L1599F,ORF8:L84S					T4402C,G5062T	0	0	2	2			ORF1a:L1599F	0	0	1	1		internal_b384	T4402C,G5062T		ORF1a:L1599F		internal_b384	T4402C,G5062T		ORF1a:L1599F		N/A	N/A	N/A	N/A	N/A	N/A	N/A	N/A	N/A	N/A			3000	0	good	0	10	0	good	0	24	-6	0	good	2		0	good	0		0		0	0	good		0	0	good	0				
9	MT134008.1 Severe acute respiratory syndrome coronavirus 2 isolate SARS-CoV-2/human/KOR/KCDC07/2020, complete genome	19B	19B		19B	A	A	0	good	6	0	0	0	0	0	4	0	0	0	89343	99	29887	0.9961876734775775	E:1,M:1,N:1,ORF1a:1,ORF1b:1,ORF3a:1,ORF6:1,ORF7a:1,ORF7b:1,ORF8:1,ORF9b:1,S:1	false	C1779T,T4402C,G5062T,C8782T,C15017T,T28144C				ORF1a:S505F,ORF1a:L1599F,ORF1b:A517V,ORF8:L84S					C1779T,T4402C,G5062T,C15017T	0	0	4	4			ORF1a:S505F,ORF1a:L1599F,ORF1b:A517V	0	0	3	3		internal_b384	C1779T,T4402C,G5062T,C15017T		ORF1a:S505F,ORF1a:L1599F,ORF1b:A517V		internal_b384	C1779T,T4402C,G5062T,C15017T		ORF1a:S505F,ORF1a:L1599F,ORF1b:A517V		N/A	N/A	N/A	N/A	N/A	N/A	N/A	N/A	N/A	N/A			3000	0	good	0	10	0	good	0	24	-4	0	good	4		0	good	0		0		0	0	good		0	0	good	0				
7	MT126808.1 Severe acute respiratory syndrome coronavirus 2 isolate SARS-CoV-2/human/BRA/SP02/2020, complete genome	19A	19A		19A	B	B	0	good	4	0	0	0	0	0	2	0	0	0	89612	1	29876	0.9990970805604789	E:1,M:1,N:1,ORF1a:1,ORF1b:1,ORF3a:1,ORF6:1,ORF7a:1,ORF7b:1,ORF8:1,ORF9b:1,S:1	false	G11083T,C14805T,T17247C,G26144T				ORF1a:L3606F,ORF3a:G251V					T17247C	0	0	1	1				0	0	0	0		NODE_0000000	G11083T,C14805T,T17247C,G26144T		ORF1a:L3606F,ORF3a:G251V		NODE_0000000	G11083T,C14805T,T17247C,G26144T		ORF1a:L3606F,ORF3a:G251V		N/A	N/A	N/A	N/A	N/A	N/A	N/A	N/A	N/A	N/A			3000	0	good	0	10	0	good	0	24	-7	0	good	1		0	good	0		0		0	0	good		0	0	good	0				
11	MT134010.1 Severe acute respiratory syndrome coronavirus 2 isolate SARS-CoV-2/human/KOR/KCDC24/2020, complete genome	19B	19B		19B	A	A	0	good	7	0	0	0	0	0	5	0	0	0	89339	99	29887	0.9961876734775775	E:1,M:1,N:1,ORF1a:1,ORF1b:1,ORF3a:1,ORF6:1,ORF7a:1,ORF7b:1,ORF8:1,ORF9b:1,S:1	false	T3086C,C6255T,C8782T,G11083T,G17122A,T28144C,A29871G				ORF1a:F941L,ORF1a:A1997V,ORF1a:L3606F,ORF1b:A1219T,ORF8:L84S				C6255T|25A&25G&25F	T3086C,G11083T,G17122A,A29871G	0	1	4	5			ORF1a:F941L,ORF1a:A1997V,ORF1a:L3606F,ORF1b:A1219T	0	0	4	4		internal_b384	T3086C,C6255T,G11083T,G17122A,A29871G		ORF1a:F941L,ORF1a:A1997V,ORF1a:L3606F,ORF1b:A1219T		internal_b384	T3086C,C6255T,G11083T,G17122A,A29871G		ORF1a:F941L,ORF1a:A1997V,ORF1a:L3606F,ORF1b:A1219T		N/A	N/A	N/A	N/A	N/A	N/A	N/A	N/A	N/A	N/A			3000	0	good	0	10	0	good	0	24	0	0	good	8		0	good	0		0		0	0	good		0	0	good	0				
10	MT134009.1 Severe acute respiratory syndrome coronavirus 2 isolate SARS-CoV-2/human/KOR/KCDC12/2020, complete genome	19A	19A		19A	B	B	0	good	1	0	0	0	0	0	0	0	0	0	89363	99	29887	0.9961876734775775	E:1,M:1,N:1,ORF1a:1,ORF1b:1,ORF3a:1,ORF6:1,ORF7a:1,ORF7b:1,ORF8:1,ORF9b:1,S:1	false	C29870A									C29870A	0	0	1	1				0	0	0	0		NODE_0000000	C29870A				NODE_0000000	C29870A				N/A	N/A	N/A	N/A	N/A	N/A	N/A	N/A	N/A	N/A			3000	0	good	0	10	0	good	0	24	-7	0	good	1		0	good	0		0		0	0	good		0	0	good	0				
0	MT007544.1 Severe acute respiratory syndrome coronavirus 2 isolate SARS-CoV-2/human/AUS/VIC01/2020, complete genome	19A	19A		19A	B	B	0	good	3	10	0	0	0	0	2	0	0	0	89661	1	29903	1	E:1,M:1,N:1,ORF1a:1,ORF1b:1,ORF3a:1,ORF6:1,ORF7a:1,ORF7b:1,ORF8:1,ORF9b:1,S:1	false	T19065C,T22303G,G26144T	29750-29759			ORF3a:G251V,S:S247R					T19065C,T22303G,G26144T	0	0	3	3			ORF3a:G251V,S:S247R	0	0	2	2		NODE_0000000	T19065C,T22303G,G26144T	29750-29759	ORF3a:G251V,S:S247R		NODE_0000000	T19065C,T22303G,G26144T	29750-29759	ORF3a:G251V,S:S247R		N/A	N/A	N/A	N/A	N/A	N/A	N/A	N/A	N/A	N/A			3000	0	good	0	10	0	good	0	24	-4	0	good	4		0	good	0		0		0	0	good		0	0	good	0				
3	MT039890.1 Severe acute respiratory syndrome coronavirus 2 isolate SNU01, complete genome	19A	19A		19A	B	B	0.173611	good	9	0	0	0	0	0	6	0	0	0	89673	1	29903	1	E:1,M:1,N:1,ORF1a:1,ORF1b:1,ORF3a:1,ORF6:1,ORF7a:1,ORF7b:1,ORF8:1,ORF9b:1,S:1	false	G2971T,C6031T,C12115T,T15597C,C20936T,C22224G,G25775T,G26144T,T26354A				E:L37H,ORF1a:M902I,ORF1b:T2490M,ORF3a:W128L,ORF3a:G251V,S:S221W					G2971T,C6031T,C12115T,T15597C,C20936T,C22224G,G25775T,G26144T,T26354A	0	0	9	9			E:L37H,ORF1a:M902I,ORF1b:T2490M,ORF3a:W128L,ORF3a:G251V,S:S221W	0	0	6	6		NODE_0000000	G2971T,C6031T,C12115T,T15597C,C20936T,C22224G,G25775T,G26144T,T26354A		E:L37H,ORF1a:M902I,ORF1b:T2490M,ORF3a:W128L,ORF3a:G251V,S:S221W		NODE_0000000	G2971T,C6031T,C12115T,T15597C,C20936T,C22224G,G25775T,G26144T,T26354A		E:L37H,ORF1a:M902I,ORF1b:T2490M,ORF3a:W128L,ORF3a:G251V,S:S221W		N/A	N/A	N/A	N/A	N/A	N/A	N/A	N/A	N/A	N/A			3000	0	good	0	10	0	good	0	24	1	4.166667	good	9		0	good	0		0		0	0	good		0	0	good	0				
17	MT259228.1 Severe acute respiratory syndrome coronavirus 2 isolate SARS-CoV-2/human/CHN/Wuhan_YB012605/2020, complete genome	19A	19A		19A	B	B	0	good	5	0	0	0	0	0	1	0	0	0	89563	15	29875	0.9985954586496338	E:1,M:1,N:1,ORF1a:1,ORF1b:1,ORF3a:1,ORF6:1,ORF7a:1,ORF7b:1,ORF8:1,ORF9b:1,S:1	false	C20692T,T29845G,T29846A,G29861A,G29868C				ORF1b:P2409S					C20692T,T29845G,T29846A,G29861A,G29868C	0	0	5	5			ORF1b:P2409S	0	0	1	1		NODE_0000000	C20692T,T29845G,T29846A,G29861A,G29868C		ORF1b:P2409S		NODE_0000000	C20692T,T29845G,T29846A,G29861A,G29868C		ORF1b:P2409S		N/A	N/A	N/A	N/A	N/A	N/A	N/A	N/A	N/A	N/A			3000	0	good	0	10	0	good	0	24	-3	0	good	5		0	good	0		0		0	0	good		0	0	good	0				
21	MT291845.1 Severe acute respiratory syndrome coronavirus 2 isolate SARS-CoV-2/human/GEO/MM001597/2020, complete genome	20B	20B		20B	B.1.1	B.1.1	0	good	7	0	0	0	0	0	4	0	0	0	89471	4	29836	0.9976590977493897	E:1,M:1,N:1,ORF1a:1,ORF1b:1,ORF3a:1,ORF6:1,ORF7a:1,ORF7b:1,ORF8:1,ORF9b:1,S:1	false	C241T,C3037T,C14408T,A23403G,G28881A,G28882A,G28883C				N:R203K,N:G204R,ORF1b:P314L,S:D614G						0	0	0	0				0	0	0	0		NODE_0000922					NODE_0000922					N/A	N/A	N/A	N/A	N/A	N/A	N/A	N/A	N/A	N/A			3000	0	good	0	10	0	good	0	24	-8	0	good	0		0	good	0		0		0	0	good		0	0	good	0				
19	MT291843.1 Severe acute respiratory syndrome coronavirus 2 isolate SARS-CoV-2/human/GEO/MM001523/2020, complete genome	19A	19A		19A	B.4	B.4	6.250000	good	8	0	0	0	0	0	4	0	0	0	89467	4	29836	0.9976590977493897	E:1,M:1,N:1,ORF1a:1,ORF1b:1,ORF3a:1,ORF6:1,ORF7a:1,ORF7b:1,ORF8:1,ORF9b:1,S:1	false	G1397A,C14925T,C26029A,C26058T,A27985G,G27987A,T28688C,G29742T				ORF1a:V378I,ORF3a:Q213K,ORF8:Y31C,ORF8:V32I			T11083G	C14925T|25F	C26029A,C26058T,A27985G,G27987A	1	1	4	6	ORF1a:F3606L		ORF3a:Q213K,ORF8:Y31C,ORF8:V32I	1	0	3	4		NODE_0000000	G1397A,C14925T,C26029A,C26058T,A27985G,G27987A,T28688C,G29742T		ORF1a:V378I,ORF3a:Q213K,ORF8:Y31C,ORF8:V32I		B.4	T11083G,C14925T,C26029A,C26058T,A27985G,G27987A		ORF1a:F3606L,ORF3a:Q213K,ORF8:Y31C,ORF8:V32I		N/A	N/A	N/A	N/A	N/A	N/A	N/A	N/A	N/A	N/A			3000	0	good	0	10	0	good	0	24	6	25	good	14		0	good	0		0		0	0	good		0	0	good	0				
22	MT304474.1 Severe acute respiratory syndrome coronavirus 2 isolate SARS-CoV-2/human/South Korea/UN-CDC-03065362-001/2020, complete genome	19A	19A		19A	B	B	0	good	5	0	0	0	0	0	5	0	0	0	89626	1	29882	0.9992977293248169	E:1,M:1,N:1,ORF1a:1,ORF1b:1,ORF3a:1,ORF6:1,ORF7a:1,ORF7b:1,ORF8:1,ORF9b:1,S:1	false	G5572T,G11083T,C14805T,G26144T,C28311T				N:P13L,ORF1a:M1769I,ORF1a:L3606F,ORF3a:G251V,ORF9b:P10S				C28311T|21K&21L&22B&22E&23A&24A&22C&22A&23F&23D&23B&24E&22D&22F&25C&rec&23C&24C&24F&23E&24B&23H&25B&25A&24G&23I&23G&24H&21G&24D&21M&25D&24I&25G&25E&25H&25I&25F	G5572T	0	1	1	2			N:P13L,ORF1a:M1769I,ORF9b:P10S	0	0	3	3		NODE_0000000	G5572T,G11083T,C14805T,G26144T,C28311T		N:P13L,ORF1a:M1769I,ORF1a:L3606F,ORF3a:G251V,ORF9b:P10S		NODE_0000000	G5572T,G11083T,C14805T,G26144T,C28311T		N:P13L,ORF1a:M1769I,ORF1a:L3606F,ORF3a:G251V,ORF9b:P10S		N/A	N/A	N/A	N/A	N/A	N/A	N/A	N/A	N/A	N/A			3000	0	good	0	10	0	good	0	24	-3	0	good	5		0	good	0		0		0	0	good		0	0	good	0				
27	MT327745.1 Severe acute respiratory syndrome coronavirus 2 isolate SARS-CoV-2/human/TUR/ERAGEM-001/2020, complete genome	19A	19A		19A	B.4	B.4	0	good	6	0	0	0	0	0	3	0	0	0	89472	5	29836	0.9976256562886667	E:1,M:1,N:1,ORF1a:1,ORF1b:1,ORF3a:1,ORF6:1,ORF7a:1,ORF7b:1,ORF8:1,ORF9b:1,S:1	false	G1397A,G11083T,G23876A,T28688C,C29563T,G29742T				ORF1a:V378I,ORF1a:L3606F,S:V772I					G23876A,C29563T	0	0	2	2			S:V772I	0	0	1	1		NODE_0000000	G1397A,G11083T,G23876A,T28688C,C29563T,G29742T		ORF1a:V378I,ORF1a:L3606F,S:V772I		B.4	G23876A,C29563T		S:V772I		N/A	N/A	N/A	N/A	N/A	N/A	N/A	N/A	N/A	N/A			3000	0	good	0	10	0	good	0	24	-6	0	good	2		0	good	0		0		0	0	good		0	0	good	0				
26	MT324062.1 Severe acute respiratory syndrome coronavirus 2 isolate SARS-CoV-2/human/ZAF/R03006/2020, complete genome	20A	20A		20A	B.1	B.1	0	good	6	0	0	0	0	0	2	0	0	0	89685	1	29903	1	E:1,M:1,N:1,ORF1a:1,ORF1b:1,ORF3a:1,ORF6:1,ORF7a:1,ORF7b:1,ORF8:1,ORF9b:1,S:1	false	C241T,C3037T,C13620T,C14408T,C21595T,A23403G				ORF1b:P314L,S:D614G				C21595T|25I	C13620T	0	1	1	2				0	0	0	0		NODE_0000764	C13620T,C21595T				NODE_0000764	C13620T,C21595T				N/A	N/A	N/A	N/A	N/A	N/A	N/A	N/A	N/A	N/A			3000	0	good	0	10	0	good	0	24	-3	0	good	5		0	good	0		0		0	0	good		0	0	good	0				
13	MT192773.1 Severe acute respiratory syndrome coronavirus 2 isolate SARS-CoV-2/human/VNM/nCoV-19-02S/2020, complete genome	19A	19A		19A	B	B	0	good	2	1	0	0	0	0	1	0	0	0	89656	1	29891	0.999598702471324	E:1,M:1,N:1,ORF1a:1,ORF1b:1,ORF3a:1,ORF6:1,ORF7a:1,ORF7b:1,ORF8:1,ORF9b:1,S:1	false	C28T,C10232T	26			ORF1a:R3323C					C28T,C10232T	0	0	2	2			ORF1a:R3323C	0	0	1	1		NODE_0000000	C28T,C10232T	26	ORF1a:R3323C		NODE_0000000	C28T,C10232T	26	ORF1a:R3323C		N/A	N/A	N/A	N/A	N/A	N/A	N/A	N/A	N/A	N/A			3000	0	good	0	10	0	good	0	24	-5	0	good	3		0	good	0		0		0	0	good		0	0	good	0				
12	MT192772.1 Severe acute respiratory syndrome coronavirus 2 isolate SARS-CoV-2/human/VNM/nCoV-19-01S/2020, complete genome	19A	19A		19A	B	B	0	good	1	0	0	0	0	0	1	0	0	0	89669	1	29891	0.999598702471324	E:1,M:1,N:1,ORF1a:1,ORF1b:1,ORF3a:1,ORF6:1,ORF7a:1,ORF7b:1,ORF8:1,ORF9b:1,S:1	false	C10232T				ORF1a:R3323C					C10232T	0	0	1	1			ORF1a:R3323C	0	0	1	1		NODE_0000000	C10232T		ORF1a:R3323C		NODE_0000000	C10232T		ORF1a:R3323C		N/A	N/A	N/A	N/A	N/A	N/A	N/A	N/A	N/A	N/A			3000	0	good	0	10	0	good	0	24	-7	0	good	1		0	good	0		0		0	0	good		0	0	good	0				
23	MT304475.1 Severe acute respiratory syndrome coronavirus 2 isolate SARS-CoV-2/human/South Korea/UN-CDC-03066201-001/2020, complete genome	19A	19A		19A	B	B	0	good	5	0	0	0	0	0	5	0	0	0	89626	1	29882	0.9992977293248169	E:1,M:1,N:1,ORF1a:1,ORF1b:1,ORF3a:1,ORF6:1,ORF7a:1,ORF7b:1,ORF8:1,ORF9b:1,S:1	false	G5572T,G11083T,C14805T,G26144T,C28311T				N:P13L,ORF1a:M1769I,ORF1a:L3606F,ORF3a:G251V,ORF9b:P10S				C28311T|21K&21L&22B&22E&23A&24A&22C&22A&23F&23D&23B&24E&22D&22F&25C&rec&23C&24C&24F&23E&24B&23H&25B&25A&24G&23I&23G&24H&21G&24D&21M&25D&24I&25G&25E&25H&25I&25F	G5572T	0	1	1	2			N:P13L,ORF1a:M1769I,ORF9b:P10S	0	0	3	3		NODE_0000000	G5572T,G11083T,C14805T,G26144T,C28311T		N:P13L,ORF1a:M1769I,ORF1a:L3606F,ORF3a:G251V,ORF9b:P10S		NODE_0000000	G5572T,G11083T,C14805T,G26144T,C28311T		N:P13L,ORF1a:M1769I,ORF1a:L3606F,ORF3a:G251V,ORF9b:P10S		N/A	N/A	N/A	N/A	N/A	N/A	N/A	N/A	N/A	N/A			3000	0	good	0	10	0	good	0	24	-3	0	good	5		0	good	0		0		0	0	good		0	0	good	0				
14	MT020781.2 Severe acute respiratory syndrome coronavirus 2 isolate nCoV-FIN-29-Jan-2020, complete genome	19A	19A		19A	B	B	0	good	2	0	0	0	0	0	1	0	0	0	89410	1	29806	0.9967561783098686	E:1,M:1,N:1,ORF1a:1,ORF1b:1,ORF3a:1,ORF6:1,ORF7a:1,ORF7b:1,ORF8:1,ORF9b:1,S:1	false	A1C,C21707T				S:H49Y					A1C,C21707T	0	0	2	2			S:H49Y	0	0	1	1		NODE_0000000	A1C,C21707T		S:H49Y		NODE_0000000	A1C,C21707T		S:H49Y		N/A	N/A	N/A	N/A	N/A	N/A	N/A	N/A	N/A	N/A			3000	0	good	0	10	0	good	0	24	-6	0	good	2		0	good	0		0		0	0	good		0	0	good	0				
25	MT256924.2 Severe acute respiratory syndrome coronavirus 2 isolate SARS-CoV-2/human/COL/79256_Antioquia/2020, complete genome	19B	19B		19B	A.5	A.5	0	good	5	0	0	0	2	0	2	0	0	1	89324	55	29836	0.9958867003310704	E:1,M:1,N:1,ORF1a:0.9997727789138832,ORF1b:1,ORF3a:1,ORF6:1,ORF7a:1,ORF7b:1,ORF8:1,ORF9b:1,S:1	false	C8782T,C17470T,C26088T,T28144C,G28985T				N:G238C,ORF8:L84S					C17470T,G28985T	0	0	2	2			N:G238C	0	0	1	1	5297-5298	internal_b384	C17470T,C26088T,G28985T		N:G238C		A.5	C17470T,G28985T		N:G238C		N/A	N/A	N/A	N/A	N/A	N/A	N/A	N/A	N/A	N/A	ORF1a:1678		3000	0	good	2	10	0	good	0	24	-6	0	good	2		0	good	0		0		0	0	good		0	0	good	0				
15	MT240479.1 Severe acute respiratory syndrome coronavirus 2 isolate SARS-CoV-2/human/PAK/Gilgit1/2020, complete genome	19A	19A		19A	B	B	0	good	6	0	0	0	0	0	4	0	0	0	89484	37	29872	0.9977594221315587	E:1,M:1,N:1,ORF1a:1,ORF1b:1,ORF3a:1,ORF6:1,ORF7a:1,ORF7b:1,ORF8:1,ORF9b:1,S:1	false	C241T,C884T,C1348T,G1397A,C9159T,G11083T				ORF1a:R207C,ORF1a:V378I,ORF1a:P2965L,ORF1a:L3606F				C241T|21J&21K&21L&22B&20I&22E&23A&20A&21I&20B&24A&22C&20E&23F&22A&20G&20C&23D&20J&24E&21A&23B&22D&22F&25C&rec&21C&24C&23C&24F&23E&21F&20H&24B&23H&25A&25B&24G&23I&21H&23G&20D&20F&24H&21G&21D&21B&24D&21M&25D&25G&24I&25E&25H&25I&25F&21E	C884T,C1348T,G1397A,C9159T	0	1	4	5			ORF1a:R207C,ORF1a:V378I,ORF1a:P2965L	0	0	3	3		NODE_0000000	C241T,C884T,C1348T,G1397A,C9159T,G11083T		ORF1a:R207C,ORF1a:V378I,ORF1a:P2965L,ORF1a:L3606F		NODE_0000000	C241T,C884T,C1348T,G1397A,C9159T,G11083T		ORF1a:R207C,ORF1a:V378I,ORF1a:P2965L,ORF1a:L3606F		N/A	N/A	N/A	N/A	N/A	N/A	N/A	N/A	N/A	N/A			3000	0	good	0	10	0	good	0	24	0	0	good	8		0	good	0		0		0	0	good		0	0	good	0				
24	MT304476.1 Severe acute respiratory syndrome coronavirus 2 isolate SARS-CoV-2/human/South Korea/UN-CDC-03066200-001/2020, complete genome	19A	19A		19A	B	B	0	good	5	0	0	0	0	0	5	0	0	0	89626	1	29882	0.9992977293248169	E:1,M:1,N:1,ORF1a:1,ORF1b:1,ORF3a:1,ORF6:1,ORF7a:1,ORF7b:1,ORF8:1,ORF9b:1,S:1	false	G5572T,G11083T,C14805T,G26144T,C28311T				N:P13L,ORF1a:M1769I,ORF1a:L3606F,ORF3a:G251V,ORF9b:P10S				C28311T|21K&21L&22B&22E&23A&24A&22C&22A&23F&23D&23B&24E&22D&22F&25C&rec&23C&24C&24F&23E&24B&23H&25B&25A&24G&23I&23G&24H&21G&24D&21M&25D&24I&25G&25E&25H&25I&25F	G5572T	0	1	1	2			N:P13L,ORF1a:M1769I,ORF9b:P10S	0	0	3	3		NODE_0000000	G5572T,G11083T,C14805T,G26144T,C28311T		N:P13L,ORF1a:M1769I,ORF1a:L3606F,ORF3a:G251V,ORF9b:P10S		NODE_0000000	G5572T,G11083T,C14805T,G26144T,C28311T		N:P13L,ORF1a:M1769I,ORF1a:L3606F,ORF3a:G251V,ORF9b:P10S		N/A	N/A	N/A	N/A	N/A	N/A	N/A	N/A	N/A	N/A			3000	0	good	0	10	0	good	0	24	-3	0	good	5		0	good	0		0		0	0	good		0	0	good	0				
29	MT320891.2 Severe acute respiratory syndrome coronavirus 2 isolate SARS-CoV-2/human/IRN/HGRC-1.1-IPI-8206/2020, complete genome	19A	19A		19A	B.4	B.4	0	good	5	0	0	0	0	0	3	0	0	0	89446	45	29866	0.9972912416814367	E:1,M:1,N:1,ORF1a:1,ORF1b:1,ORF3a:1,ORF6:1,ORF7a:1,ORF7b:1,ORF8:1,ORF9b:1,S:1	false	G1397A,G11083T,C18377T,G29374A,G29742T				ORF1a:V378I,ORF1a:L3606F,ORF1b:T1637I			C28688T		C18377T,G29374A	1	0	2	3			ORF1b:T1637I	0	0	1	1		NODE_0000000	G1397A,G11083T,C18377T,G29374A,G29742T		ORF1a:V378I,ORF1a:L3606F,ORF1b:T1637I		B.4	C18377T,C28688T,G29374A		ORF1b:T1637I		N/A	N/A	N/A	N/A	N/A	N/A	N/A	N/A	N/A	N/A			3000	0	good	0	10	0	good	0	24	0	0	good	8		0	good	0		0		0	0	good		0	0	good	0				
31	MT358642.1 Severe acute respiratory syndrome coronavirus 2 isolate SARS-CoV-2/human/DEU/FFM6/2020, complete genome	20B	20B		20B	B.1.1	B.1.1	1	good	8	0	0	0	0	1	5	0	0	0	89677	1	29903	0.999966558539277	E:1,M:1,N:1,ORF1a:1,ORF1b:1,ORF3a:1,ORF6:1,ORF7a:1,ORF7b:1,ORF8:1,ORF9b:1,S:1	false	C241T,C3037T,A6228G,C14408T,A23403G,G28881A,G28882A,G28883C				N:R203K,N:G204R,ORF1a:K1988R,ORF1b:P314L,S:D614G					A6228G	0	0	1	1			ORF1a:K1988R	0	0	1	1		NODE_0000922	A6228G		ORF1a:K1988R		NODE_0000922	A6228G		ORF1a:K1988R		N/A	N/A	N/A	N/A	N/A	N/A	N/A	N/A	N/A	N/A		M:29870	3000	0	good	0	10	10	good	1	24	-7	0	good	1		0	good	0		0		0	0	good		0	0	good	0				
20	MT291844.1 Severe acute respiratory syndrome coronavirus 2 isolate SARS-CoV-2/human/GEO/MM001352/2020, complete genome	20C	20C		20C	B.1	B.1	0	good	7	0	0	0	0	0	4	0	0	0	89471	4	29836	0.9976590977493897	E:1,M:1,N:1,ORF1a:1,ORF1b:1,ORF3a:1,ORF6:1,ORF7a:1,ORF7b:1,ORF8:1,ORF9b:1,S:1	false	C241T,C1059T,C3037T,C14408T,G17679T,A23403G,G25563T				ORF1a:T265I,ORF1b:P314L,ORF3a:Q57H,S:D614G					G17679T	0	0	1	1				0	0	0	0		NODE_0000826	G17679T				NODE_0000764	C1059T,G17679T,G25563T		ORF1a:T265I,ORF3a:Q57H		N/A	N/A	N/A	N/A	N/A	N/A	N/A	N/A	N/A	N/A			3000	0	good	0	10	0	good	0	24	-7	0	good	1		0	good	0		0		0	0	good		0	0	good	0				
36	MT371049.1 Severe acute respiratory syndrome coronavirus 2 isolate SARS-CoV-2/human/LKA/COV91/2020, complete genome	20A	20A		20A	B.1	B.1	0	good	6	0	0	0	0	0	4	0	0	0	89685	1	29903	1	E:1,M:1,N:1,ORF1a:1,ORF1b:1,ORF3a:1,ORF6:1,ORF7a:1,ORF7b:1,ORF8:1,ORF9b:1,S:1	false	C241T,C3037T,G4201T,C14408T,A23403G,C26527T				M:A2V,ORF1a:M1312I,ORF1b:P314L,S:D614G					G4201T,C26527T	0	0	2	2			M:A2V,ORF1a:M1312I	0	0	2	2		NODE_0000764	G4201T,C26527T		M:A2V,ORF1a:M1312I		NODE_0000764	G4201T,C26527T		M:A2V,ORF1a:M1312I		N/A	N/A	N/A	N/A	N/A	N/A	N/A	N/A	N/A	N/A			3000	0	good	0	10	0	good	0	24	-6	0	good	2		0	good	0		0		0	0	good		0	0	good	0				
40	MT371571.1 Severe acute respiratory syndrome coronavirus 2 isolate SARS-CoV-2/human/CZE/CzechiaMotol_1968/2020, complete genome	20B	20B		20B	B.1.1	B.1.1	0	good	7	0	0	0	0	0	4	0	0	0	89240	109	29864	0.9950841052737184	E:1,M:1,N:1,ORF1a:1,ORF1b:1,ORF3a:1,ORF6:1,ORF7a:1,ORF7b:1,ORF8:1,ORF9b:1,S:1	false	C241T,C3037T,C14408T,A23403G,G28881A,G28882A,G28883C				N:R203K,N:G204R,ORF1b:P314L,S:D614G						0	0	0	0				0	0	0	0		NODE_0000922					NODE_0000922					N/A	N/A	N/A	N/A	N/A	N/A	N/A	N/A	N/A	N/A			3000	0	good	0	10	0	good	0	24	-8	0	good	0		0	good	0		0		0	0	good		0	0	good	0				
37	MT371050.1 Severe acute respiratory syndrome coronavirus 2 isolate SARS-CoV-2/human/LKA/COV486/2020, complete genome	19A	19A		19A	B	B	0	good	4	0	0	0	0	0	1	0	0	0	89693	1	29903	1	E:1,M:1,N:1,ORF1a:1,ORF1b:1,ORF3a:1,ORF6:1,ORF7a:1,ORF7b:1,ORF8:1,ORF9b:1,S:1	false	C1762T,C14805T,T17247C,G26144T				ORF3a:G251V			T11083G		C1762T,T17247C	1	0	2	3	ORF1a:F3606L			1	0	0	1		NODE_0000000	C1762T,C14805T,T17247C,G26144T		ORF3a:G251V		NODE_0000000	C1762T,C14805T,T17247C,G26144T		ORF3a:G251V		N/A	N/A	N/A	N/A	N/A	N/A	N/A	N/A	N/A	N/A			3000	0	good	0	10	0	good	0	24	0	0	good	8		0	good	0		0		0	0	good		0	0	good	0				
41	MT371572.1 Severe acute respiratory syndrome coronavirus 2 isolate SARS-CoV-2/human/CZE/CzechiaMotol_2174/2020, complete genome	20B	20B		20B	B.1.1	B.1.1	0	good	9	0	0	0	0	0	4	0	0	0	89232	109	29864	0.9950841052737184	E:1,M:1,N:1,ORF1a:1,ORF1b:1,ORF3a:1,ORF6:1,ORF7a:1,ORF7b:1,ORF8:1,ORF9b:1,S:1	false	C241T,C3037T,C14408T,A21643C,C22432T,A23403G,G28881A,G28882A,G28883C				N:R203K,N:G204R,ORF1b:P314L,S:D614G					A21643C,C22432T	0	0	2	2				0	0	0	0		NODE_0000922	A21643C,C22432T				NODE_0000922	A21643C,C22432T				N/A	N/A	N/A	N/A	N/A	N/A	N/A	N/A	N/A	N/A			3000	0	good	0	10	0	good	0	24	-6	0	good	2		0	good	0		0		0	0	good		0	0	good	0				
18	MT262993.1 Severe acute respiratory syndrome coronavirus 2 isolate SARS-Cov-2/human/PAK/Manga1/2020, complete genome	19A	19A		19A	B	B	0	good	0	36	0	0	0	0	0	12	0	0	89494	1	29872	0.9989633147175868	E:1,M:1,N:1,ORF1a:1,ORF1b:1,ORF3a:1,ORF6:1,ORF7a:1,ORF7b:1,ORF8:1,ORF9b:1,S:1	false		9722-9736,19516-19536				ORF1a:F3153-,ORF1a:Y3154-,ORF1a:W3155-,ORF1a:F3156-,ORF1a:F3157-,ORF1b:L2017-,ORF1b:Y2018-,ORF1b:L2019-,ORF1b:D2020-,ORF1b:A2021-,ORF1b:Y2022-,ORF1b:N2023-					0	0	0	0				0	0	0	0		NODE_0000000		9722-9736,19516-19536		ORF1a:F3153-,ORF1a:Y3154-,ORF1a:W3155-,ORF1a:F3156-,ORF1a:F3157-,ORF1b:L2017-,ORF1b:Y2018-,ORF1b:L2019-,ORF1b:D2020-,ORF1b:A2021-,ORF1b:Y2022-,ORF1b:N2023-	NODE_0000000		9722-9736,19516-19536		ORF1a:F3153-,ORF1a:Y3154-,ORF1a:W3155-,ORF1a:F3156-,ORF1a:F3157-,ORF1b:L2017-,ORF1b:Y2018-,ORF1b:L2019-,ORF1b:D2020-,ORF1b:A2021-,ORF1b:Y2022-,ORF1b:N2023-	N/A	N/A	N/A	N/A	N/A	N/A	N/A	N/A	N/A	N/A			3000	0	good	0	10	0	good	0	24	-6	0	good	2		0	good	0		0		0	0	good		0	0	good	0				
28	MT328032.1 Severe acute respiratory syndrome coronavirus 2 isolate SARS-CoV-2/human/GRC/10/2020, complete genome	20B	20B		20B	B.1.1	B.1.1	0	good	9	0	0	0	0	0	5	0	0	0	89673	1	29903	1	E:1,M:1,N:1,ORF1a:1,ORF1b:1,ORF3a:1,ORF6:1,ORF7a:1,ORF7b:1,ORF8:1,ORF9b:1,S:1	false	C241T,C3037T,C14408T,C14786T,T18126C,A23403G,G28881A,G28882A,G28883C				N:R203K,N:G204R,ORF1b:P314L,ORF1b:A440V,S:D614G					C14786T,T18126C	0	0	2	2			ORF1b:A440V	0	0	1	1		NODE_0000922	C14786T,T18126C		ORF1b:A440V		NODE_0000922	C14786T,T18126C		ORF1b:A440V		N/A	N/A	N/A	N/A	N/A	N/A	N/A	N/A	N/A	N/A			3000	0	good	0	10	0	good	0	24	-6	0	good	2		0	good	0		0		0	0	good		0	0	good	0				
38	MT371569.1 Severe acute respiratory syndrome coronavirus 2 isolate SARS-CoV-2/human/CZE/CzechiaMotol_2122/2020, complete genome	20B	20B		20B	B.1.1	B.1.1	0	good	10	0	0	0	39	0	5	0	0	14	89315	75	29872	0.9951844296558874	E:1,M:1,N:1,ORF1a:1,ORF1b:1,ORF3a:1,ORF6:1,ORF7a:1,ORF7b:1,ORF8:1,ORF9b:1,S:0.989010989010989	false	C75T,C241T,C3037T,C14408T,C22432T,A23403G,G25249T,G28881A,G28882A,G28883C				N:R203K,N:G204R,ORF1b:P314L,S:D614G,S:M1229I					C75T,C22432T,G25249T	0	0	3	3			S:M1229I	0	0	1	1	21868-21906	NODE_0000922	C75T,C22432T,G25249T		S:M1229I		NODE_0000922	C75T,C22432T,G25249T		S:M1229I		N/A	N/A	N/A	N/A	N/A	N/A	N/A	N/A	N/A	N/A	S:102-115		3000	0	good	39	10	0	good	0	24	-5	0	good	3		0	good	0		0		0	0	good		0	0	good	0				
39	MT371570.1 Severe acute respiratory syndrome coronavirus 2 isolate SARS-CoV-2/human/CZE/CzechiaMotol_2448/2020, complete genome	20B	20B		20B	B.1.1	B.1.1	0	good	8	0	0	0	0	0	4	0	0	0	89236	109	29864	0.9950841052737184	E:1,M:1,N:1,ORF1a:1,ORF1b:1,ORF3a:1,ORF6:1,ORF7a:1,ORF7b:1,ORF8:1,ORF9b:1,S:1	false	C241T,C3037T,C14408T,A21643C,A23403G,G28881A,G28882A,G28883C				N:R203K,N:G204R,ORF1b:P314L,S:D614G					A21643C	0	0	1	1				0	0	0	0		NODE_0000922	A21643C				NODE_0000922	A21643C				N/A	N/A	N/A	N/A	N/A	N/A	N/A	N/A	N/A	N/A			3000	0	good	0	10	0	good	0	24	-7	0	good	1		0	good	0		0		0	0	good		0	0	good	0				
33	MT370518.1 Severe acute respiratory syndrome coronavirus 2 isolate SARS-CoV-2/human/TWN/CGMH-CGU-05/2020, complete genome	19A	19A		19A	B.4	B.4	0	good	7	0	0	0	0	0	4	0	0	0	89681	1	29903	1	E:1,M:1,N:1,ORF1a:1,ORF1b:1,ORF3a:1,ORF6:1,ORF7a:1,ORF7b:1,ORF8:1,ORF9b:1,S:1	false	C1059T,G1397A,G11083T,C23934T,T28648C,T28688C,G29742T				ORF1a:T265I,ORF1a:V378I,ORF1a:L3606F,S:T791I				C1059T|20G&20C&21C&21F&20H	C23934T,T28648C	0	1	2	3			ORF1a:T265I,S:T791I	0	0	2	2		NODE_0000000	C1059T,G1397A,G11083T,C23934T,T28648C,T28688C,G29742T		ORF1a:T265I,ORF1a:V378I,ORF1a:L3606F,S:T791I		B.4	C1059T,C23934T,T28648C		ORF1a:T265I,S:T791I		N/A	N/A	N/A	N/A	N/A	N/A	N/A	N/A	N/A	N/A			3000	0	good	0	10	0	good	0	24	-2	0	good	6		0	good	0		0		0	0	good		0	0	good	0				
34	MT371047.1 Severe acute respiratory syndrome coronavirus 2 isolate SARS-CoV-2/human/LKA/COV38/2020, complete genome	19A	19A		19A	B.4	B.4	0.173611	good	10	0	0	0	0	0	6	0	0	0	89669	1	29903	1	E:1,M:1,N:1,ORF1a:1,ORF1b:1,ORF3a:1,ORF6:1,ORF7a:1,ORF7b:1,ORF8:1,ORF9b:1,S:1	false	C37A,G1397A,C5986T,G11083T,G18984C,C20483T,T26181G,T28688C,G29465T,G29742T				N:A398S,ORF1a:V378I,ORF1a:L3606F,ORF1b:M1839I,ORF1b:S2339F,ORF3a:I263M				C5986T|20I	C37A,G18984C,C20483T,T26181G,G29465T	0	1	5	6			N:A398S,ORF1b:M1839I,ORF1b:S2339F,ORF3a:I263M	0	0	4	4		NODE_0000000	C37A,G1397A,C5986T,G11083T,G18984C,C20483T,T26181G,T28688C,G29465T,G29742T		N:A398S,ORF1a:V378I,ORF1a:L3606F,ORF1b:M1839I,ORF1b:S2339F,ORF3a:I263M		B.4	C37A,C5986T,G18984C,C20483T,T26181G,G29465T		N:A398S,ORF1b:M1839I,ORF1b:S2339F,ORF3a:I263M		N/A	N/A	N/A	N/A	N/A	N/A	N/A	N/A	N/A	N/A			3000	0	good	0	10	0	good	0	24	1	4.166667	good	9		0	good	0		0		0	0	good		0	0	good	0				
42	MT371573.1 Severe acute respiratory syndrome coronavirus 2 isolate SARS-CoV-2/human/CZE/CzechiaMotol_1899/2020, complete genome	20B	20B		20B	B.1.1	B.1.1	0	good	7	0	0	0	0	0	4	0	0	0	89240	109	29864	0.9950841052737184	E:1,M:1,N:1,ORF1a:1,ORF1b:1,ORF3a:1,ORF6:1,ORF7a:1,ORF7b:1,ORF8:1,ORF9b:1,S:1	false	C241T,C3037T,C14408T,A23403G,G28881A,G28882A,G28883C				N:R203K,N:G204R,ORF1b:P314L,S:D614G						0	0	0	0				0	0	0	0		NODE_0000922					NODE_0000922					N/A	N/A	N/A	N/A	N/A	N/A	N/A	N/A	N/A	N/A			3000	0	good	0	10	0	good	0	24	-8	0	good	0		0	good	0		0		0	0	good		0	0	good	0				
30	MT350282.1 Severe acute respiratory syndrome coronavirus 2 isolate SARS-CoV-2/human/BRA/SP02cc/2020, complete genome	19A	19A		19A	B	B	0	good	6	0	0	0	0	0	4	0	0	0	89685	1	29903	1	E:1,M:1,N:1,ORF1a:1,ORF1b:1,ORF3a:1,ORF6:1,ORF7a:1,ORF7b:1,ORF8:1,ORF9b:1,S:1	false	C2388T,G11083T,C14805T,T17247C,T21784A,G26144T				ORF1a:T708I,ORF1a:L3606F,ORF3a:G251V,S:N74K					C2388T,T17247C,T21784A	0	0	3	3			ORF1a:T708I,S:N74K	0	0	2	2		NODE_0000000	C2388T,G11083T,C14805T,T17247C,T21784A,G26144T		ORF1a:T708I,ORF1a:L3606F,ORF3a:G251V,S:N74K		NODE_0000000	C2388T,G11083T,C14805T,T17247C,T21784A,G26144T		ORF1a:T708I,ORF1a:L3606F,ORF3a:G251V,S:N74K		N/A	N/A	N/A	N/A	N/A	N/A	N/A	N/A	N/A	N/A			3000	0	good	0	10	0	good	0	24	-5	0	good	3		0	good	0		0		0	0	good		0	0	good	0				
43	MT371574.1 Severe acute respiratory syndrome coronavirus 2 isolate SARS-CoV-2/human/CZE/CzechiaMotol_1967/2020, complete genome	20B	20B		20B	B.1.1	B.1.1	0	good	7	0	0	0	0	0	4	0	0	0	89240	109	29864	0.9950841052737184	E:1,M:1,N:1,ORF1a:1,ORF1b:1,ORF3a:1,ORF6:1,ORF7a:1,ORF7b:1,ORF8:1,ORF9b:1,S:1	false	C241T,C3037T,C14408T,A23403G,G28881A,G28882A,G28883C				N:R203K,N:G204R,ORF1b:P314L,S:D614G						0	0	0	0				0	0	0	0		NODE_0000922					NODE_0000922					N/A	N/A	N/A	N/A	N/A	N/A	N/A	N/A	N/A	N/A			3000	0	good	0	10	0	good	0	24	-8	0	good	0		0	good	0		0		0	0	good		0	0	good	0				
45	MT372481.1 Severe acute respiratory syndrome coronavirus 2 isolate SARS-CoV-2/human/MYS/189332/2020, complete genome	19A	19A		19A	B.6.6	B.6.6	1	good	15	0	0	0	0	1	7	0	0	0	89634	6	29903	0.999799351235662	E:1,M:1,N:1,ORF1a:1,ORF1b:1,ORF3a:1,ORF6:1,ORF7a:1,ORF7b:1,ORF8:1,ORF9b:1,S:1	false	T2737A,C6310A,C6312A,G11083T,C13730T,G13975A,C19524T,C23929T,C28311T,G29861A,G29862A,G29864A,T29867A,G29868A,C29870A				N:P13L,ORF1a:S2015R,ORF1a:T2016K,ORF1a:L3606F,ORF1b:A88V,ORF1b:G170S,ORF9b:P10S					T2737A,G13975A,G29861A,G29862A,G29864A,T29867A,G29868A,C29870A	0	0	8	8			ORF1b:G170S	0	0	1	1		NODE_0000000	T2737A,C6310A,C6312A,G11083T,C13730T,G13975A,C19524T,C23929T,C28311T,G29861A,G29862A,G29864A,T29867A,G29868A,C29870A		N:P13L,ORF1a:S2015R,ORF1a:T2016K,ORF1a:L3606F,ORF1b:A88V,ORF1b:G170S,ORF9b:P10S		B.6.6	T2737A,G13975A,G29861A,G29862A,G29864A,T29867A,G29868A,C29870A		ORF1b:G170S		N/A	N/A	N/A	N/A	N/A	N/A	N/A	N/A	N/A	N/A		W:29859	3000	0	good	0	10	10	good	1	24	0	0	good	8		0	good	0		0		0	0	good		0	0	good	0				
48	MT374103.1 Severe acute respiratory syndrome coronavirus 2 isolate SARS-CoV-2/human/TWN/CGMH-CGU-07/2020, complete genome	19A	19A		19A	B.4	B.4	0	good	8	0	0	0	0	0	5	0	0	0	89626	12	29897	0.9994314951677089	E:1,M:1,N:1,ORF1a:1,ORF1b:1,ORF3a:1,ORF6:1,ORF7a:1,ORF7b:1,ORF8:1,ORF9b:1,S:1	false	C1059T,G1397A,G11083T,C19547T,C23934T,T28648C,T28688C,G29742T				ORF1a:T265I,ORF1a:V378I,ORF1a:L3606F,ORF1b:S2027L,S:T791I				C1059T|20G&20C&21C&21F&20H	C19547T,C23934T,T28648C	0	1	3	4			ORF1a:T265I,ORF1b:S2027L,S:T791I	0	0	3	3		NODE_0000000	C1059T,G1397A,G11083T,C19547T,C23934T,T28648C,T28688C,G29742T		ORF1a:T265I,ORF1a:V378I,ORF1a:L3606F,ORF1b:S2027L,S:T791I		B.4	C1059T,C19547T,C23934T,T28648C		ORF1a:T265I,ORF1b:S2027L,S:T791I		N/A	N/A	N/A	N/A	N/A	N/A	N/A	N/A	N/A	N/A			3000	0	good	0	10	0	good	0	24	-1	0	good	7		0	good	0		0		0	0	good		0	0	good	0				
50	MT374105.1 Severe acute respiratory syndrome coronavirus 2 isolate SARS-CoV-2/human/TWN/CGMH-CGU-09/2020, complete genome	19A	19A		19A	B	B	0	good	4	0	0	0	0	0	2	0	0	0	89684	3	29902	0.999899675617831	E:1,M:1,N:1,ORF1a:1,ORF1b:1,ORF3a:1,ORF6:1,ORF7a:1,ORF7b:1,ORF8:1,ORF9b:1,S:1	false	G11083T,C14805T,T17247C,G26144T				ORF1a:L3606F,ORF3a:G251V					T17247C	0	0	1	1				0	0	0	0		NODE_0000000	G11083T,C14805T,T17247C,G26144T		ORF1a:L3606F,ORF3a:G251V		NODE_0000000	G11083T,C14805T,T17247C,G26144T		ORF1a:L3606F,ORF3a:G251V		N/A	N/A	N/A	N/A	N/A	N/A	N/A	N/A	N/A	N/A			3000	0	good	0	10	0	good	0	24	-7	0	good	1		0	good	0		0		0	0	good		0	0	good	0				
49	MT374104.1 Severe acute respiratory syndrome coronavirus 2 isolate SARS-CoV-2/human/TWN/CGMH-CGU-08/2020, complete genome	19A	19A		19A	B.4	B.4	0	good	7	0	0	0	0	0	4	0	0	0	89681	1	29903	1	E:1,M:1,N:1,ORF1a:1,ORF1b:1,ORF3a:1,ORF6:1,ORF7a:1,ORF7b:1,ORF8:1,ORF9b:1,S:1	false	C1059T,G1397A,G11083T,C23934T,T28648C,T28688C,G29742T				ORF1a:T265I,ORF1a:V378I,ORF1a:L3606F,S:T791I				C1059T|20G&20C&21C&21F&20H	C23934T,T28648C	0	1	2	3			ORF1a:T265I,S:T791I	0	0	2	2		NODE_0000000	C1059T,G1397A,G11083T,C23934T,T28648C,T28688C,G29742T		ORF1a:T265I,ORF1a:V378I,ORF1a:L3606F,S:T791I		B.4	C1059T,C23934T,T28648C		ORF1a:T265I,S:T791I		N/A	N/A	N/A	N/A	N/A	N/A	N/A	N/A	N/A	N/A			3000	0	good	0	10	0	good	0	24	-2	0	good	6		0	good	0		0		0	0	good		0	0	good	0				
35	MT371048.1 Severe acute respiratory syndrome coronavirus 2 isolate SARS-CoV-2/human/LKA/COV53/2020, complete genome	20B	20B		20B	B.1.1	B.1.1	0	good	7	0	0	0	0	0	4	0	0	0	89681	1	29903	1	E:1,M:1,N:1,ORF1a:1,ORF1b:1,ORF3a:1,ORF6:1,ORF7a:1,ORF7b:1,ORF8:1,ORF9b:1,S:1	false	C241T,C3037T,C14408T,A23403G,G28881A,G28882A,G28883C				N:R203K,N:G204R,ORF1b:P314L,S:D614G						0	0	0	0				0	0	0	0		NODE_0000922					NODE_0000922					N/A	N/A	N/A	N/A	N/A	N/A	N/A	N/A	N/A	N/A			3000	0	good	0	10	0	good	0	24	-8	0	good	0		0	good	0		0		0	0	good		0	0	good	0				
53	MT374109.1 Severe acute respiratory syndrome coronavirus 2 isolate SARS-CoV-2/human/TWN/CGMH-CGU-13/2020, complete genome	20B	20B		20B	B.1.1	B.1.1	0	good	9	0	0	0	0	0	5	0	0	0	89658	4	29901	0.999832792696385	E:1,M:1,N:1,ORF1a:1,ORF1b:1,ORF3a:1,ORF6:1,ORF7a:1,ORF7b:1,ORF8:1,ORF9b:1,S:1	false	C241T,C3037T,C6026T,C14408T,G22051T,A23403G,G28881A,G28882A,G28883C				N:R203K,N:G204R,ORF1a:P1921S,ORF1b:P314L,S:D614G					C6026T,G22051T	0	0	2	2			ORF1a:P1921S	0	0	1	1		NODE_0000922	C6026T,G22051T		ORF1a:P1921S		NODE_0000922	C6026T,G22051T		ORF1a:P1921S		N/A	N/A	N/A	N/A	N/A	N/A	N/A	N/A	N/A	N/A			3000	0	good	0	10	0	good	0	24	-6	0	good	2		0	good	0		0		0	0	good		0	0	good	0				
52	MT374107.1 Severe acute respiratory syndrome coronavirus 2 isolate SARS-CoV-2/human/TWN/CGMH-CGU-11/2020, complete genome	19A	19A		19A	B.4	B.4	0	good	11	0	0	0	0	0	4	0	0	0	89662	2	29903	0.999966558539277	E:1,M:1,N:1,ORF1a:1,ORF1b:1,ORF3a:1,ORF6:1,ORF7a:1,ORF7b:1,ORF8:1,ORF9b:1,S:1	false	C228T,G1397A,G9479T,A9514G,G11083T,A19818G,G26720C,G28202T,T28688C,T28835C,G29742T				N:S188P,ORF1a:V378I,ORF1a:G3072C,ORF1a:L3606F					C228T,G9479T,A9514G,A19818G,G26720C,G28202T,T28835C	0	0	7	7			N:S188P,ORF1a:G3072C	0	0	2	2		NODE_0000000	C228T,G1397A,G9479T,A9514G,G11083T,A19818G,G26720C,G28202T,T28688C,T28835C,G29742T		N:S188P,ORF1a:V378I,ORF1a:G3072C,ORF1a:L3606F		B.4	C228T,G9479T,A9514G,A19818G,G26720C,G28202T,T28835C		N:S188P,ORF1a:G3072C		N/A	N/A	N/A	N/A	N/A	N/A	N/A	N/A	N/A	N/A			3000	0	good	0	10	0	good	0	24	-1	0	good	7		0	good	0		0		0	0	good		0	0	good	0				
51	MT374106.1 Severe acute respiratory syndrome coronavirus 2 isolate SARS-CoV-2/human/TWN/CGMH-CGU-10/2020, complete genome	19A	19A		19A	B.4	B.4	0	good	11	0	0	0	0	0	4	0	0	0	89653	3	29901	0.999866234157108	E:1,M:1,N:1,ORF1a:1,ORF1b:1,ORF3a:1,ORF6:1,ORF7a:1,ORF7b:1,ORF8:1,ORF9b:1,S:1	false	C228T,G1397A,G9479T,A9514G,G11083T,A19818G,G26720C,G28202T,T28688C,T28835C,G29742T				N:S188P,ORF1a:V378I,ORF1a:G3072C,ORF1a:L3606F					C228T,G9479T,A9514G,A19818G,G26720C,G28202T,T28835C	0	0	7	7			N:S188P,ORF1a:G3072C	0	0	2	2		NODE_0000000	C228T,G1397A,G9479T,A9514G,G11083T,A19818G,G26720C,G28202T,T28688C,T28835C,G29742T		N:S188P,ORF1a:V378I,ORF1a:G3072C,ORF1a:L3606F		B.4	C228T,G9479T,A9514G,A19818G,G26720C,G28202T,T28835C		N:S188P,ORF1a:G3072C		N/A	N/A	N/A	N/A	N/A	N/A	N/A	N/A	N/A	N/A			3000	0	good	0	10	0	good	0	24	-1	0	good	7		0	good	0		0		0	0	good		0	0	good	0				
54	MT374111.1 Severe acute respiratory syndrome coronavirus 2 isolate SARS-CoV-2/human/TWN/CGMH-CGU-15/2020, complete genome	20A	20A		20A	B.1	B.1	0	good	7	0	0	0	0	0	2	0	0	0	89681	1	29903	1	E:1,M:1,N:1,ORF1a:1,ORF1b:1,ORF3a:1,ORF6:1,ORF7a:1,ORF7b:1,ORF8:1,ORF9b:1,S:1	false	C241T,C3037T,C14408T,A20268G,A23403G,G29473A,G29734C				ORF1b:P314L,S:D614G					G29473A,G29734C	0	0	2	2				0	0	0	0		NODE_0000764	A20268G,G29473A,G29734C				NODE_0000764	A20268G,G29473A,G29734C				N/A	N/A	N/A	N/A	N/A	N/A	N/A	N/A	N/A	N/A			3000	0	good	0	10	0	good	0	24	-6	0	good	2		0	good	0		0		0	0	good		0	0	good	0				
32	MT365029.1 Severe acute respiratory syndrome coronavirus 2 isolate SARS-CoV-2/human/HKG/HKU-911a/2020, complete genome	19A	19A		19A	B	B	0	good	1	0	0	0	0	0	0	0	0	0	89669	1	29891	0.999598702471324	E:1,M:1,N:1,ORF1a:1,ORF1b:1,ORF3a:1,ORF6:1,ORF7a:1,ORF7b:1,ORF8:1,ORF9b:1,S:1	false	C9967T									C9967T	0	0	1	1				0	0	0	0		NODE_0000000	C9967T				NODE_0000000	C9967T				N/A	N/A	N/A	N/A	N/A	N/A	N/A	N/A	N/A	N/A			3000	0	good	0	10	0	good	0	24	-7	0	good	1		0	good	0		0		0	0	good		0	0	good	0				
55	MT374112.1 Severe acute respiratory syndrome coronavirus 2 isolate SARS-CoV-2/human/TWN/CGMH-CGU-16/2020, complete genome	20A	20A		20A	B.1	B.1	0	good	9	0	0	0	0	0	5	0	0	0	89667	3	29903	0.999933117078554	E:1,M:1,N:1,ORF1a:1,ORF1b:1,ORF3a:1,ORF6:1,ORF7a:1,ORF7b:1,ORF8:1,ORF9b:1,S:1	false	C241T,C3037T,C14408T,C17004T,C18877T,G21204T,A23403G,G25563T,G25767T				ORF1b:P314L,ORF1b:K2579N,ORF3a:Q57H,ORF3a:M125I,S:D614G					C17004T,G21204T,G25767T	0	0	3	3			ORF1b:K2579N,ORF3a:M125I	0	0	2	2		NODE_0000764	C17004T,C18877T,G21204T,G25563T,G25767T		ORF1b:K2579N,ORF3a:Q57H,ORF3a:M125I		NODE_0000764	C17004T,C18877T,G21204T,G25563T,G25767T		ORF1b:K2579N,ORF3a:Q57H,ORF3a:M125I		N/A	N/A	N/A	N/A	N/A	N/A	N/A	N/A	N/A	N/A			3000	0	good	0	10	0	good	0	24	-5	0	good	3		0	good	0		0		0	0	good		0	0	good	0				
60	MT428552.1 Severe acute respiratory syndrome coronavirus 2 isolate SARS-CoV-2/human/KAZ/NCB-2/2020, complete genome	20A	20A		20A	B.1	B.1	0	good	6	0	0	0	0	0	4	0	0	0	89685	1	29903	1	E:1,M:1,N:1,ORF1a:1,ORF1b:1,ORF3a:1,ORF6:1,ORF7a:1,ORF7b:1,ORF8:1,ORF9b:1,S:1	false	C241T,C3037T,C14408T,A23403G,A26530G,G28857T				M:D3G,N:R195I,ORF1b:P314L,S:D614G				A26530G|21K	G28857T	0	1	1	2			M:D3G,N:R195I	0	0	2	2		NODE_0000764	A26530G,G28857T		M:D3G,N:R195I		NODE_0000764	A26530G,G28857T		M:D3G,N:R195I		N/A	N/A	N/A	N/A	N/A	N/A	N/A	N/A	N/A	N/A			3000	0	good	0	10	0	good	0	24	-3	0	good	5		0	good	0		0		0	0	good		0	0	good	0				
56	MT374115.1 Severe acute respiratory syndrome coronavirus 2 isolate SARS-CoV-2/human/TWN/CGMH-CGU-19/2020, complete genome	20A	20A		20A	B.1	B.1	0	good	6	0	0	0	0	0	3	0	0	0	89670	5	29902	0.999832792696385	E:1,M:1,N:1,ORF1a:1,ORF1b:1,ORF3a:1,ORF6:1,ORF7a:1,ORF7b:1,ORF8:1,ORF9b:1,S:1	false	C241T,C3037T,C14408T,C18877T,A23403G,G25563T				ORF1b:P314L,ORF3a:Q57H,S:D614G						0	0	0	0				0	0	0	0		NODE_0000764	C18877T,G25563T		ORF3a:Q57H		NODE_0000764	C18877T,G25563T		ORF3a:Q57H		N/A	N/A	N/A	N/A	N/A	N/A	N/A	N/A	N/A	N/A			3000	0	good	0	10	0	good	0	24	-8	0	good	0		0	good	0		0		0	0	good		0	0	good	0				
16	MT198652.2 Severe acute respiratory syndrome coronavirus 2 isolate SARS-CoV-2/human/ESP/Valencia003/2020, complete genome	19B	19B		19B	A.2	A.2	0	good	7	0	0	0	1	0	4	0	0	1	89317	55	29836	0.9959201417917934	E:1,M:1,N:1,ORF1a:1,ORF1b:1,ORF3a:0.9963768115942029,ORF6:1,ORF7a:1,ORF7b:1,ORF8:1,ORF9b:1,S:1	false	C8782T,T9477A,C14805T,G25979T,T28144C,C28657T,C28863T				N:S197L,ORF1a:F3071Y,ORF3a:G196V,ORF8:L84S						0	0	0	0				0	0	0	0	25798	internal_b384	T9477A,C14805T,G25979T,C28657T,C28863T		N:S197L,ORF1a:F3071Y,ORF3a:G196V		NODE_0000757					N/A	N/A	N/A	N/A	N/A	N/A	N/A	N/A	N/A	N/A	ORF3a:136		3000	0	good	1	10	0	good	0	24	-8	0	good	0		0	good	0		0		0	0	good		0	0	good	0				
44	MT372480.1 Severe acute respiratory syndrome coronavirus 2 isolate SARS-CoV-2/human/MYS/188407/2020, complete genome	19A	19A		19A	B.6.6	B.6.6	1	good	12	0	0	0	0	1	6	0	0	0	89556	36	29903	0.9987961074139718	E:1,M:1,N:1,ORF1a:1,ORF1b:1,ORF3a:1,ORF6:1,ORF7a:1,ORF7b:1,ORF8:1,ORF9b:1,S:1	false	C6310A,C6312A,G11083T,C13730T,C19524T,C23929T,T25473C,C28311T,G29862A,T29867A,G29868A,C29870A				N:P13L,ORF1a:S2015R,ORF1a:T2016K,ORF1a:L3606F,ORF1b:A88V,ORF9b:P10S					T25473C,G29862A,T29867A,G29868A,C29870A	0	0	5	5				0	0	0	0		NODE_0000000	C6310A,C6312A,G11083T,C13730T,C19524T,C23929T,T25473C,C28311T,G29862A,T29867A,G29868A,C29870A		N:P13L,ORF1a:S2015R,ORF1a:T2016K,ORF1a:L3606F,ORF1b:A88V,ORF9b:P10S		B.6.6	T25473C,G29862A,T29867A,G29868A,C29870A				N/A	N/A	N/A	N/A	N/A	N/A	N/A	N/A	N/A	N/A		R:29864	3000	0	good	0	10	10	good	1	24	-3	0	good	5		0	good	0		0		0	0	good		0	0	good	0				
62	MT428554.1 Severe acute respiratory syndrome coronavirus 2 isolate SARS-CoV-2/human/KAZ/NCB-5/2020, complete genome	19B	19B		19B	A.2	A.2	0	good	8	0	0	0	0	0	5	0	0	0	89677	1	29903	1	E:1,M:1,N:1,ORF1a:1,ORF1b:1,ORF3a:1,ORF6:1,ORF7a:1,ORF7b:1,ORF8:1,ORF9b:1,S:1	false	G2448A,C8782T,T9477A,C14805T,G25979T,T28144C,C28657T,C28863T				N:S197L,ORF1a:G728D,ORF1a:F3071Y,ORF3a:G196V,ORF8:L84S					G2448A	0	0	1	1			ORF1a:G728D	0	0	1	1		internal_b384	G2448A,T9477A,C14805T,G25979T,C28657T,C28863T		N:S197L,ORF1a:G728D,ORF1a:F3071Y,ORF3a:G196V		NODE_0000757	G2448A		ORF1a:G728D		N/A	N/A	N/A	N/A	N/A	N/A	N/A	N/A	N/A	N/A			3000	0	good	0	10	0	good	0	24	-7	0	good	1		0	good	0		0		0	0	good		0	0	good	0				
47	MT374102.1 Severe acute respiratory syndrome coronavirus 2 isolate SARS-CoV-2/human/TWN/CGMH-CGU-06/2020, complete genome	19A	19A		19A	B.4	B.4	0	good	7	0	0	0	0	0	4	0	0	0	89675	3	29903	0.999933117078554	E:1,M:1,N:1,ORF1a:1,ORF1b:1,ORF3a:1,ORF6:1,ORF7a:1,ORF7b:1,ORF8:1,ORF9b:1,S:1	false	C1059T,G1397A,G11083T,C23934T,T28648C,T28688C,G29742T				ORF1a:T265I,ORF1a:V378I,ORF1a:L3606F,S:T791I				C1059T|20G&20C&21C&21F&20H	C23934T,T28648C	0	1	2	3			ORF1a:T265I,S:T791I	0	0	2	2		NODE_0000000	C1059T,G1397A,G11083T,C23934T,T28648C,T28688C,G29742T		ORF1a:T265I,ORF1a:V378I,ORF1a:L3606F,S:T791I		B.4	C1059T,C23934T,T28648C		ORF1a:T265I,S:T791I		N/A	N/A	N/A	N/A	N/A	N/A	N/A	N/A	N/A	N/A			3000	0	good	0	10	0	good	0	24	-2	0	good	6		0	good	0		0		0	0	good		0	0	good	0				
61	MT428553.1 Severe acute respiratory syndrome coronavirus 2 isolate SARS-CoV-2/human/KAZ/NCB-3/2020, complete genome	20B	20B		20B	B.1.1.10	B.1.1.10	0	good	10	0	0	0	0	0	5	0	0	0	89669	1	29903	1	E:1,M:1,N:1,ORF1a:1,ORF1b:1,ORF3a:1,ORF6:1,ORF7a:1,ORF7b:1,ORF8:1,ORF9b:1,S:1	false	C241T,C3037T,C14408T,A18956G,C19170T,G19509A,A23403G,G28881A,G28882A,G28883C				N:R203K,N:G204R,ORF1b:P314L,ORF1b:N1830S,S:D614G					A18956G	0	0	1	1			ORF1b:N1830S	0	0	1	1		NODE_0000922	A18956G,C19170T,G19509A		ORF1b:N1830S		NODE_0000923	A18956G		ORF1b:N1830S		N/A	N/A	N/A	N/A	N/A	N/A	N/A	N/A	N/A	N/A			3000	0	good	0	10	0	good	0	24	-7	0	good	1		0	good	0		0		0	0	good		0	0	good	0				
59	MT428551.1 Severe acute respiratory syndrome coronavirus 2 isolate SARS-CoV-2/human/KAZ/NCB-1/2020, complete genome	19A	19A		19A	B.4	B.4	8.506944	good	8	3	0	0	0	0	6	1	0	0	89660	1	29903	1	E:1,M:1,N:1,ORF1a:1,ORF1b:1,ORF3a:1,ORF6:1,ORF7a:1,ORF7b:1,ORF8:1,ORF9b:1,S:1	false	C884T,G1397A,C4234T,G8653T,G11083T,T16272G,C17141A,T28688C	3333-3335			ORF1a:R207C,ORF1a:V378I,ORF1a:E1024K,ORF1a:M2796I,ORF1a:L3606F,ORF1b:A1225D	ORF1a:I1023-		T29742G	C4234T|23E	C884T,G8653T,T16272G,C17141A	1	1	4	6			ORF1a:R207C,ORF1a:E1024K,ORF1a:M2796I,ORF1b:A1225D	0	0	4	4		NODE_0000000	C884T,G1397A,C4234T,G8653T,G11083T,T16272G,C17141A,T28688C	3333-3335	ORF1a:R207C,ORF1a:V378I,ORF1a:E1024K,ORF1a:M2796I,ORF1a:L3606F,ORF1b:A1225D	ORF1a:I1023-	B.4	C884T,C4234T,G8653T,T16272G,C17141A,T29742G	3333-3335	ORF1a:R207C,ORF1a:E1024K,ORF1a:M2796I,ORF1b:A1225D	ORF1a:I1023-	N/A	N/A	N/A	N/A	N/A	N/A	N/A	N/A	N/A	N/A			3000	0	good	0	10	0	good	0	24	7	29.166667	good	15		0	good	0		0		0	0	good		0	0	good	0				
58	MT412318.1 Severe acute respiratory syndrome coronavirus 2 isolate SARS-CoV-2/human/USA/CT-UW-6270/2020, complete genome	20C	20C		20C	B.1	B.1	0	good	10	17	0	0	1	0	6	0	0	0	89464	14	29869	0.9983948098852958	E:1,M:1,N:1,ORF1a:1,ORF1b:1,ORF3a:1,ORF6:1,ORF7a:1,ORF7b:1,ORF8:1,ORF9b:1,S:1	false	A14T,C241T,C1059T,C3037T,C11916T,C14408T,C18998T,A23403G,G25563T,G29540A	19-24,27-37			ORF1a:T265I,ORF1a:S3884L,ORF1b:P314L,ORF1b:A1844V,ORF3a:Q57H,S:D614G					A14T	0	0	1	1				0	0	0	0	29867	NODE_0000826	A14T,C11916T,C18998T,G29540A	19-24,27-37	ORF1a:S3884L,ORF1b:A1844V		NODE_0000764	A14T,C1059T,C11916T,C18998T,G25563T,G29540A	19-24,27-37	ORF1a:T265I,ORF1a:S3884L,ORF1b:A1844V,ORF3a:Q57H		N/A	N/A	N/A	N/A	N/A	N/A	N/A	N/A	N/A	N/A			3000	0	good	1	10	0	good	0	24	-5	0	good	3		0	good	0		0		0	0	good		0	0	good	0				
46	MT372482.1 Severe acute respiratory syndrome coronavirus 2 isolate SARS-CoV-2/human/MYS/190300/2020, complete genome	19A	19A		19A	B.6.6	B.6.6	325.062500	bad	41	0	0	0	223	6	18	0	0	82	89208	39	29903	0.9910711299869578	E:1,M:0.9865470852017937,N:1,ORF1a:0.9993183367416496,ORF1b:0.978486646884273,ORF3a:1,ORF6:1,ORF7a:1,ORF7b:1,ORF8:1,ORF9b:1,S:0.9858712715855573	false	T77A,C84A,C6312A,G11083T,T13399C,C13730T,C19524T,A20463G,G20464A,T20466C,G20467A,G20469A,A20472C,A20475T,G20476T,G20477A,T20479A,C22437T,C22439A,T22441G,G22442A,A22443T,C22446A,C22448T,C22450T,C22452G,A22453G,C23034T,T23119A,C23929T,C26912T,G26918C,C26919A,T26921G,C28311T,G29861A,G29862A,G29864A,T29867A,G29868A,C29870A				M:L133M,N:P13L,ORF1a:T2016K,ORF1a:L3606F,ORF1b:A88V,ORF1b:D2333N,ORF1b:A2334T,ORF1b:Q2335H,ORF1b:S2338T,ORF9b:P10S,S:A292V,S:L293M,S:D294I,S:P295H,S:L296F,S:S297W,S:P491L,S:H519Q			A6310C		T77A,C84A,T13399C,A20463G,G20464A,T20466C,G20467A,G20469A,A20472C,A20475T,G20476T,G20477A,T20479A,C22437T,C22439A,T22441G,G22442A,A22443T,C22446A,C22448T,C22450T,C22452G,A22453G,C23034T,T23119A,C26912T,G26918C,C26919A,T26921G,G29861A,G29862A,G29864A,T29867A,G29868A,C29870A	1	0	35	36	ORF1a:R2015S		M:L133M,ORF1b:D2333N,ORF1b:A2334T,ORF1b:Q2335H,ORF1b:S2338T,S:A292V,S:L293M,S:D294I,S:P295H,S:L296F,S:S297W,S:P491L,S:H519Q	1	0	13	14	13394,13512-13606,20314-20388,20478,23037-23087	NODE_0000000	T77A,C84A,C6312A,G11083T,T13399C,C13730T,C19524T,A20463G,G20464A,T20466C,G20467A,G20469A,A20472C,A20475T,G20476T,G20477A,T20479A,C22437T,C22439A,T22441G,G22442A,A22443T,C22446A,C22448T,C22450T,C22452G,A22453G,C23034T,T23119A,C23929T,C26912T,G26918C,C26919A,T26921G,C28311T,G29861A,G29862A,G29864A,T29867A,G29868A,C29870A		M:L133M,N:P13L,ORF1a:T2016K,ORF1a:L3606F,ORF1b:A88V,ORF1b:D2333N,ORF1b:A2334T,ORF1b:Q2335H,ORF1b:S2338T,ORF9b:P10S,S:A292V,S:L293M,S:D294I,S:P295H,S:L296F,S:S297W,S:P491L,S:H519Q		B.6.6	T77A,C84A,A6310C,T13399C,A20463G,G20464A,T20466C,G20467A,G20469A,A20472C,A20475T,G20476T,G20477A,T20479A,C22437T,C22439A,T22441G,G22442A,A22443T,C22446A,C22448T,C22450T,C22452G,A22453G,C23034T,T23119A,C26912T,G26918C,C26919A,T26921G,G29861A,G29862A,G29864A,T29867A,G29868A,C29870A		M:L133M,ORF1a:R2015S,ORF1b:D2333N,ORF1b:A2334T,ORF1b:Q2335H,ORF1b:S2338T,S:A292V,S:L293M,S:D294I,S:P295H,S:L296F,S:S297W,S:P491L,S:H519Q		N/A	N/A	N/A	N/A	N/A	N/A	N/A	N/A	N/A	N/A	ORF1a:4377-4379,ORF1b:16-47,ORF1b:2283-2307,ORF1b:2337,S:492-509,M:129,M:131,M:134	R:5440,V:13398,W:13402,Y:26908,W:26915,S:26922	3000	0	good	223	10	60	mediocre	6	24	33	137.500000	bad	41	20463-20478:10,22437-22452:10	100	bad	20		0		0	0	good		0	0	good	0				
63	MT435081.1 Severe acute respiratory syndrome coronavirus 2 isolate SARS-CoV-2/human/IND/GBRC4/2020, complete genome	20C	20C		20C	B.1	B.1	0	good	9	0	0	0	0	0	8	0	0	0	89364	43	29842	0.9965555295455305	E:1,M:1,N:1,ORF1a:1,ORF1b:1,ORF3a:1,ORF6:1,ORF7a:1,ORF7b:1,ORF8:1,ORF9b:1,S:1	false	C241T,C1059T,C3037T,C14408T,C15371T,A23403G,G25563T,G28221T,G28371T				N:S33I,ORF1a:T265I,ORF1b:P314L,ORF1b:T635M,ORF3a:Q57H,ORF8:E110*,ORF9b:V30L,S:D614G					C15371T,G28221T,G28371T	0	0	3	3			N:S33I,ORF1b:T635M,ORF8:E110*,ORF9b:V30L	0	0	4	4		NODE_0000826	C15371T,G28221T,G28371T		N:S33I,ORF1b:T635M,ORF8:E110*,ORF9b:V30L		NODE_0000764	C1059T,C15371T,G25563T,G28221T,G28371T		N:S33I,ORF1a:T265I,ORF1b:T635M,ORF3a:Q57H,ORF8:E110*,ORF9b:V30L		N/A	N/A	N/A	N/A	N/A	N/A	N/A	N/A	N/A	N/A			3000	0	good	0	10	0	good	0	24	-5	0	good	3		0	good	0		0		0	0	good		0	0	good	0				
65	MT447177.1 Severe acute respiratory syndrome coronavirus 2 isolate SARS-CoV-2/human/IRN/HGRC-2-2162/2020, complete genome	19A	19A		19A	B.4	B.4	1.562500	good	8	0	0	0	0	0	4	0	0	0	89347	40	29832	0.9963214393204696	E:1,M:1,N:1,ORF1a:1,ORF1b:1,ORF3a:1,ORF6:1,ORF7a:1,ORF7b:1,ORF8:1,ORF9b:1,S:1	false	G1397A,T8707C,G20887A,C21627T,C22735T,T28688C,C28830T,G29742T				N:S186F,ORF1a:V378I,ORF1b:G2474R,S:T22I			T11083G		T8707C,G20887A,C21627T,C22735T,C28830T	1	0	5	6	ORF1a:F3606L		N:S186F,ORF1b:G2474R,S:T22I	1	0	3	4		NODE_0000000	G1397A,T8707C,G20887A,C21627T,C22735T,T28688C,C28830T,G29742T		N:S186F,ORF1a:V378I,ORF1b:G2474R,S:T22I		B.4	T8707C,T11083G,G20887A,C21627T,C22735T,C28830T		N:S186F,ORF1a:F3606L,ORF1b:G2474R,S:T22I		N/A	N/A	N/A	N/A	N/A	N/A	N/A	N/A	N/A	N/A			3000	0	good	0	10	0	good	0	24	3	12.500000	good	11		0	good	0		0		0	0	good		0	0	good	0				
64	MT435085.1 Severe acute respiratory syndrome coronavirus 2 isolate SARS-CoV-2/human/IND/GBRC8/2020, complete genome	20A	20A		20A	B.1.36	B.1.36	0	good	11	0	0	0	0	0	5	0	0	0	89356	43	29842	0.9965555295455305	E:1,M:1,N:1,ORF1a:1,ORF1b:1,ORF3a:1,ORF6:1,ORF7a:1,ORF7b:1,ORF8:1,ORF9b:1,S:1	false	C241T,C2836T,C3037T,C14408T,G16078A,C18877T,C22444T,A23403G,G25563T,C26735T,C28854T				N:S194L,ORF1b:P314L,ORF1b:V871I,ORF3a:Q57H,S:D614G					C2836T,G16078A	0	0	2	2			ORF1b:V871I	0	0	1	1		NODE_0000764	C2836T,G16078A,C18877T,C22444T,G25563T,C26735T,C28854T		N:S194L,ORF1b:V871I,ORF3a:Q57H		NODE_0000821	C2836T,G16078A		ORF1b:V871I		N/A	N/A	N/A	N/A	N/A	N/A	N/A	N/A	N/A	N/A			3000	0	good	0	10	0	good	0	24	-6	0	good	2		0	good	0		0		0	0	good		0	0	good	0				
66	MT447154.1 Severe acute respiratory syndrome coronavirus 2 isolate SARS-CoV-2/human/THA/SI200893-NT/2020, complete genome	19A	19A		19A	B	B	0	good	2	0	0	0	0	0	1	0	0	0	89479	38	29866	0.9975253319064977	E:1,M:1,N:1,ORF1a:1,ORF1b:1,ORF3a:1,ORF6:1,ORF7a:1,ORF7b:1,ORF8:1,ORF9b:1,S:1	false	C1150T,G26144T				ORF3a:G251V					C1150T,G26144T	0	0	2	2			ORF3a:G251V	0	0	1	1		NODE_0000000	C1150T,G26144T		ORF3a:G251V		NODE_0000000	C1150T,G26144T		ORF3a:G251V		N/A	N/A	N/A	N/A	N/A	N/A	N/A	N/A	N/A	N/A			3000	0	good	0	10	0	good	0	24	-6	0	good	2		0	good	0		0		0	0	good		0	0	good	0				
57	MT374116.1 Severe acute respiratory syndrome coronavirus 2 isolate SARS-CoV-2/human/TWN/CGMH-CGU-20/2020, complete genome	20B	20B		20B	B.1.1	B.1.1	0	good	8	0	0	0	0	0	5	0	0	0	89671	3	29903	0.999933117078554	E:1,M:1,N:1,ORF1a:1,ORF1b:1,ORF3a:1,ORF6:1,ORF7a:1,ORF7b:1,ORF8:1,ORF9b:1,S:1	false	C241T,C3037T,C14408T,A23403G,C25810T,G28881A,G28882A,G28883C				N:R203K,N:G204R,ORF1b:P314L,ORF3a:L140F,S:D614G					C25810T	0	0	1	1			ORF3a:L140F	0	0	1	1		NODE_0000922	C25810T		ORF3a:L140F		NODE_0000922	C25810T		ORF3a:L140F		N/A	N/A	N/A	N/A	N/A	N/A	N/A	N/A	N/A	N/A			3000	0	good	0	10	0	good	0	24	-7	0	good	1		0	good	0		0		0	0	good		0	0	good	0				
67	MT447162.1 Severe acute respiratory syndrome coronavirus 2 isolate SARS-CoV-2/human/THA/SI202205-NT/2020, complete genome	19B	19B		19B	A	A	0	good	4	0	0	0	0	0	2	0	0	0	89432	38	29853	0.9970905929170987	E:1,M:1,N:1,ORF1a:1,ORF1b:1,ORF3a:1,ORF6:1,ORF7a:1,ORF7b:1,ORF8:1,ORF9b:1,S:1	false	C8782T,G17814T,T28144C,C29095T				ORF1b:L1449F,ORF8:L84S					G17814T,C29095T	0	0	2	2			ORF1b:L1449F	0	0	1	1		internal_b384	G17814T,C29095T		ORF1b:L1449F		internal_b384	G17814T,C29095T		ORF1b:L1449F		N/A	N/A	N/A	N/A	N/A	N/A	N/A	N/A	N/A	N/A			3000	0	good	0	10	0	good	0	24	-6	0	good	2		0	good	0		0		0	0	good		0	0	good	0				
69	MT447166.1 Severe acute respiratory syndrome coronavirus 2 isolate SARS-CoV-2/human/THA/SI203285-NT/2020, complete genome	19B	19B		19B	A	A	0	good	8	0	0	0	0	0	4	0	0	0	89428	38	29857	0.9972243587599906	E:1,M:1,N:1,ORF1a:1,ORF1b:1,ORF3a:1,ORF6:1,ORF7a:1,ORF7b:1,ORF8:1,ORF9b:1,S:1	false	A895G,C2942T,G4390T,C8782T,C9598T,G20134T,G24047A,T28144C				ORF1a:L1375F,ORF1b:V2223L,ORF8:L84S,S:A829T					A895G,C2942T,G4390T,C9598T,G20134T,G24047A	0	0	6	6			ORF1a:L1375F,ORF1b:V2223L,S:A829T	0	0	3	3		internal_b384	A895G,C2942T,G4390T,C9598T,G20134T,G24047A		ORF1a:L1375F,ORF1b:V2223L,S:A829T		internal_b384	A895G,C2942T,G4390T,C9598T,G20134T,G24047A		ORF1a:L1375F,ORF1b:V2223L,S:A829T		N/A	N/A	N/A	N/A	N/A	N/A	N/A	N/A	N/A	N/A			3000	0	good	0	10	0	good	0	24	-2	0	good	6		0	good	0		0		0	0	good		0	0	good	0				
70	MT447173.1 Severe acute respiratory syndrome coronavirus 2 isolate SARS-CoV-2/human/THA/SI205929-NT/2020, complete genome	19B	19B		19B	A	A	1.562500	good	13	0	0	0	0	0	6	0	0	0	89435	38	29866	0.9975253319064977	E:1,M:1,N:1,ORF1a:1,ORF1b:1,ORF3a:1,ORF6:1,ORF7a:1,ORF7b:1,ORF8:1,ORF9b:1,S:1	false	C40T,T42C,C44T,A895G,C2942T,G4390T,C8782T,C9598T,C13329T,G20134T,G24047A,G27877T,T28144C				ORF1a:L1375F,ORF1a:T4355I,ORF1b:V2223L,ORF7b:C41F,ORF8:L84S,S:A829T					C40T,T42C,C44T,A895G,C2942T,G4390T,C9598T,C13329T,G20134T,G24047A,G27877T	0	0	11	11			ORF1a:L1375F,ORF1a:T4355I,ORF1b:V2223L,ORF7b:C41F,S:A829T	0	0	5	5		internal_b384	C40T,T42C,C44T,A895G,C2942T,G4390T,C9598T,C13329T,G20134T,G24047A,G27877T		ORF1a:L1375F,ORF1a:T4355I,ORF1b:V2223L,ORF7b:C41F,S:A829T		internal_b384	C40T,T42C,C44T,A895G,C2942T,G4390T,C9598T,C13329T,G20134T,G24047A,G27877T		ORF1a:L1375F,ORF1a:T4355I,ORF1b:V2223L,ORF7b:C41F,S:A829T		N/A	N/A	N/A	N/A	N/A	N/A	N/A	N/A	N/A	N/A			3000	0	good	0	10	0	good	0	24	3	12.500000	good	11		0	good	0		0		0	0	good		0	0	good	0				
72	MT451877.1 Severe acute respiratory syndrome coronavirus 2 isolate SARS-CoV-2/human/IND/GBRC13/2020, complete genome	19B	19B		19B	A	A	0	good	10	0	0	0	191	0	7	0	0	65	89172	42	29842	0.9902016520081597	E:1,M:1,N:1,ORF1a:0.9863667348329925,ORF1b:0.9981454005934718,ORF3a:1,ORF6:1,ORF7a:1,ORF7b:1,ORF8:1,ORF9b:1,S:1	false	A2705G,C5547T,C8782T,T9660C,G14500T,G22468T,G27506T,T28144C,G28878A,G29742A				N:S202N,ORF1a:T814A,ORF1a:T1761I,ORF1a:F3132S,ORF1b:V345L,ORF7a:G38V,ORF8:L84S					A2705G,C5547T,T9660C,G14500T,G27506T	0	0	5	5			ORF1a:T814A,ORF1a:T1761I,ORF1a:F3132S,ORF1b:V345L,ORF7a:G38V	0	0	5	5	1687-1708,5297-5322,6845-6882,7107-7153,7382-7408,8703-8719,14720-14733	internal_b384	A2705G,C5547T,T9660C,G14500T,G22468T,G27506T,G28878A,G29742A		N:S202N,ORF1a:T814A,ORF1a:T1761I,ORF1a:F3132S,ORF1b:V345L,ORF7a:G38V		internal_b384	A2705G,C5547T,T9660C,G14500T,G22468T,G27506T,G28878A,G29742A		N:S202N,ORF1a:T814A,ORF1a:T1761I,ORF1a:F3132S,ORF1b:V345L,ORF7a:G38V		N/A	N/A	N/A	N/A	N/A	N/A	N/A	N/A	N/A	N/A	ORF1a:475-481,ORF1a:1678-1686,ORF1a:2194-2206,ORF1a:2281-2296,ORF1a:2373-2381,ORF1a:2813-2818,ORF1b:418-422		3000	0	good	191	10	0	good	0	24	-3	0	good	5		0	good	0		0		0	0	good		0	0	good	0				
73	MT451882.1 Severe acute respiratory syndrome coronavirus 2 isolate SARS-CoV-2/human/IND/GBRC17b/2020, complete genome	20A	20A		20A	B.1.36	B.1.36	0	good	13	0	0	0	0	0	7	0	0	0	89351	42	29842	0.9965889710062535	E:1,M:1,N:1,ORF1a:1,ORF1b:1,ORF3a:1,ORF6:1,ORF7a:1,ORF7b:1,ORF8:1,ORF9b:1,S:1	false	C241T,C2836T,C3037T,G14274C,C14408T,C18877T,C22444T,A23403G,G25290T,G25563T,G25855T,C26735T,C28854T				N:S194L,ORF1b:E269D,ORF1b:P314L,ORF3a:Q57H,ORF3a:D155Y,S:D614G,S:C1243F					C2836T,G14274C,G25290T,G25855T	0	0	4	4			ORF1b:E269D,ORF3a:D155Y,S:C1243F	0	0	3	3		NODE_0000764	C2836T,G14274C,C18877T,C22444T,G25290T,G25563T,G25855T,C26735T,C28854T		N:S194L,ORF1b:E269D,ORF3a:Q57H,ORF3a:D155Y,S:C1243F		NODE_0000821	C2836T,G14274C,G25290T,G25855T		ORF1b:E269D,ORF3a:D155Y,S:C1243F		N/A	N/A	N/A	N/A	N/A	N/A	N/A	N/A	N/A	N/A			3000	0	good	0	10	0	good	0	24	-4	0	good	4		0	good	0		0		0	0	good		0	0	good	0				
76	MT450977.1 Severe acute respiratory syndrome coronavirus 2 isolate SARS-CoV-2/human/AUS/VIC62/2020, complete genome	20A	20A		20A	B.1	B.1	0	good	5	0	0	0	0	0	3	0	0	0	89395	40	29844	0.9967227368491456	E:1,M:1,N:1,ORF1a:1,ORF1b:1,ORF3a:1,ORF6:1,ORF7a:1,ORF7b:1,ORF8:1,ORF9b:1,S:1	false	C241T,C3037T,C14408T,A23403G,A26530G				M:D3G,ORF1b:P314L,S:D614G				A26530G|21K		0	1	0	1			M:D3G	0	0	1	1		NODE_0000764	A26530G		M:D3G		NODE_0000764	A26530G		M:D3G		N/A	N/A	N/A	N/A	N/A	N/A	N/A	N/A	N/A	N/A			3000	0	good	0	10	0	good	0	24	-4	0	good	4		0	good	0		0		0	0	good		0	0	good	0				
75	MT451889.1 Severe acute respiratory syndrome coronavirus 2 isolate SARS-CoV-2/human/IND/GBRC24a/2020, complete genome	19A	19A		19A	B.6	B.6	0.173611	good	7	0	0	0	0	0	6	0	0	0	89375	42	29842	0.9965889710062535	E:1,M:1,N:1,ORF1a:1,ORF1b:1,ORF3a:1,ORF6:1,ORF7a:1,ORF7b:1,ORF8:1,ORF9b:1,S:1	false	A6081G,C6312A,T6989C,C13730T,T21628G,C23929T,C28311T				N:P13L,ORF1a:D1939G,ORF1a:T2016K,ORF1a:S2242P,ORF1b:A88V,ORF9b:P10S			T11083G		A6081G,T6989C,T21628G	1	0	3	4	ORF1a:F3606L		ORF1a:D1939G,ORF1a:S2242P	1	0	2	3		NODE_0000000	A6081G,C6312A,T6989C,C13730T,T21628G,C23929T,C28311T		N:P13L,ORF1a:D1939G,ORF1a:T2016K,ORF1a:S2242P,ORF1b:A88V,ORF9b:P10S		NODE_0000755	A6081G,T6989C,T11083G,T21628G		ORF1a:D1939G,ORF1a:S2242P,ORF1a:F3606L		N/A	N/A	N/A	N/A	N/A	N/A	N/A	N/A	N/A	N/A			3000	0	good	0	10	0	good	0	24	1	4.166667	good	9		0	good	0		0		0	0	good		0	0	good	0				
71	MT447176.1 Severe acute respiratory syndrome coronavirus 2 isolate SARS-CoV-2/human/THA/SI206917-NT/2020, complete genome	19B	19B		19B	A	A	0	good	9	0	0	0	0	0	5	0	0	0	89484	38	29877	0.9978931879744507	E:1,M:1,N:1,ORF1a:1,ORF1b:1,ORF3a:1,ORF6:1,ORF7a:1,ORF7b:1,ORF8:1,ORF9b:1,S:1	false	A895G,C2942T,G4390T,C8782T,C9598T,G20134T,G24047A,G27877T,T28144C				ORF1a:L1375F,ORF1b:V2223L,ORF7b:C41F,ORF8:L84S,S:A829T					A895G,C2942T,G4390T,C9598T,G20134T,G24047A,G27877T	0	0	7	7			ORF1a:L1375F,ORF1b:V2223L,ORF7b:C41F,S:A829T	0	0	4	4		internal_b384	A895G,C2942T,G4390T,C9598T,G20134T,G24047A,G27877T		ORF1a:L1375F,ORF1b:V2223L,ORF7b:C41F,S:A829T		internal_b384	A895G,C2942T,G4390T,C9598T,G20134T,G24047A,G27877T		ORF1a:L1375F,ORF1b:V2223L,ORF7b:C41F,S:A829T		N/A	N/A	N/A	N/A	N/A	N/A	N/A	N/A	N/A	N/A			3000	0	good	0	10	0	good	0	24	-1	0	good	7		0	good	0		0		0	0	good		0	0	good	0				
74	MT451883.1 Severe acute respiratory syndrome coronavirus 2 isolate SARS-CoV-2/human/IND/GBRC18/2020, complete genome	20A	20A		20A	B.1	B.1	0	good	5	0	0	0	68	0	2	0	0	24	89315	42	29842	0.9943149516770893	E:1,M:1,N:1,ORF1a:0.994546693933197,ORF1b:1,ORF3a:1,ORF6:1,ORF7a:1,ORF7b:1,ORF8:1,ORF9b:1,S:1	false	C241T,C3037T,C14408T,A14673G,A23403G				ORF1b:P314L,S:D614G					A14673G	0	0	1	1				0	0	0	0	3827-3877,9656,11122-11137	NODE_0000764	A14673G				NODE_0000764	A14673G				N/A	N/A	N/A	N/A	N/A	N/A	N/A	N/A	N/A	N/A	ORF1a:1188-1204,ORF1a:3131,ORF1a:3619-3624		3000	0	good	68	10	0	good	0	24	-7	0	good	1		0	good	0		0		0	0	good		0	0	good	0				
79	MT451125.1 Severe acute respiratory syndrome coronavirus 2 isolate SARS-CoV-2/human/AUS/VIC225/2020, complete genome	19B	19B		19B	A.1	A.1	4	good	7	0	0	0	2	2	5	0	0	2	89367	40	29838	0.9963883222419155	E:1,M:1,N:1,ORF1a:0.9995455578277664,ORF1b:1,ORF3a:1,ORF6:1,ORF7a:1,ORF7b:1,ORF8:1,ORF9b:1,S:1	false	G957A,C8782T,G11083T,C17747T,A17858G,C18060T,T28144C				ORF1a:C231Y,ORF1a:L3606F,ORF1b:P1427L,ORF1b:Y1464C,ORF8:L84S					G957A,G11083T	0	0	2	2			ORF1a:C231Y,ORF1a:L3606F	0	0	2	2	5372-5373	internal_b384	G957A,G11083T,C17747T,A17858G,C18060T		ORF1a:C231Y,ORF1a:L3606F,ORF1b:P1427L,ORF1b:Y1464C		A.1	G957A,G11083T		ORF1a:C231Y,ORF1a:L3606F		N/A	N/A	N/A	N/A	N/A	N/A	N/A	N/A	N/A	N/A	ORF1a:1703,ORF1a:1726	K:5441,R:5452	3000	0	good	2	10	20	good	2	24	-6	0	good	2		0	good	0		0		0	0	good		0	0	good	0				
78	MT451124.1 Severe acute respiratory syndrome coronavirus 2 isolate SARS-CoV-2/human/AUS/VIC224/2020, complete genome	20A	20A		20A	B.1	B.1	0	good	6	0	0	0	0	0	3	0	0	0	89373	39	29837	0.9965220880848076	E:1,M:1,N:1,ORF1a:1,ORF1b:1,ORF3a:1,ORF6:1,ORF7a:1,ORF7b:1,ORF8:1,ORF9b:1,S:1	false	C241T,G613A,C3037T,C14408T,G22346A,A23403G				ORF1b:P314L,S:A262T,S:D614G					G613A,G22346A	0	0	2	2			S:A262T	0	0	1	1		NODE_0000764	G613A,G22346A		S:A262T		NODE_0000764	G613A,G22346A		S:A262T		N/A	N/A	N/A	N/A	N/A	N/A	N/A	N/A	N/A	N/A			3000	0	good	0	10	0	good	0	24	-6	0	good	2		0	good	0		0		0	0	good		0	0	good	0				
77	MT451021.1 Severe acute respiratory syndrome coronavirus 2 isolate SARS-CoV-2/human/AUS/VIC112/2020, complete genome	19B	19B		19B	A.3	A.3	25	good	11	0	0	0	0	0	7	0	0	0	89374	40	29845	0.9967561783098686	E:1,M:1,N:1,ORF1a:1,ORF1b:1,ORF3a:1,ORF6:1,ORF7a:1,ORF7b:1,ORF8:1,ORF9b:1,S:1	false	T490A,C3177T,C8782T,T18736C,G19684T,C24034T,T26729C,C27635T,G28077C,T28144C,A29700G				ORF1a:D75E,ORF1a:P971L,ORF1b:F1757L,ORF1b:V2073L,ORF7a:S81L,ORF8:V62L,ORF8:L84S			T6040C,A12478G,G28896C		G19684T,C27635T	3	0	2	5	N:G208A,ORF1a:I4071M		ORF1b:V2073L,ORF7a:S81L	2	0	2	4		internal_b384	T490A,C3177T,T18736C,G19684T,C24034T,T26729C,C27635T,G28077C,A29700G		ORF1a:D75E,ORF1a:P971L,ORF1b:F1757L,ORF1b:V2073L,ORF7a:S81L,ORF8:V62L		A.3	T6040C,A12478G,G19684T,C27635T,G28896C		N:G208A,ORF1a:I4071M,ORF1b:V2073L,ORF7a:S81L		N/A	N/A	N/A	N/A	N/A	N/A	N/A	N/A	N/A	N/A			3000	0	good	0	10	0	good	0	24	12	50	mediocre	20		0	good	0		0		0	0	good		0	0	good	0				
80	MT451176.1 Severe acute respiratory syndrome coronavirus 2 isolate SARS-CoV-2/human/AUS/VIC280/2020, complete genome	19A	19A		19A	B	B	0	good	9	0	0	0	0	0	7	0	0	0	89388	39	29846	0.9968230612313146	E:1,M:1,N:1,ORF1a:1,ORF1b:1,ORF3a:1,ORF6:1,ORF7a:1,ORF7b:1,ORF8:1,ORF9b:1,S:1	false	C3096T,G11083T,C12781T,G13627T,C14805T,C15540T,G17944T,G26144T,A28338G				N:D22G,ORF1a:S944L,ORF1a:L3606F,ORF1b:D54Y,ORF1b:V1493L,ORF3a:G251V,ORF9b:I19V					C3096T,C12781T,G13627T,C15540T,G17944T,A28338G	0	0	6	6			N:D22G,ORF1a:S944L,ORF1b:D54Y,ORF1b:V1493L,ORF9b:I19V	0	0	5	5		NODE_0000000	C3096T,G11083T,C12781T,G13627T,C14805T,C15540T,G17944T,G26144T,A28338G		N:D22G,ORF1a:S944L,ORF1a:L3606F,ORF1b:D54Y,ORF1b:V1493L,ORF3a:G251V,ORF9b:I19V		NODE_0000000	C3096T,G11083T,C12781T,G13627T,C14805T,C15540T,G17944T,G26144T,A28338G		N:D22G,ORF1a:S944L,ORF1a:L3606F,ORF1b:D54Y,ORF1b:V1493L,ORF3a:G251V,ORF9b:I19V		N/A	N/A	N/A	N/A	N/A	N/A	N/A	N/A	N/A	N/A			3000	0	good	0	10	0	good	0	24	-2	0	good	6		0	good	0		0		0	0	good		0	0	good	0				
68	MT447165.1 Severe acute respiratory syndrome coronavirus 2 isolate SARS-CoV-2/human/THA/SI202872-NT/2020, complete genome	19B	19B		19B	A	A	0	good	9	0	0	0	0	0	6	0	0	0	88977	38	29708	0.992241581112263	E:1,M:1,N:1,ORF1a:1,ORF1b:1,ORF3a:1,ORF6:1,ORF7a:1,ORF7b:1,ORF8:1,ORF9b:1,S:1	false	A895G,C2942T,G4390T,G6865T,C8782T,G10670C,G20134T,G24047A,T28144C				ORF1a:L1375F,ORF1a:K2200N,ORF1a:A3469P,ORF1b:V2223L,ORF8:L84S,S:A829T					A895G,C2942T,G4390T,G6865T,G10670C,G20134T,G24047A	0	0	7	7			ORF1a:L1375F,ORF1a:K2200N,ORF1a:A3469P,ORF1b:V2223L,S:A829T	0	0	5	5		internal_b384	A895G,C2942T,G4390T,G6865T,G10670C,G20134T,G24047A		ORF1a:L1375F,ORF1a:K2200N,ORF1a:A3469P,ORF1b:V2223L,S:A829T		internal_b384	A895G,C2942T,G4390T,G6865T,G10670C,G20134T,G24047A		ORF1a:L1375F,ORF1a:K2200N,ORF1a:A3469P,ORF1b:V2223L,S:A829T		N/A	N/A	N/A	N/A	N/A	N/A	N/A	N/A	N/A	N/A			3000	0	good	0	10	0	good	0	24	-1	0	good	7		0	good	0		0		0	0	good		0	0	good	0				
83	MT459838.1 Severe acute respiratory syndrome coronavirus 2 isolate SARS-CoV-2/human/GRC/36_36859/2020, complete genome	20B	20B		20B	B.1.1	B.1.1	0	good	8	0	0	0	0	0	5	0	0	0	89422	26	29843	0.9971574758385446	E:1,M:1,N:1,ORF1a:1,ORF1b:1,ORF3a:1,ORF6:1,ORF7a:1,ORF7b:1,ORF8:1,ORF9b:1,S:1	false	C241T,C3037T,C14408T,A22124G,A23403G,G28881A,G28882A,G28883C				N:R203K,N:G204R,ORF1b:P314L,S:N188D,S:D614G					A22124G	0	0	1	1			S:N188D	0	0	1	1		NODE_0000922	A22124G		S:N188D		NODE_0000922	A22124G		S:N188D		N/A	N/A	N/A	N/A	N/A	N/A	N/A	N/A	N/A	N/A			3000	0	good	0	10	0	good	0	24	-7	0	good	1		0	good	0		0		0	0	good		0	0	good	0				
84	MT459846.1 Severe acute respiratory syndrome coronavirus 2 isolate SARS-CoV-2/human/GRC/51_36518/2020, complete genome	20B	20B		20B	B.1.1	B.1.1	0	good	12	0	0	0	0	0	8	0	0	0	89406	26	29843	0.9971574758385446	E:1,M:1,N:1,ORF1a:1,ORF1b:1,ORF3a:1,ORF6:1,ORF7a:1,ORF7b:1,ORF8:1,ORF9b:1,S:1	false	C241T,C313T,C3037T,C14408T,A23403G,C24863T,G25135T,C27673T,G28086T,G28881A,G28882A,G28883C				N:R203K,N:G204R,ORF1b:P314L,ORF7a:Q94*,ORF8:A65S,S:D614G,S:H1101Y,S:K1191N				C24863T|21E	G25135T,C27673T,G28086T	0	1	3	4			ORF7a:Q94*,ORF8:A65S,S:H1101Y,S:K1191N	0	0	4	4		NODE_0000922	C313T,C24863T,G25135T,C27673T,G28086T		ORF7a:Q94*,ORF8:A65S,S:H1101Y,S:K1191N		NODE_0000922	C313T,C24863T,G25135T,C27673T,G28086T		ORF7a:Q94*,ORF8:A65S,S:H1101Y,S:K1191N		N/A	N/A	N/A	N/A	N/A	N/A	N/A	N/A	N/A	N/A			3000	0	good	0	10	0	good	0	24	-1	0	good	7		0	good	0		0		0	0	good		0	0	good	0				
85	MT459849.1 Severe acute respiratory syndrome coronavirus 2 isolate SARS-CoV-2/human/GRC/133_31929/2020, complete genome	20A	20A		20A	B.1	B.1	0	good	7	0	0	0	0	0	4	0	0	0	89426	26	29843	0.9971574758385446	E:1,M:1,N:1,ORF1a:1,ORF1b:1,ORF3a:1,ORF6:1,ORF7a:1,ORF7b:1,ORF8:1,ORF9b:1,S:1	false	C241T,C3037T,C6312G,C14408T,C18877T,A23403G,G25563T				ORF1a:T2016R,ORF1b:P314L,ORF3a:Q57H,S:D614G					C6312G	0	0	1	1			ORF1a:T2016R	0	0	1	1		NODE_0000764	C6312G,C18877T,G25563T		ORF1a:T2016R,ORF3a:Q57H		NODE_0000764	C6312G,C18877T,G25563T		ORF1a:T2016R,ORF3a:Q57H		N/A	N/A	N/A	N/A	N/A	N/A	N/A	N/A	N/A	N/A			3000	0	good	0	10	0	good	0	24	-7	0	good	1		0	good	0		0		0	0	good		0	0	good	0				
82	MT459837.1 Severe acute respiratory syndrome coronavirus 2 isolate SARS-CoV-2/human/GRC/35_36913/2020, complete genome	19A	19A		19A	B.40	B.40	0	good	7	0	0	0	0	0	6	0	0	0	89426	26	29843	0.9971574758385446	E:1,M:1,N:1,ORF1a:1,ORF1b:1,ORF3a:1,ORF6:1,ORF7a:1,ORF7b:1,ORF8:1,ORF9b:1,S:1	false	A2480G,C2558T,G11083T,C14805T,C20402T,G24926T,G26144T				ORF1a:I739V,ORF1a:P765S,ORF1a:L3606F,ORF1b:S2312L,ORF3a:G251V,S:V1122L					C20402T,G24926T	0	0	2	2			ORF1b:S2312L,S:V1122L	0	0	2	2		NODE_0000000	A2480G,C2558T,G11083T,C14805T,C20402T,G24926T,G26144T		ORF1a:I739V,ORF1a:P765S,ORF1a:L3606F,ORF1b:S2312L,ORF3a:G251V,S:V1122L		B.40	C20402T,G24926T		ORF1b:S2312L,S:V1122L		N/A	N/A	N/A	N/A	N/A	N/A	N/A	N/A	N/A	N/A			3000	0	good	0	10	0	good	0	24	-6	0	good	2		0	good	0		0		0	0	good		0	0	good	0				
88	MT459862.1 Severe acute respiratory syndrome coronavirus 2 isolate SARS-CoV-2/human/GRC/146_35473/2020, complete genome	19A	19A		19A	B.40	B.40	0	good	5	6	0	0	0	0	4	2	0	0	89409	26	29843	0.9971574758385446	E:1,M:1,N:1,ORF1a:1,ORF1b:1,ORF3a:1,ORF6:1,ORF7a:1,ORF7b:1,ORF8:1,ORF9b:1,S:1	false	A2480G,C2558T,G11083T,C14805T,G26144T	515-520			ORF1a:I739V,ORF1a:P765S,ORF1a:L3606F,ORF3a:G251V	ORF1a:V84-,ORF1a:M85-					0	0	0	0				0	0	0	0		NODE_0000000	A2480G,C2558T,G11083T,C14805T,G26144T	515-520	ORF1a:I739V,ORF1a:P765S,ORF1a:L3606F,ORF3a:G251V	ORF1a:V84-,ORF1a:M85-	B.40		515-520		ORF1a:V84-,ORF1a:M85-	N/A	N/A	N/A	N/A	N/A	N/A	N/A	N/A	N/A	N/A			3000	0	good	0	10	0	good	0	24	-7	0	good	1		0	good	0		0		0	0	good		0	0	good	0				
81	MT459832.1 Severe acute respiratory syndrome coronavirus 2 isolate SARS-CoV-2/human/GRC/34_36284/2020, complete genome	20B	20B		20B	B.1.1	B.1.1	0	good	7	0	0	0	6	0	4	0	0	2	89420	26	29843	0.9969568270742066	E:1,M:1,N:1,ORF1a:0.9995455578277664,ORF1b:1,ORF3a:1,ORF6:1,ORF7a:1,ORF7b:1,ORF8:1,ORF9b:1,S:1	false	C241T,C3037T,C14408T,A23403G,G28881A,G28882A,G28883C				N:R203K,N:G204R,ORF1b:P314L,S:D614G						0	0	0	0				0	0	0	0	1691-1696	NODE_0000922					NODE_0000922					N/A	N/A	N/A	N/A	N/A	N/A	N/A	N/A	N/A	N/A	ORF1a:476-477		3000	0	good	6	10	0	good	0	24	-8	0	good	0		0	good	0		0		0	0	good		0	0	good	0				
86	MT459856.1 Severe acute respiratory syndrome coronavirus 2 isolate SARS-CoV-2/human/GRC/140_32855/2020, complete genome	20B	20B		20B	B.1.1	B.1.1	0	good	10	0	0	0	49	0	4	0	0	18	89365	26	29843	0.9955188442631174	E:1,M:1,N:1,ORF1a:0.998863894569416,ORF1b:0.9951780415430267,ORF3a:1,ORF6:1,ORF7a:1,ORF7b:1,ORF8:1,ORF9b:1,S:1	false	C241T,G1681A,C3037T,T8719C,C14408T,G14734T,A23403G,G28881A,G28882A,G28883C				N:R203K,N:G204R,ORF1b:P314L,S:D614G					G1681A,T8719C,G14734T	0	0	3	3				0	0	0	0	1691-1704,14736-14770	NODE_0000922	G1681A,T8719C,G14734T				NODE_0000922	G1681A,T8719C,G14734T				N/A	N/A	N/A	N/A	N/A	N/A	N/A	N/A	N/A	N/A	ORF1a:476-480,ORF1b:423-435		3000	0	good	49	10	0	good	0	24	-5	0	good	3		0	good	0		0		0	0	good		0	0	good	0				
91	MT459887.1 Severe acute respiratory syndrome coronavirus 2 isolate SARS-CoV-2/human/GRC/219_35198/2020, complete genome	20B	20B		20B	B.1.1	B.1.1	0	good	7	0	0	0	0	0	4	0	0	0	89426	26	29843	0.9971574758385446	E:1,M:1,N:1,ORF1a:1,ORF1b:1,ORF3a:1,ORF6:1,ORF7a:1,ORF7b:1,ORF8:1,ORF9b:1,S:1	false	C241T,C3037T,C14408T,A23403G,G28881A,G28882A,G28883C				N:R203K,N:G204R,ORF1b:P314L,S:D614G						0	0	0	0				0	0	0	0		NODE_0000922					NODE_0000922					N/A	N/A	N/A	N/A	N/A	N/A	N/A	N/A	N/A	N/A			3000	0	good	0	10	0	good	0	24	-8	0	good	0		0	good	0		0		0	0	good		0	0	good	0				
89	MT459870.1 Severe acute respiratory syndrome coronavirus 2 isolate SARS-CoV-2/human/GRC/202_32984/2020, complete genome	20B	20B		20B	B.1.1	B.1.1	0	good	8	0	0	0	0	0	5	0	0	0	89422	26	29843	0.9971574758385446	E:1,M:1,N:1,ORF1a:1,ORF1b:1,ORF3a:1,ORF6:1,ORF7a:1,ORF7b:1,ORF8:1,ORF9b:1,S:1	false	C241T,C3037T,C14408T,A23403G,G28881A,G28882A,G28883C,C28887T				N:R203K,N:G204R,N:T205I,ORF1b:P314L,S:D614G				C28887T|21C&20H&21H&21D		0	1	0	1			N:T205I	0	0	1	1		NODE_0000922	C28887T		N:T205I		NODE_0000922	C28887T		N:T205I		N/A	N/A	N/A	N/A	N/A	N/A	N/A	N/A	N/A	N/A			3000	0	good	0	10	0	good	0	24	-4	0	good	4		0	good	0		0		0	0	good		0	0	good	0				
90	MT459877.1 Severe acute respiratory syndrome coronavirus 2 isolate SARS-CoV-2/human/GRC/209_33926/2020, complete genome	20D	20D		20D	B.1.1.1	B.1.1.1	0	good	11	0	0	0	32	0	6	0	0	11	89378	26	29843	0.9960873490954085	E:1,M:1,N:1,ORF1a:0.9975005680527153,ORF1b:1,ORF3a:1,ORF6:1,ORF7a:1,ORF7b:1,ORF8:1,ORF9b:1,S:1	false	C241T,C3037T,C4002T,G10097A,C13536T,C14408T,A23403G,C23731T,G28881A,G28882A,G28883C				N:R203K,N:G204R,ORF1a:T1246I,ORF1a:G3278S,ORF1b:P314L,S:D614G						0	0	0	0				0	0	0	0	4117-4148	NODE_0000960					NODE_0000960					N/A	N/A	N/A	N/A	N/A	N/A	N/A	N/A	N/A	N/A	ORF1a:1285-1295		3000	0	good	32	10	0	good	0	24	-8	0	good	0		0	good	0		0		0	0	good		0	0	good	0				
87	MT459861.1 Severe acute respiratory syndrome coronavirus 2 isolate SARS-CoV-2/human/GRC/145_34726/2020, complete genome	19B	19B		19B	A.5	A.5	0	good	6	0	0	0	0	0	2	0	0	0	89430	26	29843	0.9971574758385446	E:1,M:1,N:1,ORF1a:1,ORF1b:1,ORF3a:1,ORF6:1,ORF7a:1,ORF7b:1,ORF8:1,ORF9b:1,S:1	false	C8782T,C12754T,G21255T,G25906T,C26088T,T28144C				ORF3a:G172C,ORF8:L84S					C12754T,G21255T,G25906T	0	0	3	3			ORF3a:G172C	0	0	1	1		internal_b384	C12754T,G21255T,G25906T,C26088T		ORF3a:G172C		A.5	C12754T,G21255T,G25906T		ORF3a:G172C		N/A	N/A	N/A	N/A	N/A	N/A	N/A	N/A	N/A	N/A			3000	0	good	0	10	0	good	0	24	-5	0	good	3		0	good	0		0		0	0	good		0	0	good	0				
92	MT459891.1 Severe acute respiratory syndrome coronavirus 2 isolate SARS-CoV-2/human/GRC/223_34904/2020, complete genome	20B	20B		20B	B.1.1	B.1.1	0	good	8	0	0	0	0	0	5	0	0	0	89422	26	29843	0.9971574758385446	E:1,M:1,N:1,ORF1a:1,ORF1b:1,ORF3a:1,ORF6:1,ORF7a:1,ORF7b:1,ORF8:1,ORF9b:1,S:1	false	C241T,C3037T,C14408T,C19862T,A23403G,G28881A,G28882A,G28883C				N:R203K,N:G204R,ORF1b:P314L,ORF1b:A2132V,S:D614G					C19862T	0	0	1	1			ORF1b:A2132V	0	0	1	1		NODE_0000922	C19862T		ORF1b:A2132V		NODE_0000922	C19862T		ORF1b:A2132V		N/A	N/A	N/A	N/A	N/A	N/A	N/A	N/A	N/A	N/A			3000	0	good	0	10	0	good	0	24	-7	0	good	1		0	good	0		0		0	0	good		0	0	good	0				
94	MT459893.1 Severe acute respiratory syndrome coronavirus 2 isolate SARS-CoV-2/human/GRC/225_35203/2020, complete genome	20C	20C		20C	B.1	B.1	0	good	12	0	0	0	26	0	7	0	0	9	89380	26	29843	0.9962879978597465	E:1,M:1,N:1,ORF1a:0.9979550102249489,ORF1b:1,ORF3a:1,ORF6:1,ORF7a:1,ORF7b:1,ORF8:1,ORF9b:1,S:1	false	C241T,C1059T,C3037T,C4780T,G9136A,G11083T,C14408T,C21781T,A23403G,G25563T,C26801T,C29415T				N:A381V,ORF1a:T265I,ORF1a:M2957I,ORF1a:L3606F,ORF1b:P314L,ORF3a:Q57H,S:D614G					C4780T,G9136A,G11083T,C21781T,C26801T,C29415T	0	0	6	6			N:A381V,ORF1a:M2957I,ORF1a:L3606F	0	0	3	3	9026-9039,11125-11136	NODE_0000826	C4780T,G9136A,G11083T,C21781T,C26801T,C29415T		N:A381V,ORF1a:M2957I,ORF1a:L3606F		NODE_0000764	C1059T,C4780T,G9136A,G11083T,C21781T,G25563T,C26801T,C29415T		N:A381V,ORF1a:T265I,ORF1a:M2957I,ORF1a:L3606F,ORF3a:Q57H		N/A	N/A	N/A	N/A	N/A	N/A	N/A	N/A	N/A	N/A	ORF1a:2921-2925,ORF1a:3621-3624		3000	0	good	26	10	0	good	0	24	-2	0	good	6		0	good	0		0		0	0	good		0	0	good	0				
93	MT459892.1 Severe acute respiratory syndrome coronavirus 2 isolate SARS-CoV-2/human/GRC/224_35200/2020, complete genome	20A	20A		20A	B.1	B.1	0	good	6	0	0	0	137	0	3	0	0	46	89293	26	29843	0.9925759957194931	E:1,M:1,N:1,ORF1a:0.9920472619859123,ORF1b:0.9985163204747775,ORF3a:1,ORF6:1,ORF7a:0.9426229508196722,ORF7b:1,ORF8:1,ORF9b:1,S:1	false	C241T,C3037T,C14408T,C18877T,A23403G,G25563T				ORF1b:P314L,ORF3a:Q57H,S:D614G						0	0	0	0				0	0	0	0	2356-2383,6845-6882,7300-7327,11126-11137,20473-20483,27711-27730	NODE_0000764	C18877T,G25563T		ORF3a:Q57H		NODE_0000764	C18877T,G25563T		ORF3a:Q57H		N/A	N/A	N/A	N/A	N/A	N/A	N/A	N/A	N/A	N/A	ORF1a:698-706,ORF1a:2194-2206,ORF1a:2346-2354,ORF1a:3621-3624,ORF1b:2336-2339,ORF7a:107-113		3000	0	good	137	10	0	good	0	24	-8	0	good	0		0	good	0		0		0	0	good		0	0	good	0				
95	MT459895.1 Severe acute respiratory syndrome coronavirus 2 isolate SARS-CoV-2/human/GRC/227_35969/2020, complete genome	20B	20B		20B	B.1.1	B.1.1	0	good	7	0	0	0	17	0	4	0	0	6	89409	26	29843	0.9965889710062535	E:1,M:1,N:1,ORF1a:0.9986366734832992,ORF1b:1,ORF3a:1,ORF6:1,ORF7a:1,ORF7b:1,ORF8:1,ORF9b:1,S:1	false	C241T,C3037T,C14408T,A23403G,G28881A,G28882A,G28883C				N:R203K,N:G204R,ORF1b:P314L,S:D614G						0	0	0	0				0	0	0	0	7300-7316	NODE_0000922					NODE_0000922					N/A	N/A	N/A	N/A	N/A	N/A	N/A	N/A	N/A	N/A	ORF1a:2346-2351		3000	0	good	17	10	0	good	0	24	-8	0	good	0		0	good	0		0		0	0	good		0	0	good	0				
97	MT459906.1 Severe acute respiratory syndrome coronavirus 2 isolate SARS-CoV-2/human/GRC/45_35378/2020, complete genome	20B	20B		20B	B.1.1	B.1.1	0	good	7	0	0	0	0	0	4	0	0	0	89426	26	29843	0.9971574758385446	E:1,M:1,N:1,ORF1a:1,ORF1b:1,ORF3a:1,ORF6:1,ORF7a:1,ORF7b:1,ORF8:1,ORF9b:1,S:1	false	C241T,C3037T,C14408T,A23403G,G28881A,G28882A,G28883C				N:R203K,N:G204R,ORF1b:P314L,S:D614G						0	0	0	0				0	0	0	0		NODE_0000922					NODE_0000922					N/A	N/A	N/A	N/A	N/A	N/A	N/A	N/A	N/A	N/A			3000	0	good	0	10	0	good	0	24	-8	0	good	0		0	good	0		0		0	0	good		0	0	good	0				
99	MT459920.1 Severe acute respiratory syndrome coronavirus 2 isolate SARS-CoV-2/human/GRC/262_32443/2020, complete genome	20B	20B		20B	B.1.1	B.1.1	0	good	7	0	0	0	0	0	4	0	0	0	89426	26	29843	0.9971574758385446	E:1,M:1,N:1,ORF1a:1,ORF1b:1,ORF3a:1,ORF6:1,ORF7a:1,ORF7b:1,ORF8:1,ORF9b:1,S:1	false	C241T,C3037T,C14408T,A23403G,G28881A,G28882A,G28883C				N:R203K,N:G204R,ORF1b:P314L,S:D614G						0	0	0	0				0	0	0	0		NODE_0000922					NODE_0000922					N/A	N/A	N/A	N/A	N/A	N/A	N/A	N/A	N/A	N/A			3000	0	good	0	10	0	good	0	24	-8	0	good	0		0	good	0		0		0	0	good		0	0	good	0				
96	MT459903.1 Severe acute respiratory syndrome coronavirus 2 isolate SARS-CoV-2/human/GRC/40_36244/2020, complete genome	20B	20B		20B	B.1.1	B.1.1	0	good	10	0	0	0	0	0	6	0	0	0	89414	26	29843	0.9971574758385446	E:1,M:1,N:1,ORF1a:1,ORF1b:1,ORF3a:1,ORF6:1,ORF7a:1,ORF7b:1,ORF8:1,ORF9b:1,S:1	false	C241T,C3037T,C14408T,A23403G,A26114T,G28881A,G28882A,G28883C,C29364G,C29754T				N:R203K,N:G204R,N:P364R,ORF1b:P314L,ORF3a:E241V,S:D614G					A26114T,C29364G,C29754T	0	0	3	3			N:P364R,ORF3a:E241V	0	0	2	2		NODE_0000922	A26114T,C29364G,C29754T		N:P364R,ORF3a:E241V		NODE_0000922	A26114T,C29364G,C29754T		N:P364R,ORF3a:E241V		N/A	N/A	N/A	N/A	N/A	N/A	N/A	N/A	N/A	N/A			3000	0	good	0	10	0	good	0	24	-5	0	good	3		0	good	0		0		0	0	good		0	0	good	0				
98	MT459911.1 Severe acute respiratory syndrome coronavirus 2 isolate SARS-CoV-2/human/GRC/153_33892/2020, complete genome	20B	20B		20B	B.1.1	B.1.1	0	good	8	0	0	0	0	0	5	0	0	0	89422	26	29843	0.9971574758385446	E:1,M:1,N:1,ORF1a:1,ORF1b:1,ORF3a:1,ORF6:1,ORF7a:1,ORF7b:1,ORF8:1,ORF9b:1,S:1	false	C241T,C3037T,C14408T,A23403G,G23868T,G28881A,G28882A,G28883C				N:R203K,N:G204R,ORF1b:P314L,S:D614G,S:G769V					G23868T	0	0	1	1			S:G769V	0	0	1	1		NODE_0000922	G23868T		S:G769V		NODE_0000922	G23868T		S:G769V		N/A	N/A	N/A	N/A	N/A	N/A	N/A	N/A	N/A	N/A			3000	0	good	0	10	0	good	0	24	-7	0	good	1		0	good	0		0		0	0	good		0	0	good	0				
100	MT466071.1 Severe acute respiratory syndrome coronavirus 2 isolate SARS-CoV-2/human/URY/Mdeo-1/2020, complete genome	19B	19B		19B	A.5	A.5	0	good	4	0	0	0	0	0	1	0	0	0	89693	1	29903	1	E:1,M:1,N:1,ORF1a:1,ORF1b:1,ORF3a:1,ORF6:1,ORF7a:1,ORF7b:1,ORF8:1,ORF9b:1,S:1	false	C8782T,C17470T,C26088T,T28144C				ORF8:L84S					C17470T	0	0	1	1				0	0	0	0		internal_b384	C17470T,C26088T				A.5	C17470T				N/A	N/A	N/A	N/A	N/A	N/A	N/A	N/A	N/A	N/A			3000	0	good	0	10	0	good	0	24	-7	0	good	1		0	good	0		0		0	0	good		0	0	good	0				
103	MT467249.1 Severe acute respiratory syndrome coronavirus 2 isolate SARS-CoV-2/human/IND/GBRC32/2020, complete genome	20A	20A		20A	B.1	B.1	0	good	6	0	0	0	0	0	3	0	0	0	89376	43	29842	0.9965555295455305	E:1,M:1,N:1,ORF1a:1,ORF1b:1,ORF3a:1,ORF6:1,ORF7a:1,ORF7b:1,ORF8:1,ORF9b:1,S:1	false	C241T,C3037T,C6145T,C14408T,A23403G,G23593T				ORF1b:P314L,S:D614G,S:Q677H					C6145T,G23593T	0	0	2	2			S:Q677H	0	0	1	1		NODE_0000764	C6145T,G23593T		S:Q677H		NODE_0000764	C6145T,G23593T		S:Q677H		N/A	N/A	N/A	N/A	N/A	N/A	N/A	N/A	N/A	N/A			3000	0	good	0	10	0	good	0	24	-6	0	good	2		0	good	0		0		0	0	good		0	0	good	0				
102	MT467247.1 Severe acute respiratory syndrome coronavirus 2 isolate SARS-CoV-2/human/IND/GBRC31/2020, complete genome	20A	20A		20A	B.1	B.1	0	good	9	0	0	0	0	0	5	0	0	0	89364	43	29842	0.9965555295455305	E:1,M:1,N:1,ORF1a:1,ORF1b:1,ORF3a:1,ORF6:1,ORF7a:1,ORF7b:1,ORF8:1,ORF9b:1,S:1	false	C241T,C3037T,C3737T,G4866T,C12710T,C14408T,C14425A,T21890C,A23403G				ORF1a:P1158S,ORF1a:S1534I,ORF1b:P314L,ORF1b:L320I,S:D614G					C3737T,G4866T,C12710T,C14425A,T21890C	0	0	5	5			ORF1a:P1158S,ORF1a:S1534I,ORF1b:L320I	0	0	3	3		NODE_0000764	C3737T,G4866T,C12710T,C14425A,T21890C		ORF1a:P1158S,ORF1a:S1534I,ORF1b:L320I		NODE_0000764	C3737T,G4866T,C12710T,C14425A,T21890C		ORF1a:P1158S,ORF1a:S1534I,ORF1b:L320I		N/A	N/A	N/A	N/A	N/A	N/A	N/A	N/A	N/A	N/A			3000	0	good	0	10	0	good	0	24	-3	0	good	5		0	good	0		0		0	0	good		0	0	good	0				
101	MT467245.1 Severe acute respiratory syndrome coronavirus 2 isolate SARS-CoV-2/human/IND/GBRC30/2020, complete genome	20A	20A		20A	B.1.36	B.1.36	0	good	10	0	0	0	0	0	4	0	0	0	89360	43	29842	0.9965555295455305	E:1,M:1,N:1,ORF1a:1,ORF1b:1,ORF3a:1,ORF6:1,ORF7a:1,ORF7b:1,ORF8:1,ORF9b:1,S:1	false	C241T,C2836T,C3037T,C14408T,C18877T,C22444T,A23403G,G25563T,C26735T,C28854T				N:S194L,ORF1b:P314L,ORF3a:Q57H,S:D614G					C2836T	0	0	1	1				0	0	0	0		NODE_0000764	C2836T,C18877T,C22444T,G25563T,C26735T,C28854T		N:S194L,ORF3a:Q57H		NODE_0000821	C2836T				N/A	N/A	N/A	N/A	N/A	N/A	N/A	N/A	N/A	N/A			3000	0	good	0	10	0	good	0	24	-7	0	good	1		0	good	0		0		0	0	good		0	0	good	0				
104	MT470219.1 Severe acute respiratory syndrome coronavirus 2 isolate SARS-CoV-2/human/COL/Cali-01/2020, complete genome	20C	20C		20C	B.1	B.1	0	good	7	0	0	0	0	0	4	0	0	0	89681	1	29903	1	E:1,M:1,N:1,ORF1a:1,ORF1b:1,ORF3a:1,ORF6:1,ORF7a:1,ORF7b:1,ORF8:1,ORF9b:1,S:1	false	C241T,C1059T,C3037T,C14408T,A23122T,A23403G,G25563T				ORF1a:T265I,ORF1b:P314L,ORF3a:Q57H,S:D614G					A23122T	0	0	1	1				0	0	0	0		NODE_0000826	A23122T				NODE_0000764	C1059T,A23122T,G25563T		ORF1a:T265I,ORF3a:Q57H		N/A	N/A	N/A	N/A	N/A	N/A	N/A	N/A	N/A	N/A			3000	0	good	0	10	0	good	0	24	-7	0	good	1		0	good	0		0		0	0	good		0	0	good	0				
106	MT483875.1 Severe acute respiratory syndrome coronavirus 2 isolate SARS-CoV-2/human/ITA/73696/2020, complete genome	20A	20A		20A	B.1	B.1	0	good	5	0	0	0	0	0	3	0	0	0	89383	42	29842	0.9965889710062535	E:1,M:1,N:1,ORF1a:1,ORF1b:1,ORF3a:1,ORF6:1,ORF7a:1,ORF7b:1,ORF8:1,ORF9b:1,S:1	false	C241T,C3037T,C14408T,A23403G,A26530G				M:D3G,ORF1b:P314L,S:D614G				A26530G|21K		0	1	0	1			M:D3G	0	0	1	1		NODE_0000764	A26530G		M:D3G		NODE_0000764	A26530G		M:D3G		N/A	N/A	N/A	N/A	N/A	N/A	N/A	N/A	N/A	N/A			3000	0	good	0	10	0	good	0	24	-4	0	good	4		0	good	0		0		0	0	good		0	0	good	0				
109	MT478019.1 Severe acute respiratory syndrome coronavirus 2 isolate SARS-CoV-2/human/TUR/A2/2020, complete genome	20B	20B		20B	B.1.1	B.1.1	0	good	7	0	0	0	0	0	4	0	0	0	89576	8	29875	0.9988295488746949	E:1,M:1,N:1,ORF1a:1,ORF1b:1,ORF3a:1,ORF6:1,ORF7a:1,ORF7b:1,ORF8:1,ORF9b:1,S:1	false	C241T,C3037T,C14408T,A23403G,G28881A,G28882A,G28883C				N:R203K,N:G204R,ORF1b:P314L,S:D614G						0	0	0	0				0	0	0	0		NODE_0000922					NODE_0000922					N/A	N/A	N/A	N/A	N/A	N/A	N/A	N/A	N/A	N/A			3000	0	good	0	10	0	good	0	24	-8	0	good	0		0	good	0		0		0	0	good		0	0	good	0				
107	MT483877.1 Severe acute respiratory syndrome coronavirus 2 isolate SARS-CoV-2/human/ITA/34117/2020, complete genome	20A	20A		20A	B.1	B.1	0	good	6	0	0	0	0	0	3	0	0	0	89376	43	29842	0.9965555295455305	E:1,M:1,N:1,ORF1a:1,ORF1b:1,ORF3a:1,ORF6:1,ORF7a:1,ORF7b:1,ORF8:1,ORF9b:1,S:1	false	C241T,C3037T,C12115T,C14408T,A23403G,A26530G				M:D3G,ORF1b:P314L,S:D614G				A26530G|21K	C12115T	0	1	1	2			M:D3G	0	0	1	1		NODE_0000764	C12115T,A26530G		M:D3G		NODE_0000764	C12115T,A26530G		M:D3G		N/A	N/A	N/A	N/A	N/A	N/A	N/A	N/A	N/A	N/A			3000	0	good	0	10	0	good	0	24	-3	0	good	5		0	good	0		0		0	0	good		0	0	good	0				
105	MT476385.1 Severe acute respiratory syndrome coronavirus 2 isolate SARS-CoV-2/human/BGD/CHRF_0001/2020, complete genome	20B	20B		20B	B.1.1.25	B.1.1.25	0	good	9	0	0	0	0	0	6	0	0	0	89670	2	29903	0.999966558539277	E:1,M:1,N:1,ORF1a:1,ORF1b:1,ORF3a:1,ORF6:1,ORF7a:1,ORF7b:1,ORF8:1,ORF9b:1,S:1	false	C241T,A1163T,C3037T,C14408T,G17019T,A23403G,G28881A,G28882A,G28883C				N:R203K,N:G204R,ORF1a:I300F,ORF1b:P314L,ORF1b:E1184D,S:D614G					G17019T	0	0	1	1			ORF1b:E1184D	0	0	1	1		NODE_0000922	A1163T,G17019T		ORF1a:I300F,ORF1b:E1184D		B.1.1.25	G17019T		ORF1b:E1184D		N/A	N/A	N/A	N/A	N/A	N/A	N/A	N/A	N/A	N/A			3000	0	good	0	10	0	good	0	24	-7	0	good	1		0	good	0		0		0	0	good		0	0	good	0				
108	MT478018.1 Severe acute respiratory syndrome coronavirus 2 isolate SARS-CoV-2/human/TUR/A1/2020, complete genome	20A	20A		20A	B.1	B.1	0	good	8	0	0	0	0	0	3	0	0	0	89572	8	29875	0.9988295488746949	E:1,M:1,N:1,ORF1a:1,ORF1b:1,ORF3a:1,ORF6:1,ORF7a:1,ORF7b:1,ORF8:1,ORF9b:1,S:1	false	C241T,C3037T,C14408T,C17439T,C18877T,A23403G,G25563T,C26735T				ORF1b:P314L,ORF3a:Q57H,S:D614G					C17439T	0	0	1	1				0	0	0	0		NODE_0000764	C17439T,C18877T,G25563T,C26735T		ORF3a:Q57H		NODE_0000764	C17439T,C18877T,G25563T,C26735T		ORF3a:Q57H		N/A	N/A	N/A	N/A	N/A	N/A	N/A	N/A	N/A	N/A			3000	0	good	0	10	0	good	0	24	-7	0	good	1		0	good	0		0		0	0	good		0	0	good	0				
112	MT270106.1 Severe acute respiratory syndrome coronavirus 2 isolate SARS-CoV-2/human/DEU/BavPat7-ChVir1289/2020, complete genome	20A	20A		20A	B.1	B.1	0	good	4	0	0	0	0	0	2	0	0	0	89576	3	29866	0.9986957830318028	E:1,M:1,N:1,ORF1a:1,ORF1b:1,ORF3a:1,ORF6:1,ORF7a:1,ORF7b:1,ORF8:1,ORF9b:1,S:1	false	C241T,C3037T,G6446A,A23403G				ORF1a:V2061I,S:D614G			T14408C		G6446A	1	0	1	2	ORF1b:L314P		ORF1a:V2061I	1	0	1	2		NODE_0000764	G6446A,T14408C		ORF1a:V2061I,ORF1b:L314P		NODE_0000764	G6446A,T14408C		ORF1a:V2061I,ORF1b:L314P		N/A	N/A	N/A	N/A	N/A	N/A	N/A	N/A	N/A	N/A			3000	0	good	0	10	0	good	0	24	-1	0	good	7		0	good	0		0		0	0	good		0	0	good	0				
111	MT270103.1 Severe acute respiratory syndrome coronavirus 2 isolate SARS-CoV-2/human/DEU/BavPat3-ChVir1020/2020, complete genome	20A	20A		20A	B.1	B.1	0	good	3	0	0	0	0	0	1	0	0	0	89499	30	29866	0.9977928635922817	E:1,M:1,N:1,ORF1a:1,ORF1b:1,ORF3a:1,ORF6:1,ORF7a:1,ORF7b:1,ORF8:1,ORF9b:1,S:1	false	C241T,C3037T,A23403G				S:D614G			T14408C			1	0	0	1	ORF1b:L314P			1	0	0	1		NODE_0000764	T14408C		ORF1b:L314P		NODE_0000764	T14408C		ORF1b:L314P		N/A	N/A	N/A	N/A	N/A	N/A	N/A	N/A	N/A	N/A			3000	0	good	0	10	0	good	0	24	-2	0	good	6		0	good	0		0		0	0	good		0	0	good	0				
113	MT270112.1 Severe acute respiratory syndrome coronavirus 2 isolate SARS-CoV-2/human/DEU/BavPat2-ChVir984-ChVir1017/2020, complete genome	20A	20A		20A	B.1	B.1	0	good	3	0	0	0	0	0	1	0	0	0	89562	16	29873	0.9984951342674648	E:1,M:1,N:1,ORF1a:1,ORF1b:1,ORF3a:1,ORF6:1,ORF7a:1,ORF7b:1,ORF8:1,ORF9b:1,S:1	false	C241T,C3037T,A23403G				S:D614G			T14408C			1	0	0	1	ORF1b:L314P			1	0	0	1		NODE_0000764	T14408C		ORF1b:L314P		NODE_0000764	T14408C		ORF1b:L314P		N/A	N/A	N/A	N/A	N/A	N/A	N/A	N/A	N/A	N/A			3000	0	good	0	10	0	good	0	24	-2	0	good	6		0	good	0		0		0	0	good		0	0	good	0				
110	MT232684.1 Severe acute respiratory syndrome coronavirus 2 isolate SARS-CoV-2/human/HKG/42_0302/2020, complete genome	19A	19A		19A	B	B	0	good	4	0	0	0	44	0	4	0	0	18	89286	55	29836	0.9944821589807042	E:1,M:1,N:1,ORF1a:0.9961372415360146,ORF1b:1,ORF3a:1,ORF6:1,ORF7a:1,ORF7b:1,ORF8:1,ORF9b:1,S:0.9992150706436421	false	T4281A,G14948T,G26144T,G29239T				N:M322I,ORF1a:V1339E,ORF1b:G494V,ORF3a:G251V					T4281A,G14948T,G26144T,G29239T	0	0	4	4			N:M322I,ORF1a:V1339E,ORF1b:G494V,ORF3a:G251V	0	0	4	4	5297-5320,5326-5331,5333-5343,5356,5373,23144	NODE_0000000	T4281A,G14948T,G26144T,G29239T		N:M322I,ORF1a:V1339E,ORF1b:G494V,ORF3a:G251V		NODE_0000000	T4281A,G14948T,G26144T,G29239T		N:M322I,ORF1a:V1339E,ORF1b:G494V,ORF3a:G251V		N/A	N/A	N/A	N/A	N/A	N/A	N/A	N/A	N/A	N/A	ORF1a:1678-1685,ORF1a:1687-1693,ORF1a:1697,ORF1a:1703,S:528		3000	0	good	44	10	0	good	0	24	-4	0	good	4		0	good	0		0		0	0	good		0	0	good	0				
114	MT231246.1 Severe acute respiratory syndrome coronavirus 2 isolate SARS-CoV-2/human/GEO/MM202054/2020, complete genome	19A	19A		19A	B	B	0	good	3	0	0	0	0	0	3	0	0	0	89487	4	29836	0.9976590977493897	E:1,M:1,N:1,ORF1a:1,ORF1b:1,ORF3a:1,ORF6:1,ORF7a:1,ORF7b:1,ORF8:1,ORF9b:1,S:1	false	A915G,G11083T,G26144T				ORF1a:E217G,ORF1a:L3606F,ORF3a:G251V			T14805C		A915G	1	0	1	2			ORF1a:E217G	0	0	1	1		NODE_0000000	A915G,G11083T,G26144T		ORF1a:E217G,ORF1a:L3606F,ORF3a:G251V		NODE_0000000	A915G,G11083T,G26144T		ORF1a:E217G,ORF1a:L3606F,ORF3a:G251V		N/A	N/A	N/A	N/A	N/A	N/A	N/A	N/A	N/A	N/A			3000	0	good	0	10	0	good	0	24	-1	0	good	7		0	good	0		0		0	0	good		0	0	good	0				
116	MT231248.1 Severe acute respiratory syndrome coronavirus 2 isolate SARS-CoV-2/human/GEO/MM202082/2020, complete genome	19A	19A		19A	B.4	B.4	0	good	9	0	0	0	5	0	7	0	0	2	89458	4	29836	0.9974918904457747	E:1,M:1,N:1,ORF1a:0.9995455578277664,ORF1b:1,ORF3a:1,ORF6:1,ORF7a:1,ORF7b:1,ORF8:1,ORF9b:1,S:1	false	C884T,G1397A,G8653T,C10029T,C11067T,G11083T,C20825A,T28688C,G29742T				ORF1a:R207C,ORF1a:V378I,ORF1a:M2796I,ORF1a:T3255I,ORF1a:S3601F,ORF1a:L3606F,ORF1b:T2453K				C10029T|21J&21K&21L&22B&22E&23A&22C&24A&22A&23F&23D&23B&22D&24E&22F&rec&25C&23C&24C&24F&23E&24B&23H&25B&25A&24G&23I&21H&23G&24H&21G&24D&21M&25D&24I&25G&25E&25I&25H&25F	C884T,G8653T,C11067T,C20825A	0	1	4	5			ORF1a:R207C,ORF1a:M2796I,ORF1a:T3255I,ORF1a:S3601F,ORF1b:T2453K	0	0	5	5	4509-4513	NODE_0000000	C884T,G1397A,G8653T,C10029T,C11067T,G11083T,C20825A,T28688C,G29742T		ORF1a:R207C,ORF1a:V378I,ORF1a:M2796I,ORF1a:T3255I,ORF1a:S3601F,ORF1a:L3606F,ORF1b:T2453K		B.4	C884T,G8653T,C10029T,C11067T,C20825A		ORF1a:R207C,ORF1a:M2796I,ORF1a:T3255I,ORF1a:S3601F,ORF1b:T2453K		N/A	N/A	N/A	N/A	N/A	N/A	N/A	N/A	N/A	N/A	ORF1a:1415-1416		3000	0	good	5	10	0	good	0	24	0	0	good	8		0	good	0		0		0	0	good		0	0	good	0				
115	MT231247.1 Severe acute respiratory syndrome coronavirus 2 isolate SARS-CoV-2/human/GEO/MM2020477/2020, complete genome	20A	20A		20A	B.1	B.1	0	good	4	0	0	0	0	0	2	0	0	0	89483	4	29836	0.9976590977493897	E:1,M:1,N:1,ORF1a:1,ORF1b:1,ORF3a:1,ORF6:1,ORF7a:1,ORF7b:1,ORF8:1,ORF9b:1,S:1	false	C241T,C3037T,C14408T,A23403G				ORF1b:P314L,S:D614G						0	0	0	0				0	0	0	0		NODE_0000764					NODE_0000764					N/A	N/A	N/A	N/A	N/A	N/A	N/A	N/A	N/A	N/A			3000	0	good	0	10	0	good	0	24	-8	0	good	0		0	good	0		0		0	0	good		0	0	good	0				
119	MT231251.1 Severe acute respiratory syndrome coronavirus 2 isolate SARS-CoV-2/human/GEO/MM2020390/2020, complete genome	19B	19B		19B	A.2	A.2	0	good	8	0	0	0	0	0	5	0	0	0	89470	4	29837	0.9976925392101127	E:1,M:1,N:1,ORF1a:1,ORF1b:1,ORF3a:1,ORF6:1,ORF7a:1,ORF7b:1,ORF8:1,ORF9b:1,S:1	false	C8782T,T9477A,C14805T,G15359A,G25979T,T28144C,C28657T,C28863T				N:S197L,ORF1a:F3071Y,ORF1b:R631H,ORF3a:G196V,ORF8:L84S					G15359A	0	0	1	1			ORF1b:R631H	0	0	1	1		internal_b384	T9477A,C14805T,G15359A,G25979T,C28657T,C28863T		N:S197L,ORF1a:F3071Y,ORF1b:R631H,ORF3a:G196V		NODE_0000757	G15359A		ORF1b:R631H		N/A	N/A	N/A	N/A	N/A	N/A	N/A	N/A	N/A	N/A			3000	0	good	0	10	0	good	0	24	-7	0	good	1		0	good	0		0		0	0	good		0	0	good	0				
117	MT231249.1 Severe acute respiratory syndrome coronavirus 2 isolate SARS-CoV-2/human/GEO/MM2020468/2020, complete genome	19A	19A		19A	B	B	1.562500	good	4	0	0	0	0	0	4	0	0	0	89483	4	29836	0.9976590977493897	E:1,M:1,N:1,ORF1a:1,ORF1b:1,ORF3a:1,ORF6:1,ORF7a:1,ORF7b:1,ORF8:1,ORF9b:1,S:1	false	A915G,C10319T,G11083T,G26144T				ORF1a:E217G,ORF1a:L3352F,ORF1a:L3606F,ORF3a:G251V			T14805C	C10319T|20G	A915G	1	1	1	3			ORF1a:E217G,ORF1a:L3352F	0	0	2	2		NODE_0000000	A915G,C10319T,G11083T,G26144T		ORF1a:E217G,ORF1a:L3352F,ORF1a:L3606F,ORF3a:G251V		NODE_0000000	A915G,C10319T,G11083T,G26144T		ORF1a:E217G,ORF1a:L3352F,ORF1a:L3606F,ORF3a:G251V		N/A	N/A	N/A	N/A	N/A	N/A	N/A	N/A	N/A	N/A			3000	0	good	0	10	0	good	0	24	3	12.500000	good	11		0	good	0		0		0	0	good		0	0	good	0				
118	MT231250.1 Severe acute respiratory syndrome coronavirus 2 isolate SARS-CoV-2/human/GEO/MM2020273/2020, complete genome	20A	20A		20A	B.1	B.1	0	good	5	0	0	0	2	0	2	0	0	1	89477	4	29836	0.9975922148279437	E:1,M:1,N:1,ORF1a:1,ORF1b:1,ORF3a:0.9963768115942029,ORF6:1,ORF7a:1,ORF7b:1,ORF8:1,ORF9b:1,S:1	false	C241T,C3037T,C14408T,A23403G,T28688C				ORF1b:P314L,S:D614G					T28688C	0	0	1	1				0	0	0	0	26144,29742	NODE_0000764	T28688C				NODE_0000764	T28688C				N/A	N/A	N/A	N/A	N/A	N/A	N/A	N/A	N/A	N/A	ORF3a:251		3000	0	good	2	10	0	good	0	24	-7	0	good	1		0	good	0		0		0	0	good		0	0	good	0				
121	MT231253.1 Severe acute respiratory syndrome coronavirus 2 isolate SARS-CoV-2/human/GEO/MM2020537/2020, complete genome	19A	19A		19A	B	B	0	good	4	0	0	0	0	0	4	0	0	0	89486	4	29837	0.9976925392101127	E:1,M:1,N:1,ORF1a:1,ORF1b:1,ORF3a:1,ORF6:1,ORF7a:1,ORF7b:1,ORF8:1,ORF9b:1,S:1	false	A915G,G11083T,G23522C,G26144T				ORF1a:E217G,ORF1a:L3606F,ORF3a:G251V,S:E654Q			T14805C		A915G,G23522C	1	0	2	3			ORF1a:E217G,S:E654Q	0	0	2	2		NODE_0000000	A915G,G11083T,G23522C,G26144T		ORF1a:E217G,ORF1a:L3606F,ORF3a:G251V,S:E654Q		NODE_0000000	A915G,G11083T,G23522C,G26144T		ORF1a:E217G,ORF1a:L3606F,ORF3a:G251V,S:E654Q		N/A	N/A	N/A	N/A	N/A	N/A	N/A	N/A	N/A	N/A			3000	0	good	0	10	0	good	0	24	0	0	good	8		0	good	0		0		0	0	good		0	0	good	0				
120	MT231252.1 Severe acute respiratory syndrome coronavirus 2 isolate SARS-CoV-2/human/GEO/MM2020637/2020, complete genome	20C	20C		20C	B.1	B.1	0	good	8	0	0	0	0	0	5	0	0	0	89467	4	29836	0.9976590977493897	E:1,M:1,N:1,ORF1a:1,ORF1b:1,ORF3a:1,ORF6:1,ORF7a:1,ORF7b:1,ORF8:1,ORF9b:1,S:1	false	C241T,C1059T,C1385T,C3037T,T8566C,C14408T,A23403G,G25563T				ORF1a:T265I,ORF1a:H374Y,ORF1b:P314L,ORF3a:Q57H,S:D614G					C1385T,T8566C	0	0	2	2			ORF1a:H374Y	0	0	1	1		NODE_0000826	C1385T,T8566C		ORF1a:H374Y		NODE_0000764	C1059T,C1385T,T8566C,G25563T		ORF1a:T265I,ORF1a:H374Y,ORF3a:Q57H		N/A	N/A	N/A	N/A	N/A	N/A	N/A	N/A	N/A	N/A			3000	0	good	0	10	0	good	0	24	-6	0	good	2		0	good	0		0		0	0	good		0	0	good	0				
123	MT231255.1 Severe acute respiratory syndrome coronavirus 2 isolate SARS-CoV-2/human/GEO/MM2020662/2020, complete genome	20A	20A		20A	B.1.91	B.1.91	0	good	5	0	0	0	0	0	3	0	0	0	89479	4	29836	0.9976590977493897	E:1,M:1,N:1,ORF1a:1,ORF1b:1,ORF3a:1,ORF6:1,ORF7a:1,ORF7b:1,ORF8:1,ORF9b:1,S:1	false	C241T,C3037T,C14408T,A23403G,G24077T				ORF1b:P314L,S:D614G,S:D839Y						0	0	0	0				0	0	0	0		NODE_0000764	G24077T		S:D839Y		B.1.91					N/A	N/A	N/A	N/A	N/A	N/A	N/A	N/A	N/A	N/A			3000	0	good	0	10	0	good	0	24	-8	0	good	0		0	good	0		0		0	0	good		0	0	good	0				
122	MT231254.1 Severe acute respiratory syndrome coronavirus 2 isolate SARS-CoV-2/human/GEO/MM2020712/2020, complete genome	20A	20A		20A	B.1	B.1	0	good	5	0	0	0	0	0	2	0	0	0	89482	4	29837	0.9976925392101127	E:1,M:1,N:1,ORF1a:1,ORF1b:1,ORF3a:1,ORF6:1,ORF7a:1,ORF7b:1,ORF8:1,ORF9b:1,S:1	false	C241T,C3037T,C14408T,A20268G,A23403G				ORF1b:P314L,S:D614G						0	0	0	0				0	0	0	0		NODE_0000764	A20268G				NODE_0000764	A20268G				N/A	N/A	N/A	N/A	N/A	N/A	N/A	N/A	N/A	N/A			3000	0	good	0	10	0	good	0	24	-8	0	good	0		0	good	0		0		0	0	good		0	0	good	0				
124	MT496973.1 Severe acute respiratory syndrome coronavirus 2 isolate SARS-CoV-2/human/IND/GBRC37/2020, complete genome	20A	20A		20A	B.1	B.1	0	good	5	0	0	0	0	0	3	0	0	0	89380	43	29842	0.9965555295455305	E:1,M:1,N:1,ORF1a:1,ORF1b:1,ORF3a:1,ORF6:1,ORF7a:1,ORF7b:1,ORF8:1,ORF9b:1,S:1	false	C241T,G840A,C3037T,C14408T,A23403G				ORF1a:G192D,ORF1b:P314L,S:D614G					G840A	0	0	1	1			ORF1a:G192D	0	0	1	1		NODE_0000764	G840A		ORF1a:G192D		NODE_0000764	G840A		ORF1a:G192D		N/A	N/A	N/A	N/A	N/A	N/A	N/A	N/A	N/A	N/A			3000	0	good	0	10	0	good	0	24	-7	0	good	1		0	good	0		0		0	0	good		0	0	good	0				
126	MT499215.1 Severe acute respiratory syndrome coronavirus 2 isolate SARS-CoV-2/human/TUN/COV0010-12/2020, complete genome	19B	19B		19B	A	A	0	good	9	0	0	0	0	0	4	0	0	0	88902	41	29686	0.9914055445941878	E:1,M:1,N:1,ORF1a:1,ORF1b:1,ORF3a:1,ORF6:1,ORF7a:1,ORF7b:1,ORF8:1,ORF9b:1,S:1	false	T41C,A361G,T5557C,A8658G,C8782T,C13495T,G22468T,T28144C,G28878A				N:S202N,ORF1a:K2798R,ORF1b:L10F,ORF8:L84S					T41C,T5557C,A8658G,C13495T	0	0	4	4			ORF1a:K2798R,ORF1b:L10F	0	0	2	2		internal_b384	T41C,A361G,T5557C,A8658G,C13495T,G22468T,G28878A		N:S202N,ORF1a:K2798R,ORF1b:L10F		internal_b384	T41C,A361G,T5557C,A8658G,C13495T,G22468T,G28878A		N:S202N,ORF1a:K2798R,ORF1b:L10F		N/A	N/A	N/A	N/A	N/A	N/A	N/A	N/A	N/A	N/A			3000	0	good	0	10	0	good	0	24	-4	0	good	4		0	good	0		0		0	0	good		0	0	good	0				
125	MT496994.1 Severe acute respiratory syndrome coronavirus 2 isolate SARS-CoV-2/human/IND/GBRC72b/2020, complete genome	20A	20A		20A	B.1.36	B.1.36	0	good	11	0	0	0	0	0	5	0	0	0	89356	43	29842	0.9965555295455305	E:1,M:1,N:1,ORF1a:1,ORF1b:1,ORF3a:1,ORF6:1,ORF7a:1,ORF7b:1,ORF8:1,ORF9b:1,S:1	false	C241T,C2836T,C3037T,C14408T,G16078A,C18877T,C22444T,A23403G,G25563T,C26735T,C28854T				N:S194L,ORF1b:P314L,ORF1b:V871I,ORF3a:Q57H,S:D614G					C2836T,G16078A	0	0	2	2			ORF1b:V871I	0	0	1	1		NODE_0000764	C2836T,G16078A,C18877T,C22444T,G25563T,C26735T,C28854T		N:S194L,ORF1b:V871I,ORF3a:Q57H		NODE_0000821	C2836T,G16078A		ORF1b:V871I		N/A	N/A	N/A	N/A	N/A	N/A	N/A	N/A	N/A	N/A			3000	0	good	0	10	0	good	0	24	-6	0	good	2		0	good	0		0		0	0	good		0	0	good	0				
127	MT499217.1 Severe acute respiratory syndrome coronavirus 2 isolate SARS-CoV-2/human/TUN/COV1339/2020, complete genome	20A	20A		20A	B.1.9	B.1.9	0.173611	good	17	26	0	0	0	0	10	0	0	0	88867	14	29686	0.992308464033709	E:1,M:1,N:1,ORF1a:1,ORF1b:1,ORF3a:1,ORF6:1,ORF7a:1,ORF7b:1,ORF8:1,ORF9b:1,S:1	false	C241T,C2113T,C3037T,C7765T,A8658G,G8781A,C14408T,C16178T,C17690T,C18877T,G19525T,C22210T,G22424A,T22435C,A22503G,A23403G,G25563T	16-41			ORF1a:K2798R,ORF1a:S2839N,ORF1b:P314L,ORF1b:S904L,ORF1b:S1408L,ORF1b:D2020Y,ORF3a:Q57H,S:A288T,S:Q314R,S:D614G					A8658G,G8781A,C16178T,G19525T,C22210T,G22424A,T22435C,A22503G	0	0	8	8			ORF1a:K2798R,ORF1a:S2839N,ORF1b:S904L,ORF1b:D2020Y,S:A288T,S:Q314R	0	0	6	6		NODE_0000764	C2113T,C7765T,A8658G,G8781A,C16178T,C17690T,C18877T,G19525T,C22210T,G22424A,T22435C,A22503G,G25563T	16-41	ORF1a:K2798R,ORF1a:S2839N,ORF1b:S904L,ORF1b:S1408L,ORF1b:D2020Y,ORF3a:Q57H,S:A288T,S:Q314R		NODE_0000806	C2113T,A8658G,G8781A,C16178T,G19525T,C22210T,G22424A,T22435C,A22503G	16-41	ORF1a:K2798R,ORF1a:S2839N,ORF1b:S904L,ORF1b:D2020Y,S:A288T,S:Q314R		N/A	N/A	N/A	N/A	N/A	N/A	N/A	N/A	N/A	N/A			3000	0	good	0	10	0	good	0	24	1	4.166667	good	9		0	good	0		0		0	0	good		0	0	good	0				
128	MT499218.1 Severe acute respiratory syndrome coronavirus 2 isolate SARS-CoV-2/human/TUN/COV1663/2020, complete genome	20A	20A		20A	B.1	B.1	2.777778	good	17	0	0	0	0	0	7	0	0	0	89290	40	29825	0.9960873490954085	E:1,M:1,N:1,ORF1a:1,ORF1b:1,ORF3a:1,ORF6:1,ORF7a:1,ORF7b:1,ORF8:1,ORF9b:1,S:1	false	T41C,C241T,C3037T,G3896T,C7420T,A11935C,C14408T,C15324T,G18523T,C20032T,C21648T,A23403G,T29811C,A29813G,T29817G,T29822C,A29824C				ORF1a:V1211F,ORF1a:Q3890H,ORF1b:P314L,ORF1b:V1686L,ORF1b:R2189C,S:T29I,S:D614G					T41C,G3896T,C7420T,A11935C,G18523T,C20032T,C21648T,T29811C,A29813G,T29817G,T29822C,A29824C	0	0	12	12			ORF1a:V1211F,ORF1a:Q3890H,ORF1b:V1686L,ORF1b:R2189C,S:T29I	0	0	5	5		NODE_0000764	T41C,G3896T,C7420T,A11935C,C15324T,G18523T,C20032T,C21648T,T29811C,A29813G,T29817G,T29822C,A29824C		ORF1a:V1211F,ORF1a:Q3890H,ORF1b:V1686L,ORF1b:R2189C,S:T29I		NODE_0000764	T41C,G3896T,C7420T,A11935C,C15324T,G18523T,C20032T,C21648T,T29811C,A29813G,T29817G,T29822C,A29824C		ORF1a:V1211F,ORF1a:Q3890H,ORF1b:V1686L,ORF1b:R2189C,S:T29I		N/A	N/A	N/A	N/A	N/A	N/A	N/A	N/A	N/A	N/A			3000	0	good	0	10	0	good	0	24	4	16.666667	good	12		0	good	0		0		0	0	good		0	0	good	0				
129	MT499219.1 Severe acute respiratory syndrome coronavirus 2 isolate SARS-CoV-2/human/TUN/COV0425/2020, complete genome	20A	20A		20A	B.1	B.1	0	good	7	26	0	0	0	0	4	0	0	0	89372	14	29841	0.9974918904457747	E:1,M:1,N:1,ORF1a:1,ORF1b:1,ORF3a:1,ORF6:1,ORF7a:1,ORF7b:1,ORF8:1,ORF9b:1,S:1	false	C241T,C2416T,C3037T,G8371T,C14408T,A23403G,G25563T	16-41			ORF1a:Q2702H,ORF1b:P314L,ORF3a:Q57H,S:D614G					G8371T	0	0	1	1			ORF1a:Q2702H	0	0	1	1		NODE_0000764	C2416T,G8371T,G25563T	16-41	ORF1a:Q2702H,ORF3a:Q57H		NODE_0000764	C2416T,G8371T,G25563T	16-41	ORF1a:Q2702H,ORF3a:Q57H		N/A	N/A	N/A	N/A	N/A	N/A	N/A	N/A	N/A	N/A			3000	0	good	0	10	0	good	0	24	-6	0	good	2		0	good	0		0		0	0	good		0	0	good	0				
130	MT499220.1 Severe acute respiratory syndrome coronavirus 2 isolate SARS-CoV-2/human/TUN/COV1482/2020, complete genome	20C	20C		20C	B.1	B.1	0.173611	good	15	0	0	0	0	0	6	0	0	0	89415	13	29837	0.9973915660636057	E:1,M:1,N:1,ORF1a:1,ORF1b:1,ORF3a:1,ORF6:1,ORF7a:1,ORF7b:1,ORF8:1,ORF9b:1,S:1	false	T17C,C241T,C1059T,T1666C,C3037T,C14408T,A23403G,G25563T,G28346T,G28347T,T29811C,A29813G,T29817G,T29822C,A29824C				N:G25F,ORF1a:T265I,ORF1b:P314L,ORF3a:Q57H,ORF9b:A22S,S:D614G					T17C,T1666C,G28346T,G28347T,T29811C,A29813G,T29817G,T29822C,A29824C	0	0	9	9			N:G25F,ORF9b:A22S	0	0	2	2		NODE_0000826	T17C,T1666C,G28346T,G28347T,T29811C,A29813G,T29817G,T29822C,A29824C		N:G25F,ORF9b:A22S		NODE_0000764	T17C,C1059T,T1666C,G25563T,G28346T,G28347T,T29811C,A29813G,T29817G,T29822C,A29824C		N:G25F,ORF1a:T265I,ORF3a:Q57H,ORF9b:A22S		N/A	N/A	N/A	N/A	N/A	N/A	N/A	N/A	N/A	N/A			3000	0	good	0	10	0	good	0	24	1	4.166667	good	9		0	good	0		0		0	0	good		0	0	good	0				
134	MT507274.1 Severe acute respiratory syndrome coronavirus 2 isolate SARS-CoV-2/human/Jamaica/UN-CDC-3088778-001/2020, complete genome	19A	19A		19A	B.40	B.40	0	good	6	0	0	0	0	0	5	0	0	0	89622	1	29882	0.9992977293248169	E:1,M:1,N:1,ORF1a:1,ORF1b:1,ORF3a:1,ORF6:1,ORF7a:1,ORF7b:1,ORF8:1,ORF9b:1,S:1	false	A2480G,C2558T,G11083T,C14805T,G26144T,G28321A				ORF1a:I739V,ORF1a:P765S,ORF1a:L3606F,ORF3a:G251V,ORF9b:R13H					G28321A	0	0	1	1			ORF9b:R13H	0	0	1	1		NODE_0000000	A2480G,C2558T,G11083T,C14805T,G26144T,G28321A		ORF1a:I739V,ORF1a:P765S,ORF1a:L3606F,ORF3a:G251V,ORF9b:R13H		B.40	G28321A		ORF9b:R13H		N/A	N/A	N/A	N/A	N/A	N/A	N/A	N/A	N/A	N/A			3000	0	good	0	10	0	good	0	24	-7	0	good	1		0	good	0		0		0	0	good		0	0	good	0				
131	MT507271.1 Severe acute respiratory syndrome coronavirus 2 isolate SARS-CoV-2/human/Jamaica/UN-CDC-3088774-001/2020, complete genome	19A	19A		19A	B.40	B.40	0	good	6	0	0	0	0	0	5	0	0	0	89622	1	29882	0.9992977293248169	E:1,M:1,N:1,ORF1a:1,ORF1b:1,ORF3a:1,ORF6:1,ORF7a:1,ORF7b:1,ORF8:1,ORF9b:1,S:1	false	A2480G,C2558T,G11083T,C14805T,G26144T,G28321A				ORF1a:I739V,ORF1a:P765S,ORF1a:L3606F,ORF3a:G251V,ORF9b:R13H					G28321A	0	0	1	1			ORF9b:R13H	0	0	1	1		NODE_0000000	A2480G,C2558T,G11083T,C14805T,G26144T,G28321A		ORF1a:I739V,ORF1a:P765S,ORF1a:L3606F,ORF3a:G251V,ORF9b:R13H		B.40	G28321A		ORF9b:R13H		N/A	N/A	N/A	N/A	N/A	N/A	N/A	N/A	N/A	N/A			3000	0	good	0	10	0	good	0	24	-7	0	good	1		0	good	0		0		0	0	good		0	0	good	0				
133	MT507273.1 Severe acute respiratory syndrome coronavirus 2 isolate SARS-CoV-2/human/Jamaica/UN-CDC-3088777-001/2020, complete genome	19A	19A		19A	B.40	B.40	0	good	6	0	0	0	0	0	5	0	0	0	89622	1	29882	0.9992977293248169	E:1,M:1,N:1,ORF1a:1,ORF1b:1,ORF3a:1,ORF6:1,ORF7a:1,ORF7b:1,ORF8:1,ORF9b:1,S:1	false	A2480G,C2558T,G11083T,C14805T,G26144T,G28321A				ORF1a:I739V,ORF1a:P765S,ORF1a:L3606F,ORF3a:G251V,ORF9b:R13H					G28321A	0	0	1	1			ORF9b:R13H	0	0	1	1		NODE_0000000	A2480G,C2558T,G11083T,C14805T,G26144T,G28321A		ORF1a:I739V,ORF1a:P765S,ORF1a:L3606F,ORF3a:G251V,ORF9b:R13H		B.40	G28321A		ORF9b:R13H		N/A	N/A	N/A	N/A	N/A	N/A	N/A	N/A	N/A	N/A			3000	0	good	0	10	0	good	0	24	-7	0	good	1		0	good	0		0		0	0	good		0	0	good	0				
132	MT507272.1 Severe acute respiratory syndrome coronavirus 2 isolate SARS-CoV-2/human/Jamaica/UN-CDC-3088776-001/2020, complete genome	19A	19A		19A	B.6.6	B.6.6	4	good	5	0	0	0	0	2	4	0	0	1	89626	1	29882	0.9992308464033709	E:1,M:1,N:1,ORF1a:1,ORF1b:0.9996290801186943,ORF3a:1,ORF6:1,ORF7a:1,ORF7b:1,ORF8:1,ORF9b:1,S:1	false	C6312A,G11083T,C19524T,C23929T,C28311T				N:P13L,ORF1a:T2016K,ORF1a:L3606F,ORF9b:P10S			A6310C			1	0	0	1	ORF1a:R2015S			1	0	0	1		NODE_0000000	C6312A,G11083T,C19524T,C23929T,C28311T		N:P13L,ORF1a:T2016K,ORF1a:L3606F,ORF9b:P10S		B.6.6	A6310C		ORF1a:R2015S		N/A	N/A	N/A	N/A	N/A	N/A	N/A	N/A	N/A	N/A	ORF1b:88	Y:11416,Y:13730	3000	0	good	0	10	20	good	2	24	-2	0	good	6		0	good	0		0		0	0	good		0	0	good	0				
136	MT507276.1 Severe acute respiratory syndrome coronavirus 2 isolate SARS-CoV-2/human/Jamaica/UN-CDC-3088781-001/2020, complete genome	20C	20C		20C	B.1	B.1	0	good	7	0	0	0	0	0	4	0	0	0	89618	1	29882	0.9992977293248169	E:1,M:1,N:1,ORF1a:1,ORF1b:1,ORF3a:1,ORF6:1,ORF7a:1,ORF7b:1,ORF8:1,ORF9b:1,S:1	false	C241T,C1059T,C3037T,C14408T,A23403G,G25563T,C27213T				ORF1a:T265I,ORF1b:P314L,ORF3a:Q57H,S:D614G					C27213T	0	0	1	1				0	0	0	0		NODE_0000826	C27213T				NODE_0000764	C1059T,G25563T,C27213T		ORF1a:T265I,ORF3a:Q57H		N/A	N/A	N/A	N/A	N/A	N/A	N/A	N/A	N/A	N/A			3000	0	good	0	10	0	good	0	24	-7	0	good	1		0	good	0		0		0	0	good		0	0	good	0				
135	MT507275.1 Severe acute respiratory syndrome coronavirus 2 isolate SARS-CoV-2/human/Jamaica/UN-CDC-3088779-001/2020, complete genome	20C	20C		20C	B.1	B.1	0	good	7	0	0	0	0	0	4	0	0	0	89618	1	29882	0.9992977293248169	E:1,M:1,N:1,ORF1a:1,ORF1b:1,ORF3a:1,ORF6:1,ORF7a:1,ORF7b:1,ORF8:1,ORF9b:1,S:1	false	C241T,C1059T,C3037T,C14408T,A23403G,C25276T,G25563T				ORF1a:T265I,ORF1b:P314L,ORF3a:Q57H,S:D614G					C25276T	0	0	1	1				0	0	0	0		NODE_0000826	C25276T				NODE_0000764	C1059T,C25276T,G25563T		ORF1a:T265I,ORF3a:Q57H		N/A	N/A	N/A	N/A	N/A	N/A	N/A	N/A	N/A	N/A			3000	0	good	0	10	0	good	0	24	-7	0	good	1		0	good	0		0		0	0	good		0	0	good	0				
141	MT509662.1 Severe acute respiratory syndrome coronavirus 2 isolate SARS-CoV-2/human/ITA/INMI2-N/2020, complete genome	19A	19A		19A	B	B	0	good	2	0	0	0	0	0	2	0	0	0	89494	26	29859	0.9976925392101127	E:1,M:1,N:1,ORF1a:1,ORF1b:1,ORF3a:1,ORF6:1,ORF7a:1,ORF7b:1,ORF8:1,ORF9b:1,S:1	false	G11083T,G26144T				ORF1a:L3606F,ORF3a:G251V			T14805C			1	0	0	1				0	0	0	0		NODE_0000000	G11083T,G26144T		ORF1a:L3606F,ORF3a:G251V		NODE_0000000	G11083T,G26144T		ORF1a:L3606F,ORF3a:G251V		N/A	N/A	N/A	N/A	N/A	N/A	N/A	N/A	N/A	N/A			3000	0	good	0	10	0	good	0	24	-2	0	good	6		0	good	0		0		0	0	good		0	0	good	0				
137	MT507793.1 Severe acute respiratory syndrome coronavirus 2 isolate SARS-CoV-2/human/Jamaica/UN-CDC-3088775-001/2020, complete genome	19A	19A		19A	B	B	0	good	5	0	3	0	0	0	3	0	1	0	89619	1	29882	0.9992977293248169	E:1,M:1,N:1,ORF1a:1,ORF1b:1,ORF3a:1,ORF6:1,ORF7a:1,ORF7b:1,ORF8:1,ORF9b:1,S:1	false	G6589T,G11083T,C14805T,T17247C,G26144T		11074:TTT		ORF1a:K2108N,ORF1a:L3606F,ORF3a:G251V		ORF1a:3602:F			G6589T,T17247C	0	0	2	2			ORF1a:K2108N	0	0	1	1		NODE_0000000	G6589T,G11083T,C14805T,T17247C,G26144T		ORF1a:K2108N,ORF1a:L3606F,ORF3a:G251V		NODE_0000000	G6589T,G11083T,C14805T,T17247C,G26144T		ORF1a:K2108N,ORF1a:L3606F,ORF3a:G251V		N/A	N/A	N/A	N/A	N/A	N/A	N/A	N/A	N/A	N/A			3000	0	good	0	10	0	good	0	24	-6	0	good	2		0	good	0		0		0	0	good		0	0	good	0				
142	MT509665.1 Severe acute respiratory syndrome coronavirus 2 isolate SARS-CoV-2/human/ITA/LO-13075-1Mar-B/2020, complete genome	20A	20A		20A	B.1	B.1	0	good	4	0	0	0	0	0	2	0	0	0	89492	26	29861	0.9977594221315587	E:1,M:1,N:1,ORF1a:1,ORF1b:1,ORF3a:1,ORF6:1,ORF7a:1,ORF7b:1,ORF8:1,ORF9b:1,S:1	false	C241T,C3037T,C14408T,A23403G				ORF1b:P314L,S:D614G						0	0	0	0				0	0	0	0		NODE_0000764					NODE_0000764					N/A	N/A	N/A	N/A	N/A	N/A	N/A	N/A	N/A	N/A			3000	0	good	0	10	0	good	0	24	-8	0	good	0		0	good	0		0		0	0	good		0	0	good	0				
140	MT509661.1 Severe acute respiratory syndrome coronavirus 2 isolate SARS-CoV-2/human/ITA/INMI1-N/2020, complete genome	19A	19A		19A	B	B	0	good	3	0	0	0	0	0	2	0	0	0	89490	26	29859	0.9976925392101127	E:1,M:1,N:1,ORF1a:1,ORF1b:1,ORF3a:1,ORF6:1,ORF7a:1,ORF7b:1,ORF8:1,ORF9b:1,S:1	false	A2269T,G11083T,G26144T				ORF1a:L3606F,ORF3a:G251V			T14805C		A2269T	1	0	1	2				0	0	0	0		NODE_0000000	A2269T,G11083T,G26144T		ORF1a:L3606F,ORF3a:G251V		NODE_0000000	A2269T,G11083T,G26144T		ORF1a:L3606F,ORF3a:G251V		N/A	N/A	N/A	N/A	N/A	N/A	N/A	N/A	N/A	N/A			3000	0	good	0	10	0	good	0	24	-1	0	good	7		0	good	0		0		0	0	good		0	0	good	0				
138	MT507794.1 Severe acute respiratory syndrome coronavirus 2 isolate SARS-CoV-2/human/Jamaica/UN-CDC-3088780-001/2020, complete genome	20C	20C		20C	B.1	B.1	4	good	9	0	0	0	0	2	6	0	0	2	89610	1	29882	0.9992308464033709	E:1,M:1,N:0.9976190476190476,ORF1a:0.9997727789138832,ORF1b:1,ORF3a:1,ORF6:1,ORF7a:1,ORF7b:1,ORF8:1,ORF9b:1,S:1	false	C241T,C1059T,C3037T,C11916T,C14408T,C18998T,A23403G,G25563T,G29540A				ORF1a:T265I,ORF1a:S3884L,ORF1b:P314L,ORF1b:A1844V,ORF3a:Q57H,S:D614G						0	0	0	0				0	0	0	0		NODE_0000826	C11916T,C18998T,G29540A		ORF1a:S3884L,ORF1b:A1844V		NODE_0000764	C1059T,C11916T,C18998T,G25563T,G29540A		ORF1a:T265I,ORF1a:S3884L,ORF1b:A1844V,ORF3a:Q57H		N/A	N/A	N/A	N/A	N/A	N/A	N/A	N/A	N/A	N/A	ORF1a:3345,N:209	Y:10299,R:28899	3000	0	good	0	10	20	good	2	24	-8	0	good	0		0	good	0		0		0	0	good		0	0	good	0				
139	MT509660.1 Severe acute respiratory syndrome coronavirus 2 isolate SARS-CoV-2/human/ITA/INMI1-B1/2020, complete genome	19A	19A		19A	B	B	0	good	3	0	0	0	0	0	2	0	0	0	89493	25	29859	0.9977259806708357	E:1,M:1,N:1,ORF1a:1,ORF1b:1,ORF3a:1,ORF6:1,ORF7a:1,ORF7b:1,ORF8:1,ORF9b:1,S:1	false	A2269T,G11083T,G26144T				ORF1a:L3606F,ORF3a:G251V			T14805C		A2269T	1	0	1	2				0	0	0	0		NODE_0000000	A2269T,G11083T,G26144T		ORF1a:L3606F,ORF3a:G251V		NODE_0000000	A2269T,G11083T,G26144T		ORF1a:L3606F,ORF3a:G251V		N/A	N/A	N/A	N/A	N/A	N/A	N/A	N/A	N/A	N/A			3000	0	good	0	10	0	good	0	24	-1	0	good	7		0	good	0		0		0	0	good		0	0	good	0				
143	MT511066.1 Severe acute respiratory syndrome coronavirus 2 isolate SARS-CoV-2/human/POL/PL_P10/2020, complete genome	20B	20B		20B	B.1.1	B.1.1	1	good	10	0	0	0	0	1	5	0	0	0	89669	1	29903	0.999966558539277	E:1,M:1,N:1,ORF1a:1,ORF1b:1,ORF3a:1,ORF6:1,ORF7a:1,ORF7b:1,ORF8:1,ORF9b:1,S:1	false	C19T,C106T,C241T,C3037T,A8072G,C14408T,A23403G,G28881A,G28882A,G28883C				N:R203K,N:G204R,ORF1a:N2603D,ORF1b:P314L,S:D614G					C19T,C106T,A8072G	0	0	3	3			ORF1a:N2603D	0	0	1	1		NODE_0000922	C19T,C106T,A8072G		ORF1a:N2603D		NODE_0000922	C19T,C106T,A8072G		ORF1a:N2603D		N/A	N/A	N/A	N/A	N/A	N/A	N/A	N/A	N/A	N/A		M:29870	3000	0	good	0	10	10	good	1	24	-5	0	good	3		0	good	0		0		0	0	good		0	0	good	0				
145	MT511070.1 Severe acute respiratory syndrome coronavirus 2 isolate SARS-CoV-2/human/POL/PL_P14/2020, complete genome	20B	20B		20B	B.1.1	B.1.1	1	good	10	0	0	0	0	1	5	0	0	0	89669	1	29903	0.999966558539277	E:1,M:1,N:1,ORF1a:1,ORF1b:1,ORF3a:1,ORF6:1,ORF7a:1,ORF7b:1,ORF8:1,ORF9b:1,S:1	false	C19T,C106T,C241T,C3037T,A8072G,C14408T,A23403G,G28881A,G28882A,G28883C				N:R203K,N:G204R,ORF1a:N2603D,ORF1b:P314L,S:D614G					C19T,C106T,A8072G	0	0	3	3			ORF1a:N2603D	0	0	1	1		NODE_0000922	C19T,C106T,A8072G		ORF1a:N2603D		NODE_0000922	C19T,C106T,A8072G		ORF1a:N2603D		N/A	N/A	N/A	N/A	N/A	N/A	N/A	N/A	N/A	N/A		M:29870	3000	0	good	0	10	10	good	1	24	-5	0	good	3		0	good	0		0		0	0	good		0	0	good	0				
144	MT511068.1 Severe acute respiratory syndrome coronavirus 2 isolate SARS-CoV-2/human/POL/PL_P12/2020, complete genome	20B	20B		20B	B.1.1	B.1.1	1	good	11	0	0	0	0	1	6	0	0	0	89665	1	29903	0.999966558539277	E:1,M:1,N:1,ORF1a:1,ORF1b:1,ORF3a:1,ORF6:1,ORF7a:1,ORF7b:1,ORF8:1,ORF9b:1,S:1	false	C19T,C106T,C241T,C3037T,C8025T,A8072G,C14408T,A23403G,G28881A,G28882A,G28883C				N:R203K,N:G204R,ORF1a:A2587V,ORF1a:N2603D,ORF1b:P314L,S:D614G					C19T,C106T,C8025T,A8072G	0	0	4	4			ORF1a:A2587V,ORF1a:N2603D	0	0	2	2		NODE_0000922	C19T,C106T,C8025T,A8072G		ORF1a:A2587V,ORF1a:N2603D		NODE_0000922	C19T,C106T,C8025T,A8072G		ORF1a:A2587V,ORF1a:N2603D		N/A	N/A	N/A	N/A	N/A	N/A	N/A	N/A	N/A	N/A		M:29870	3000	0	good	0	10	10	good	1	24	-4	0	good	4		0	good	0		0		0	0	good		0	0	good	0				
146	MT511076.1 Severe acute respiratory syndrome coronavirus 2 isolate SARS-CoV-2/human/POL/PL_P20/2020, complete genome	20B	20B		20B	B.1.1	B.1.1	4	good	12	0	0	0	0	2	5	0	0	0	89643	7	29903	0.9997324683142159	E:1,M:1,N:1,ORF1a:1,ORF1b:1,ORF3a:1,ORF6:1,ORF7a:1,ORF7b:1,ORF8:1,ORF9b:1,S:1	false	T10A,T13A,C19T,C106T,C241T,C3037T,A8072G,C14408T,A23403G,G28881A,G28882A,G28883C				N:R203K,N:G204R,ORF1a:N2603D,ORF1b:P314L,S:D614G					T10A,T13A,C19T,C106T,A8072G	0	0	5	5			ORF1a:N2603D	0	0	1	1		NODE_0000922	T10A,T13A,C19T,C106T,A8072G		ORF1a:N2603D		NODE_0000922	T10A,T13A,C19T,C106T,A8072G		ORF1a:N2603D		N/A	N/A	N/A	N/A	N/A	N/A	N/A	N/A	N/A	N/A		W:29867,M:29870	3000	0	good	0	10	20	good	2	24	-3	0	good	5		0	good	0		0		0	0	good		0	0	good	0				
147	MT511078.1 Severe acute respiratory syndrome coronavirus 2 isolate SARS-CoV-2/human/POL/PL_P22/2020, complete genome	20A	20A		20A	B.1	B.1	16	good	9	0	0	0	64	4	4	0	0	2	89525	29	29903	0.9967896197705916	E:1,M:1,N:0.9952380952380953,ORF1a:1,ORF1b:1,ORF3a:1,ORF6:1,ORF7a:1,ORF7b:1,ORF8:1,ORF9b:1,S:1	false	C241T,C541T,C3037T,G4180T,T7767C,C11704T,C14408T,G19254T,A23403G				ORF1a:K1305N,ORF1a:I2501T,ORF1b:P314L,S:D614G				C541T|25B&24D	G4180T,T7767C,C11704T,G19254T	0	1	4	5			ORF1a:K1305N,ORF1a:I2501T	0	0	2	2	29797-29860	NODE_0000764	C541T,G4180T,T7767C,C11704T,G19254T		ORF1a:K1305N,ORF1a:I2501T		NODE_0000764	C541T,G4180T,T7767C,C11704T,G19254T		ORF1a:K1305N,ORF1a:I2501T		N/A	N/A	N/A	N/A	N/A	N/A	N/A	N/A	N/A	N/A	N:203-204	R:544,R:28881-28882,S:28883	3000	0	good	64	10	40	mediocre	4	24	0	0	good	8		0	good	0		0		0	0	good		0	0	good	0				
149	MT513758.1 Severe acute respiratory syndrome coronavirus 2 isolate SARS-CoV-2/human/MAR/OUA677_19/2020, complete genome	20A	20A		20A	B.1	B.1	0	good	8	0	0	0	0	0	4	0	0	0	89593	6	29880	0.9990636390997559	E:1,M:1,N:1,ORF1a:1,ORF1b:1,ORF3a:1,ORF6:1,ORF7a:1,ORF7b:1,ORF8:1,ORF9b:1,S:1	false	G198A,C241T,C3037T,C14408T,G15380T,C18508T,A23403G,T28738A				ORF1b:P314L,ORF1b:S638I,ORF1b:L1681F,S:D614G					G198A,G15380T,C18508T,T28738A	0	0	4	4			ORF1b:S638I,ORF1b:L1681F	0	0	2	2		NODE_0000764	G198A,G15380T,C18508T,T28738A		ORF1b:S638I,ORF1b:L1681F		NODE_0000764	G198A,G15380T,C18508T,T28738A		ORF1b:S638I,ORF1b:L1681F		N/A	N/A	N/A	N/A	N/A	N/A	N/A	N/A	N/A	N/A			3000	0	good	0	10	0	good	0	24	-4	0	good	4		0	good	0		0		0	0	good		0	0	good	0				
151	MT517421.1 Severe acute respiratory syndrome coronavirus 2 isolate SARS-CoV-2/human/CZE/IAB_4/2020, complete genome	20C	20C		20C	B.1	B.1	0	good	9	0	0	0	0	0	5	0	0	0	89559	11	29875	0.9987292244925259	E:1,M:1,N:1,ORF1a:1,ORF1b:1,ORF3a:1,ORF6:1,ORF7a:1,ORF7b:1,ORF8:1,ORF9b:1,S:1	false	C241T,C541T,C835T,C1059T,C3037T,G11083T,C14408T,A23403G,G25563T				ORF1a:T265I,ORF1a:L3606F,ORF1b:P314L,ORF3a:Q57H,S:D614G				C541T|25B&24D	C835T,G11083T	0	1	2	3			ORF1a:L3606F	0	0	1	1		NODE_0000826	C541T,C835T,G11083T		ORF1a:L3606F		NODE_0000764	C541T,C835T,C1059T,G11083T,G25563T		ORF1a:T265I,ORF1a:L3606F,ORF3a:Q57H		N/A	N/A	N/A	N/A	N/A	N/A	N/A	N/A	N/A	N/A			3000	0	good	0	10	0	good	0	24	-2	0	good	6		0	good	0		0		0	0	good		0	0	good	0				
148	MT511080.1 Severe acute respiratory syndrome coronavirus 2 isolate SARS-CoV-2/human/POL/PL_P24/2020, complete genome	20B	20B		20B	B.1.1	B.1.1	0	good	11	0	0	0	75	0	6	0	0	22	89590	1	29903	0.9974918904457747	E:1,M:1,N:1,ORF1a:0.9950011361054306,ORF1b:1,ORF3a:1,ORF6:1,ORF7a:1,ORF7b:1,ORF8:1,ORF9b:1,S:1	false	C19T,C106T,C241T,C3037T,A8072G,C14408T,C20801T,A23403G,G28881A,G28882A,G28883C				N:R203K,N:G204R,ORF1a:N2603D,ORF1b:P314L,ORF1b:T2445I,S:D614G					C19T,C106T,A8072G,C20801T	0	0	4	4			ORF1a:N2603D,ORF1b:T2445I	0	0	2	2	11668-11672,13101-13150,13305-13307,29852-29868	NODE_0000922	C19T,C106T,A8072G,C20801T		ORF1a:N2603D,ORF1b:T2445I		NODE_0000922	C19T,C106T,A8072G,C20801T		ORF1a:N2603D,ORF1b:T2445I		N/A	N/A	N/A	N/A	N/A	N/A	N/A	N/A	N/A	N/A	ORF1a:3801-3803,ORF1a:4279-4295,ORF1a:4347-4348		3000	0	good	75	10	0	good	0	24	-4	0	good	4		0	good	0		0		0	0	good		0	0	good	0				
152	MT517422.1 Severe acute respiratory syndrome coronavirus 2 isolate SARS-CoV-2/human/CZE/IAB_8/2020, complete genome	20B	20B		20B	B.1.1	B.1.1	0	good	11	0	0	0	0	0	7	0	0	0	89542	11	29872	0.9986289001103568	E:1,M:1,N:1,ORF1a:1,ORF1b:1,ORF3a:1,ORF6:1,ORF7a:1,ORF7b:1,ORF8:1,ORF9b:1,S:1	false	C241T,C3037T,G3955T,C14408T,A23403G,G25534T,C27005T,C27046T,G28881A,G28882A,G28883C				M:T175M,N:R203K,N:G204R,ORF1a:K1230N,ORF1b:P314L,ORF3a:V48F,S:D614G					G3955T,G25534T,C27005T,C27046T	0	0	4	4			M:T175M,ORF1a:K1230N,ORF3a:V48F	0	0	3	3		NODE_0000922	G3955T,G25534T,C27005T,C27046T		M:T175M,ORF1a:K1230N,ORF3a:V48F		NODE_0000922	G3955T,G25534T,C27005T,C27046T		M:T175M,ORF1a:K1230N,ORF3a:V48F		N/A	N/A	N/A	N/A	N/A	N/A	N/A	N/A	N/A	N/A			3000	0	good	0	10	0	good	0	24	-4	0	good	4		0	good	0		0		0	0	good		0	0	good	0				
150	MT517420.1 Severe acute respiratory syndrome coronavirus 2 isolate SARS-CoV-2/human/CZE/IAB_1/2020, complete genome	20B	20B		20B	B.1.1	B.1.1	1.562500	good	13	0	0	0	0	0	10	0	0	0	89516	16	29871	0.9984282513460188	E:1,M:1,N:1,ORF1a:1,ORF1b:1,ORF3a:1,ORF6:1,ORF7a:1,ORF7b:1,ORF8:1,ORF9b:1,S:1	false	C241T,C1059T,C3037T,C3177A,C6843T,G11083T,C14408T,C19961T,A23403G,G25563T,G28881A,G28882A,G28883C				N:R203K,N:G204R,ORF1a:T265I,ORF1a:P971H,ORF1a:S2193F,ORF1a:L3606F,ORF1b:P314L,ORF1b:T2165M,ORF3a:Q57H,S:D614G				C1059T|20G&20C&21C&21F&20H,G25563T|20G&20C&20A&21C&21F&20H&21H	C3177A,C6843T,C19961T	0	2	3	5			ORF1a:T265I,ORF1a:P971H,ORF1a:S2193F,ORF1b:T2165M,ORF3a:Q57H	0	0	5	5		NODE_0000922	C1059T,C3177A,C6843T,G11083T,C19961T,G25563T		ORF1a:T265I,ORF1a:P971H,ORF1a:S2193F,ORF1a:L3606F,ORF1b:T2165M,ORF3a:Q57H		NODE_0000922	C1059T,C3177A,C6843T,G11083T,C19961T,G25563T		ORF1a:T265I,ORF1a:P971H,ORF1a:S2193F,ORF1a:L3606F,ORF1b:T2165M,ORF3a:Q57H		N/A	N/A	N/A	N/A	N/A	N/A	N/A	N/A	N/A	N/A			3000	0	good	0	10	0	good	0	24	3	12.500000	good	11		0	good	0		0		0	0	good		0	0	good	0				
153	MT517423.1 Severe acute respiratory syndrome coronavirus 2 isolate SARS-CoV-2/human/CZE/IAB_9/2020, complete genome	20B	20B		20B	B.1.1	B.1.1	0	good	12	0	0	0	0	0	8	0	0	0	89550	11	29876	0.9987626659532488	E:1,M:1,N:1,ORF1a:1,ORF1b:1,ORF3a:1,ORF6:1,ORF7a:1,ORF7b:1,ORF8:1,ORF9b:1,S:1	false	C241T,C3037T,G3955T,C4940T,C14408T,A23403G,G25534T,C27005T,C27046T,G28881A,G28882A,G28883C				M:T175M,N:R203K,N:G204R,ORF1a:K1230N,ORF1a:L1559F,ORF1b:P314L,ORF3a:V48F,S:D614G					G3955T,C4940T,G25534T,C27005T,C27046T	0	0	5	5			M:T175M,ORF1a:K1230N,ORF1a:L1559F,ORF3a:V48F	0	0	4	4		NODE_0000922	G3955T,C4940T,G25534T,C27005T,C27046T		M:T175M,ORF1a:K1230N,ORF1a:L1559F,ORF3a:V48F		NODE_0000922	G3955T,C4940T,G25534T,C27005T,C27046T		M:T175M,ORF1a:K1230N,ORF1a:L1559F,ORF3a:V48F		N/A	N/A	N/A	N/A	N/A	N/A	N/A	N/A	N/A	N/A			3000	0	good	0	10	0	good	0	24	-3	0	good	5		0	good	0		0		0	0	good		0	0	good	0				
155	MT517425.1 Severe acute respiratory syndrome coronavirus 2 isolate SARS-CoV-2/human/CZE/IAB_12/2020, complete genome	20A	20A		20A	B.1	B.1	0	good	7	0	0	0	0	0	5	0	0	0	89570	12	29877	0.9987626659532488	E:1,M:1,N:1,ORF1a:1,ORF1b:1,ORF3a:1,ORF6:1,ORF7a:1,ORF7b:1,ORF8:1,ORF9b:1,S:1	false	C241T,C1404T,C3037T,C6555T,C14408T,A23403G,G25971T				ORF1a:P380L,ORF1a:A2097V,ORF1b:P314L,ORF3a:W193C,S:D614G					C1404T,C6555T,G25971T	0	0	3	3			ORF1a:P380L,ORF1a:A2097V,ORF3a:W193C	0	0	3	3		NODE_0000764	C1404T,C6555T,G25971T		ORF1a:P380L,ORF1a:A2097V,ORF3a:W193C		NODE_0000764	C1404T,C6555T,G25971T		ORF1a:P380L,ORF1a:A2097V,ORF3a:W193C		N/A	N/A	N/A	N/A	N/A	N/A	N/A	N/A	N/A	N/A			3000	0	good	0	10	0	good	0	24	-5	0	good	3		0	good	0		0		0	0	good		0	0	good	0				
154	MT517424.1 Severe acute respiratory syndrome coronavirus 2 isolate SARS-CoV-2/human/CZE/IAB_10/2020, complete genome	20C	20C		20C	B.1	B.1	0	good	10	0	0	0	0	0	6	0	0	0	89546	12	29873	0.9986289001103568	E:1,M:1,N:1,ORF1a:1,ORF1b:1,ORF3a:1,ORF6:1,ORF7a:1,ORF7b:1,ORF8:1,ORF9b:1,S:1	false	C241T,C541T,C1059T,C3037T,C3177A,G11083T,C14408T,C20016T,A23403G,G25563T				ORF1a:T265I,ORF1a:P971H,ORF1a:L3606F,ORF1b:P314L,ORF3a:Q57H,S:D614G				C541T|25B&24D	C3177A,G11083T,C20016T	0	1	3	4			ORF1a:P971H,ORF1a:L3606F	0	0	2	2		NODE_0000826	C541T,C3177A,G11083T,C20016T		ORF1a:P971H,ORF1a:L3606F		NODE_0000764	C541T,C1059T,C3177A,G11083T,C20016T,G25563T		ORF1a:T265I,ORF1a:P971H,ORF1a:L3606F,ORF3a:Q57H		N/A	N/A	N/A	N/A	N/A	N/A	N/A	N/A	N/A	N/A			3000	0	good	0	10	0	good	0	24	-1	0	good	7		0	good	0		0		0	0	good		0	0	good	0				
157	MT517427.1 Severe acute respiratory syndrome coronavirus 2 isolate SARS-CoV-2/human/CZE/IAB_15/2020, complete genome	20B	20B		20B	B.1.1	B.1.1	4.340278	good	12	0	0	0	0	0	8	0	0	0	89553	9	29875	0.9987961074139718	E:1,M:1,N:1,ORF1a:1,ORF1b:1,ORF3a:1,ORF6:1,ORF7a:1,ORF7b:1,ORF8:1,ORF9b:1,S:1	false	C241T,C541T,C1059T,C3037T,G3759T,G11083T,C14408T,A23403G,G25563T,G28881A,G28882A,G28883C				N:R203K,N:G204R,ORF1a:T265I,ORF1a:C1165F,ORF1a:L3606F,ORF1b:P314L,ORF3a:Q57H,S:D614G				C541T|25B&24D,C1059T|20G&20C&21C&21F&20H,G25563T|20G&20C&20A&21C&21F&20H&21H	G3759T	0	3	1	4			ORF1a:T265I,ORF1a:C1165F,ORF3a:Q57H	0	0	3	3		NODE_0000922	C541T,C1059T,G3759T,G11083T,G25563T		ORF1a:T265I,ORF1a:C1165F,ORF1a:L3606F,ORF3a:Q57H		NODE_0000922	C541T,C1059T,G3759T,G11083T,G25563T		ORF1a:T265I,ORF1a:C1165F,ORF1a:L3606F,ORF3a:Q57H		N/A	N/A	N/A	N/A	N/A	N/A	N/A	N/A	N/A	N/A			3000	0	good	0	10	0	good	0	24	5	20.833333	good	13		0	good	0		0		0	0	good		0	0	good	0				
158	MT517428.1 Severe acute respiratory syndrome coronavirus 2 isolate SARS-CoV-2/human/CZE/IAB_16/2020, complete genome	20B	20B		20B	B.1.1	B.1.1	0	good	11	0	0	0	0	0	7	0	0	0	89512	17	29868	0.9982944855031268	E:1,M:1,N:1,ORF1a:1,ORF1b:1,ORF3a:1,ORF6:1,ORF7a:1,ORF7b:1,ORF8:1,ORF9b:1,S:1	false	C241T,C3037T,G3955T,C14408T,A23403G,G25534T,C27005T,C27046T,G28881A,G28882A,G28883C				M:T175M,N:R203K,N:G204R,ORF1a:K1230N,ORF1b:P314L,ORF3a:V48F,S:D614G					G3955T,G25534T,C27005T,C27046T	0	0	4	4			M:T175M,ORF1a:K1230N,ORF3a:V48F	0	0	3	3		NODE_0000922	G3955T,G25534T,C27005T,C27046T		M:T175M,ORF1a:K1230N,ORF3a:V48F		NODE_0000922	G3955T,G25534T,C27005T,C27046T		M:T175M,ORF1a:K1230N,ORF3a:V48F		N/A	N/A	N/A	N/A	N/A	N/A	N/A	N/A	N/A	N/A			3000	0	good	0	10	0	good	0	24	-4	0	good	4		0	good	0		0		0	0	good		0	0	good	0				
159	MT517429.1 Severe acute respiratory syndrome coronavirus 2 isolate SARS-CoV-2/human/CZE/IAB_17/2020, complete genome	20B	20B		20B	B.1.1	B.1.1	0	good	7	0	0	0	0	0	4	0	0	0	89579	8	29876	0.9988629903354178	E:1,M:1,N:1,ORF1a:1,ORF1b:1,ORF3a:1,ORF6:1,ORF7a:1,ORF7b:1,ORF8:1,ORF9b:1,S:1	false	C241T,C3037T,C14408T,A23403G,G28881A,G28882A,G28883C				N:R203K,N:G204R,ORF1b:P314L,S:D614G						0	0	0	0				0	0	0	0		NODE_0000922					NODE_0000922					N/A	N/A	N/A	N/A	N/A	N/A	N/A	N/A	N/A	N/A			3000	0	good	0	10	0	good	0	24	-8	0	good	0		0	good	0		0		0	0	good		0	0	good	0				
156	MT517426.1 Severe acute respiratory syndrome coronavirus 2 isolate SARS-CoV-2/human/CZE/IAB_14/2020, complete genome	20B	20B		20B	B.1.1	B.1.1	0	good	9	0	0	0	0	0	4	0	0	0	89547	12	29872	0.9985954586496338	E:1,M:1,N:1,ORF1a:1,ORF1b:1,ORF3a:1,ORF6:1,ORF7a:1,ORF7b:1,ORF8:1,ORF9b:1,S:1	false	G160A,C241T,C3037T,C14408T,C22432T,A23403G,G28881A,G28882A,G28883C				N:R203K,N:G204R,ORF1b:P314L,S:D614G					G160A,C22432T	0	0	2	2				0	0	0	0		NODE_0000922	G160A,C22432T				NODE_0000922	G160A,C22432T				N/A	N/A	N/A	N/A	N/A	N/A	N/A	N/A	N/A	N/A			3000	0	good	0	10	0	good	0	24	-6	0	good	2		0	good	0		0		0	0	good		0	0	good	0				
160	MT517430.1 Severe acute respiratory syndrome coronavirus 2 isolate SARS-CoV-2/human/CZE/IAB_18/2020, complete genome	20A	20A		20A	B.1	B.1	0	good	4	0	0	0	0	0	2	0	0	0	89549	16	29870	0.9983948098852958	E:1,M:1,N:1,ORF1a:1,ORF1b:1,ORF3a:1,ORF6:1,ORF7a:1,ORF7b:1,ORF8:1,ORF9b:1,S:1	false	C241T,C3037T,C14408T,A23403G				ORF1b:P314L,S:D614G						0	0	0	0				0	0	0	0		NODE_0000764					NODE_0000764					N/A	N/A	N/A	N/A	N/A	N/A	N/A	N/A	N/A	N/A			3000	0	good	0	10	0	good	0	24	-8	0	good	0		0	good	0		0		0	0	good		0	0	good	0				
161	MT517432.1 Severe acute respiratory syndrome coronavirus 2 isolate SARS-CoV-2/human/CZE/IAB_21/2020, complete genome	20A	20A		20A	B.1	B.1	0	good	4	0	0	0	0	0	2	0	0	0	89570	11	29872	0.9986289001103568	E:1,M:1,N:1,ORF1a:1,ORF1b:1,ORF3a:1,ORF6:1,ORF7a:1,ORF7b:1,ORF8:1,ORF9b:1,S:1	false	C241T,C3037T,C14408T,A23403G				ORF1b:P314L,S:D614G						0	0	0	0				0	0	0	0		NODE_0000764					NODE_0000764					N/A	N/A	N/A	N/A	N/A	N/A	N/A	N/A	N/A	N/A			3000	0	good	0	10	0	good	0	24	-8	0	good	0		0	good	0		0		0	0	good		0	0	good	0				
162	MT517433.1 Severe acute respiratory syndrome coronavirus 2 isolate SARS-CoV-2/human/CZE/IAB_22/2020, complete genome	20B	20B		20B	B.1.1	B.1.1	0	good	10	0	0	0	0	0	5	0	0	0	89573	8	29878	0.9989298732568639	E:1,M:1,N:1,ORF1a:1,ORF1b:1,ORF3a:1,ORF6:1,ORF7a:1,ORF7b:1,ORF8:1,ORF9b:1,S:1	false	G160A,C241T,C3037T,C6026T,T7438C,C14408T,A23403G,G28881A,G28882A,G28883C				N:R203K,N:G204R,ORF1a:P1921S,ORF1b:P314L,S:D614G					G160A,C6026T,T7438C	0	0	3	3			ORF1a:P1921S	0	0	1	1		NODE_0000922	G160A,C6026T,T7438C		ORF1a:P1921S		NODE_0000922	G160A,C6026T,T7438C		ORF1a:P1921S		N/A	N/A	N/A	N/A	N/A	N/A	N/A	N/A	N/A	N/A			3000	0	good	0	10	0	good	0	24	-5	0	good	3		0	good	0		0		0	0	good		0	0	good	0				
167	MT527184.1 Severe acute respiratory syndrome coronavirus 2 isolate SARS-CoV-2/human/ITA/INMI6/2020, complete genome	20A	20A		20A	B.1	B.1	0	good	4	0	0	0	0	0	2	0	0	0	89486	26	29859	0.9976925392101127	E:1,M:1,N:1,ORF1a:1,ORF1b:1,ORF3a:1,ORF6:1,ORF7a:1,ORF7b:1,ORF8:1,ORF9b:1,S:1	false	C241T,C3037T,C14408T,A23403G				ORF1b:P314L,S:D614G						0	0	0	0				0	0	0	0		NODE_0000764					NODE_0000764					N/A	N/A	N/A	N/A	N/A	N/A	N/A	N/A	N/A	N/A			3000	0	good	0	10	0	good	0	24	-8	0	good	0		0	good	0		0		0	0	good		0	0	good	0				
166	MT525950.1 Severe acute respiratory syndrome coronavirus 2 isolate SARS-CoV-2/human/ITA/INMI3/2020, complete genome	20A	20A		20A	B.1	B.1	0	good	4	0	0	0	0	0	2	0	0	0	89264	49	29808	0.9952178711166104	E:1,M:1,N:1,ORF1a:1,ORF1b:1,ORF3a:1,ORF6:1,ORF7a:1,ORF7b:1,ORF8:1,ORF9b:1,S:1	false	C241T,C3037T,C14408T,A23403G				ORF1b:P314L,S:D614G						0	0	0	0				0	0	0	0		NODE_0000764					NODE_0000764					N/A	N/A	N/A	N/A	N/A	N/A	N/A	N/A	N/A	N/A			3000	0	good	0	10	0	good	0	24	-8	0	good	0		0	good	0		0		0	0	good		0	0	good	0				
165	MT517437.1 Severe acute respiratory syndrome coronavirus 2 isolate SARS-CoV-2/human/TWN/CGMH-CGU-27/2020, complete genome	19A	19A		19A	B.6	B.6	0	good	10	0	0	0	0	0	6	0	0	0	89645	8	29902	0.9997324683142159	E:1,M:1,N:1,ORF1a:1,ORF1b:1,ORF3a:1,ORF6:1,ORF7a:1,ORF7b:1,ORF8:1,ORF9b:1,S:1	false	C222T,C6312A,C7609T,G11083T,C13730T,T16939C,C23929T,A26019G,T28297C,C28311T				N:P13L,ORF1a:T2016K,ORF1a:L3606F,ORF1b:A88V,ORF9b:I5T,ORF9b:P10S				T28297C|23F&23D&23B&25C&23H&25B&22F&24H&24D&25E&25H	C222T,C7609T,T16939C,A26019G	0	1	4	5			ORF9b:I5T	0	0	1	1		NODE_0000000	C222T,C6312A,C7609T,G11083T,C13730T,T16939C,C23929T,A26019G,T28297C,C28311T		N:P13L,ORF1a:T2016K,ORF1a:L3606F,ORF1b:A88V,ORF9b:I5T,ORF9b:P10S		NODE_0000755	C222T,C7609T,T16939C,A26019G,T28297C		ORF9b:I5T		N/A	N/A	N/A	N/A	N/A	N/A	N/A	N/A	N/A	N/A			3000	0	good	0	10	0	good	0	24	0	0	good	8		0	good	0		0		0	0	good		0	0	good	0				
163	MT517434.1 Severe acute respiratory syndrome coronavirus 2 isolate SARS-CoV-2/human/CZE/IAB_23/2020, complete genome	20B	20B		20B	B.1.1	B.1.1	0	good	10	0	0	0	0	0	5	0	0	0	89537	14	29872	0.9985285757281878	E:1,M:1,N:1,ORF1a:1,ORF1b:1,ORF3a:1,ORF6:1,ORF7a:1,ORF7b:1,ORF8:1,ORF9b:1,S:1	false	G160A,C241T,C3037T,C6026T,T7438C,C14408T,A23403G,G28881A,G28882A,G28883C				N:R203K,N:G204R,ORF1a:P1921S,ORF1b:P314L,S:D614G					G160A,C6026T,T7438C	0	0	3	3			ORF1a:P1921S	0	0	1	1		NODE_0000922	G160A,C6026T,T7438C		ORF1a:P1921S		NODE_0000922	G160A,C6026T,T7438C		ORF1a:P1921S		N/A	N/A	N/A	N/A	N/A	N/A	N/A	N/A	N/A	N/A			3000	0	good	0	10	0	good	0	24	-5	0	good	3		0	good	0		0		0	0	good		0	0	good	0				
164	MT517436.1 Severe acute respiratory syndrome coronavirus 2 isolate SARS-CoV-2/human/TWN/CGMH-CGU-26/2020, complete genome	19A	19A		19A	B.6	B.6	0	good	10	0	0	0	0	0	6	0	0	0	89660	2	29901	0.999899675617831	E:1,M:1,N:1,ORF1a:1,ORF1b:1,ORF3a:1,ORF6:1,ORF7a:1,ORF7b:1,ORF8:1,ORF9b:1,S:1	false	C222T,C6312A,C7609T,G11083T,C13730T,T16939C,C23929T,A26019G,T28297C,C28311T				N:P13L,ORF1a:T2016K,ORF1a:L3606F,ORF1b:A88V,ORF9b:I5T,ORF9b:P10S				T28297C|23F&23D&23B&25C&23H&25B&22F&24H&24D&25E&25H	C222T,C7609T,T16939C,A26019G	0	1	4	5			ORF9b:I5T	0	0	1	1		NODE_0000000	C222T,C6312A,C7609T,G11083T,C13730T,T16939C,C23929T,A26019G,T28297C,C28311T		N:P13L,ORF1a:T2016K,ORF1a:L3606F,ORF1b:A88V,ORF9b:I5T,ORF9b:P10S		NODE_0000755	C222T,C7609T,T16939C,A26019G,T28297C		ORF9b:I5T		N/A	N/A	N/A	N/A	N/A	N/A	N/A	N/A	N/A	N/A			3000	0	good	0	10	0	good	0	24	0	0	good	8		0	good	0		0		0	0	good		0	0	good	0				
168	MT528238.1 Severe acute respiratory syndrome coronavirus 2 isolate SARS-CoV-2/human/ITA/INMI9/2020, complete genome	20A	20A		20A	B.1	B.1	0	good	7	0	0	0	19	0	4	0	0	7	89455	26	29859	0.9970571514563756	E:1,M:1,N:1,ORF1a:0.9984094523971825,ORF1b:1,ORF3a:1,ORF6:1,ORF7a:1,ORF7b:1,ORF8:1,ORF9b:1,S:1	false	C241T,C3037T,G4255T,C14408T,T16456G,A23403G,A26530G				M:D3G,ORF1b:P314L,ORF1b:S997A,S:D614G				A26530G|21K	G4255T,T16456G	0	1	2	3			M:D3G,ORF1b:S997A	0	0	2	2	4131-4149	NODE_0000764	G4255T,T16456G,A26530G		M:D3G,ORF1b:S997A		NODE_0000764	G4255T,T16456G,A26530G		M:D3G,ORF1b:S997A		N/A	N/A	N/A	N/A	N/A	N/A	N/A	N/A	N/A	N/A	ORF1a:1289-1295		3000	0	good	19	10	0	good	0	24	-2	0	good	6		0	good	0		0		0	0	good		0	0	good	0				
171	MT159714.2 Severe acute respiratory syndrome coronavirus 2 isolate SARS-CoV-2/human/USA/Cruise-CDC-3053326-001/2020, complete genome	19A	19A		19A	B	B	0	good	1	0	0	0	0	0	1	0	0	0	89642	1	29882	0.9992977293248169	E:1,M:1,N:1,ORF1a:1,ORF1b:1,ORF3a:1,ORF6:1,ORF7a:1,ORF7b:1,ORF8:1,ORF9b:1,S:1	false	G11083T				ORF1a:L3606F						0	0	0	0				0	0	0	0		NODE_0000000	G11083T		ORF1a:L3606F		NODE_0000000	G11083T		ORF1a:L3606F		N/A	N/A	N/A	N/A	N/A	N/A	N/A	N/A	N/A	N/A			3000	0	good	0	10	0	good	0	24	-8	0	good	0		0	good	0		0		0	0	good		0	0	good	0				
169	MT528239.1 Severe acute respiratory syndrome coronavirus 2 isolate SARS-CoV-2/human/ITA/INMI10/2020, complete genome	20A	20A		20A	B.1	B.1	0	good	5	0	0	0	0	0	2	0	0	0	89482	26	29859	0.9976925392101127	E:1,M:1,N:1,ORF1a:1,ORF1b:1,ORF3a:1,ORF6:1,ORF7a:1,ORF7b:1,ORF8:1,ORF9b:1,S:1	false	C241T,C2062T,C3037T,C14408T,A23403G				ORF1b:P314L,S:D614G					C2062T	0	0	1	1				0	0	0	0		NODE_0000764	C2062T				NODE_0000764	C2062T				N/A	N/A	N/A	N/A	N/A	N/A	N/A	N/A	N/A	N/A			3000	0	good	0	10	0	good	0	24	-7	0	good	1		0	good	0		0		0	0	good		0	0	good	0				
172	MT559037.1 Severe acute respiratory syndrome coronavirus 2 isolate SARS-CoV-2/human/TUN/Tunisia_MHT_1/2020, complete genome	20A	20A		20A	B.1	B.1	0	good	6	0	0	0	9	0	4	0	0	4	88800	55	29665	0.9899341203223757	E:1,M:1,N:1,ORF1a:1,ORF1b:0.9985163204747775,ORF3a:1,ORF6:1,ORF7a:1,ORF7b:1,ORF8:1,ORF9b:1,S:1	false	C3037T,C14408T,C18877T,A23403G,G25563T,G29474T				N:D401Y,ORF1b:P314L,ORF3a:Q57H,S:D614G					G29474T	0	0	1	1			N:D401Y	0	0	1	1	241,19451-19452,19454-19456,19458,21156-21157	NODE_0000764	C18877T,G25563T,G29474T		N:D401Y,ORF3a:Q57H		NODE_0000764	C18877T,G25563T,G29474T		N:D401Y,ORF3a:Q57H		N/A	N/A	N/A	N/A	N/A	N/A	N/A	N/A	N/A	N/A	ORF1b:1995-1997,ORF1b:2564		3000	0	good	9	10	0	good	0	24	-7	0	good	1		0	good	0		0		0	0	good		0	0	good	0				
173	MT559038.1 Severe acute respiratory syndrome coronavirus 2 isolate SARS-CoV-2/human/TUN/Tunisia_MHT_2/2020, complete genome	19B	19B		19B	A	A	0	good	5	0	0	0	1	0	2	0	0	0	88812	55	29665	0.9902016520081597	E:1,M:1,N:1,ORF1a:1,ORF1b:1,ORF3a:1,ORF6:1,ORF7a:1,ORF7b:1,ORF8:1,ORF9b:1,S:1	false	A361G,C8782T,G22468T,T28144C,G28878A				N:S202N,ORF8:L84S						0	0	0	0				0	0	0	0	7594	internal_b384	A361G,G22468T,G28878A		N:S202N		internal_b384	A361G,G22468T,G28878A		N:S202N		N/A	N/A	N/A	N/A	N/A	N/A	N/A	N/A	N/A	N/A			3000	0	good	1	10	0	good	0	24	-8	0	good	0		0	good	0		0		0	0	good		0	0	good	0				
170	MT539170.1 Severe acute respiratory syndrome coronavirus 2 isolate SARS-CoV-2/human/IND/GBRC80/2020, complete genome	19B	19B		19B	A	A	0	good	8	0	0	0	141	0	5	0	0	50	89227	43	29842	0.9918402835835869	E:1,M:1,N:1,ORF1a:0.9900022722108611,ORF1b:0.9977744807121661,ORF3a:1,ORF6:1,ORF7a:1,ORF7b:1,ORF8:1,ORF9b:1,S:1	false	T771C,C8782T,G11306A,G22468T,C25513T,T28144C,G28878A,G29742A				N:S202N,ORF1a:V169A,ORF1a:D3681N,ORF3a:L41F,ORF8:L84S					T771C,G11306A,C25513T	0	0	3	3			ORF1a:V169A,ORF1a:D3681N,ORF3a:L41F	0	0	3	3	3975-4011,6845-6882,7112-7139,10971-10992,21536-21551	internal_b384	T771C,G11306A,G22468T,C25513T,G28878A,G29742A		N:S202N,ORF1a:V169A,ORF1a:D3681N,ORF3a:L41F		internal_b384	T771C,G11306A,G22468T,C25513T,G28878A,G29742A		N:S202N,ORF1a:V169A,ORF1a:D3681N,ORF3a:L41F		N/A	N/A	N/A	N/A	N/A	N/A	N/A	N/A	N/A	N/A	ORF1a:1237-1249,ORF1a:2194-2206,ORF1a:2283-2292,ORF1a:3569-3576,ORF1b:2690-2695		3000	0	good	141	10	0	good	0	24	-5	0	good	3		0	good	0		0		0	0	good		0	0	good	0				
175	MT560530.1 Severe acute respiratory syndrome coronavirus 2 isolate SARS-CoV-2/human/TUR/IMU-SP-01/2020, complete genome	20B	20B		20B	B.1.1	B.1.1	0	good	8	0	0	0	0	0	4	0	0	0	89554	12	29873	0.9986289001103568	E:1,M:1,N:1,ORF1a:1,ORF1b:1,ORF3a:1,ORF6:1,ORF7a:1,ORF7b:1,ORF8:1,ORF9b:1,S:1	false	C241T,C3037T,C14408T,T19839C,A23403G,G28881A,G28882A,G28883C				N:R203K,N:G204R,ORF1b:P314L,S:D614G						0	0	0	0				0	0	0	0		NODE_0000922	T19839C				NODE_0000922	T19839C				N/A	N/A	N/A	N/A	N/A	N/A	N/A	N/A	N/A	N/A			3000	0	good	0	10	0	good	0	24	-8	0	good	0		0	good	0		0		0	0	good		0	0	good	0				
174	MT560525.1 Severe acute respiratory syndrome coronavirus 2 isolate SARS-CoV-2/human/TUR/IMU-SP-02/2020, complete genome	20B	20B		20B	B.1.1	B.1.1	0	good	9	9	0	0	0	0	4	3	0	0	89504	14	29871	0.9984951342674648	E:1,M:1,N:1,ORF1a:1,ORF1b:1,ORF3a:1,ORF6:1,ORF7a:1,ORF7b:1,ORF8:1,ORF9b:1,S:1	false	C241T,C3037T,C14408T,T19839C,A23403G,G28881A,G28882A,G28883C,A29871G	28853-28861			N:R203K,N:G204R,ORF1b:P314L,S:D614G	N:S194-,N:R195-,N:N196-				A29871G	0	0	1	1				0	0	0	0		NODE_0000922	T19839C,A29871G	28853-28861		N:S194-,N:R195-,N:N196-	NODE_0000922	T19839C,A29871G	28853-28861		N:S194-,N:R195-,N:N196-	N/A	N/A	N/A	N/A	N/A	N/A	N/A	N/A	N/A	N/A			3000	0	good	0	10	0	good	0	24	-6	0	good	2		0	good	0		0		0	0	good		0	0	good	0				
176	MT560531.1 Severe acute respiratory syndrome coronavirus 2 isolate SARS-CoV-2/human/TUR/IMU-SP-04/2020, complete genome	20B	20B		20B	B.1.1	B.1.1	0	good	9	0	0	0	0	0	4	0	0	0	89541	13	29871	0.9985285757281878	E:1,M:1,N:1,ORF1a:1,ORF1b:1,ORF3a:1,ORF6:1,ORF7a:1,ORF7b:1,ORF8:1,ORF9b:1,S:1	false	C241T,C3037T,C14408T,T19839C,A23403G,G28881A,G28882A,G28883C,A29871G				N:R203K,N:G204R,ORF1b:P314L,S:D614G					A29871G	0	0	1	1				0	0	0	0		NODE_0000922	T19839C,A29871G				NODE_0000922	T19839C,A29871G				N/A	N/A	N/A	N/A	N/A	N/A	N/A	N/A	N/A	N/A			3000	0	good	0	10	0	good	0	24	-7	0	good	1		0	good	0		0		0	0	good		0	0	good	0				
177	MT566435.1 Severe acute respiratory syndrome coronavirus 2 isolate SARS-CoV-2/human/BGD/DNAS_CPH_isl_471_BGD/2020, complete genome	20B	20B		20B	B.1.1.25	B.1.1.25	0	good	16	0	2	0	0	0	8	0	0	0	89423	26	29856	0.9975922148279437	E:1,M:1,N:1,ORF1a:1,ORF1b:1,ORF3a:1,ORF6:1,ORF7a:1,ORF7b:1,ORF8:1,ORF9b:1,S:1	false	C241T,A1163T,T2041C,C3037T,G4444T,G8371T,C14408T,A23403G,T24887C,G28881A,G28882A,G28883C,A29403G,T29848A,A29850C,T29856C		29851:TA		N:R203K,N:G204R,N:D377G,ORF1a:I300F,ORF1a:Q2702H,ORF1b:P314L,S:D614G,S:F1109L					T2041C,G4444T,G8371T,T24887C,A29403G,T29848A,A29850C,T29856C	0	0	8	8			N:D377G,ORF1a:Q2702H,S:F1109L	0	0	3	3		NODE_0000922	A1163T,T2041C,G4444T,G8371T,T24887C,A29403G,T29848A,A29850C,T29856C		N:D377G,ORF1a:I300F,ORF1a:Q2702H,S:F1109L		B.1.1.25	T2041C,G4444T,G8371T,T24887C,A29403G,T29848A,A29850C,T29856C		N:D377G,ORF1a:Q2702H,S:F1109L		N/A	N/A	N/A	N/A	N/A	N/A	N/A	N/A	N/A	N/A			3000	0	good	0	10	0	good	0	24	0	0	good	8		0	good	0		0		0	0	good		0	0	good	0				
178	MT566436.1 Severe acute respiratory syndrome coronavirus 2 isolate SARS-CoV-2/human/BGD/DNAS_CPH_isl_427_BGD/2020, complete genome	20B	20B		20B	B.1.1.25	B.1.1.25	0.694444	good	18	0	0	0	0	0	8	0	0	0	89415	26	29854	0.9975253319064977	E:1,M:1,N:1,ORF1a:1,ORF1b:1,ORF3a:1,ORF6:1,ORF7a:1,ORF7b:1,ORF8:1,ORF9b:1,S:1	false	C241T,A1163T,C3037T,G4444T,G8371T,C14408T,C15895T,A23403G,G25906T,G28881A,G28882A,G28883C,A29403G,T29848A,A29849C,A29850T,A29852T,G29853A				N:R203K,N:G204R,N:D377G,ORF1a:I300F,ORF1a:Q2702H,ORF1b:P314L,ORF3a:G172C,S:D614G					G4444T,G8371T,C15895T,G25906T,A29403G,T29848A,A29849C,A29850T,A29852T,G29853A	0	0	10	10			N:D377G,ORF1a:Q2702H,ORF3a:G172C	0	0	3	3		NODE_0000922	A1163T,G4444T,G8371T,C15895T,G25906T,A29403G,T29848A,A29849C,A29850T,A29852T,G29853A		N:D377G,ORF1a:I300F,ORF1a:Q2702H,ORF3a:G172C		B.1.1.25	G4444T,G8371T,C15895T,G25906T,A29403G,T29848A,A29849C,A29850T,A29852T,G29853A		N:D377G,ORF1a:Q2702H,ORF3a:G172C		N/A	N/A	N/A	N/A	N/A	N/A	N/A	N/A	N/A	N/A			3000	0	good	0	10	0	good	0	24	2	8.333333	good	10		0	good	0		0		0	0	good		0	0	good	0				
182	MT576038.1 Severe acute respiratory syndrome coronavirus 2 isolate SARS-CoV-2/human/IND/GBRC153a/2020, complete genome	20A	20A		20A	B.1.210	B.1.210	0	good	6	0	0	0	0	0	2	0	0	0	89376	43	29842	0.9965555295455305	E:1,M:1,N:1,ORF1a:1,ORF1b:1,ORF3a:1,ORF6:1,ORF7a:1,ORF7b:1,ORF8:1,ORF9b:1,S:1	false	C241T,C3037T,C3634T,C14408T,C15324T,A23403G				ORF1b:P314L,S:D614G						0	0	0	0				0	0	0	0		NODE_0000764	C3634T,C15324T				B.1.210					N/A	N/A	N/A	N/A	N/A	N/A	N/A	N/A	N/A	N/A			3000	0	good	0	10	0	good	0	24	-8	0	good	0		0	good	0		0		0	0	good		0	0	good	0				
180	MT569470.1 Severe acute respiratory syndrome coronavirus 2 isolate SARS-CoV-2/human/SRB/NS838-04/2020, complete genome	20B	20B		20B	B.1.1	B.1.1	0	good	8	0	0	0	0	0	5	0	0	0	89314	55	29836	0.9959535832525165	E:1,M:1,N:1,ORF1a:1,ORF1b:1,ORF3a:1,ORF6:1,ORF7a:1,ORF7b:1,ORF8:1,ORF9b:1,S:1	false	C241T,C2910T,C3037T,C14408T,A23403G,G28881A,G28882A,G28883C				N:R203K,N:G204R,ORF1a:T882I,ORF1b:P314L,S:D614G					C2910T	0	0	1	1			ORF1a:T882I	0	0	1	1		NODE_0000922	C2910T		ORF1a:T882I		NODE_0000922	C2910T		ORF1a:T882I		N/A	N/A	N/A	N/A	N/A	N/A	N/A	N/A	N/A	N/A			3000	0	good	0	10	0	good	0	24	-7	0	good	1		0	good	0		0		0	0	good		0	0	good	0				
179	MT566437.1 Severe acute respiratory syndrome coronavirus 2 isolate SARS-CoV-2/human/BGD/DNAS_CPH_isl_466_BGD/2020, complete genome	20A	20A		20A	B.1	B.1	0	good	7	7	0	0	0	0	2	0	0	0	89450	26	29860	0.9977259806708357	E:1,M:1,N:1,ORF1a:1,ORF1b:1,ORF3a:1,ORF6:1,ORF7a:1,ORF7b:1,ORF8:1,ORF9b:1,S:1	false	C241T,C3037T,C3688T,C14408T,C15324T,A23403G,T29848A	29850-29856			ORF1b:P314L,S:D614G					C3688T,T29848A	0	0	2	2				0	0	0	0		NODE_0000764	C3688T,C15324T,T29848A	29850-29856			NODE_0000764	C3688T,C15324T,T29848A	29850-29856			N/A	N/A	N/A	N/A	N/A	N/A	N/A	N/A	N/A	N/A			3000	0	good	0	10	0	good	0	24	-5	0	good	3		0	good	0		0		0	0	good		0	0	good	0				
181	LC553261.1 Severe acute respiratory syndrome coronavirus 2 TKY10461_2020 RNA, nearly complete genome	20B	20B		20B	B.1.1	B.1.1	0	good	11	0	0	0	0	0	5	0	0	0	89611	19	29903	0.9993980537069859	E:1,M:1,N:1,ORF1a:1,ORF1b:1,ORF3a:1,ORF6:1,ORF7a:1,ORF7b:1,ORF8:1,ORF9b:1,S:1	false	C241T,C313T,C3037T,C14408T,G20476T,A23403G,G28881A,G28882A,G28883C,C29733T,G29764T				N:R203K,N:G204R,ORF1b:P314L,ORF1b:G2337C,S:D614G					G20476T,C29733T,G29764T	0	0	3	3			ORF1b:G2337C	0	0	1	1		NODE_0000922	C313T,G20476T,C29733T,G29764T		ORF1b:G2337C		NODE_0000922	C313T,G20476T,C29733T,G29764T		ORF1b:G2337C		N/A	N/A	N/A	N/A	N/A	N/A	N/A	N/A	N/A	N/A			3000	0	good	0	10	0	good	0	24	-5	0	good	3		0	good	0		0		0	0	good		0	0	good	0				
183	MT581411.1 Severe acute respiratory syndrome coronavirus 2 isolate SARS-CoV-2/human/BGD/DNAS_CPH_isl_475_BGD/2020, complete genome	20B	20B		20B	B.1.1.25	B.1.1.25	0	good	10	0	0	0	0	0	6	0	0	0	89426	26	29847	0.9972912416814367	E:1,M:1,N:1,ORF1a:1,ORF1b:1,ORF3a:1,ORF6:1,ORF7a:1,ORF7b:1,ORF8:1,ORF9b:1,S:1	false	C241T,A1163T,C3037T,G3871T,C14408T,A23403G,C28687T,G28881A,G28882A,G28883C				N:R203K,N:G204R,ORF1a:I300F,ORF1a:K1202N,ORF1b:P314L,S:D614G					G3871T,C28687T	0	0	2	2			ORF1a:K1202N	0	0	1	1		NODE_0000922	A1163T,G3871T,C28687T		ORF1a:I300F,ORF1a:K1202N		B.1.1.25	G3871T,C28687T		ORF1a:K1202N		N/A	N/A	N/A	N/A	N/A	N/A	N/A	N/A	N/A	N/A			3000	0	good	0	10	0	good	0	24	-6	0	good	2		0	good	0		0		0	0	good		0	0	good	0				
184	MT581412.1 Severe acute respiratory syndrome coronavirus 2 isolate SARS-CoV-2/human/BGD/DNAS_CPH_isl_428_BGD/2020, complete genome	20B	20B		20B	B.1.1	B.1.1	0	good	8	0	0	0	0	0	5	0	0	0	89434	26	29847	0.9972912416814367	E:1,M:1,N:1,ORF1a:1,ORF1b:1,ORF3a:1,ORF6:1,ORF7a:1,ORF7b:1,ORF8:1,ORF9b:1,S:1	false	C241T,C3037T,C14408T,G20774A,A23403G,G28881A,G28882A,G28883C				N:R203K,N:G204R,ORF1b:P314L,ORF1b:G2436D,S:D614G					G20774A	0	0	1	1			ORF1b:G2436D	0	0	1	1		NODE_0000922	G20774A		ORF1b:G2436D		NODE_0000922	G20774A		ORF1b:G2436D		N/A	N/A	N/A	N/A	N/A	N/A	N/A	N/A	N/A	N/A			3000	0	good	0	10	0	good	0	24	-7	0	good	1		0	good	0		0		0	0	good		0	0	good	0				
185	MT581413.1 Severe acute respiratory syndrome coronavirus 2 isolate SARS-CoV-2/human/BGD/DNAS_CPH_isl_521_BGD/2020, complete genome	20B	20B		20B	B.1.1.25	B.1.1.25	0	good	12	0	0	0	0	0	6	0	0	0	89418	26	29847	0.9972912416814367	E:1,M:1,N:1,ORF1a:1,ORF1b:1,ORF3a:1,ORF6:1,ORF7a:1,ORF7b:1,ORF8:1,ORF9b:1,S:1	false	C241T,A1163T,C3037T,C3961T,C10252T,C14408T,C15540T,G22199T,A23403G,G28881A,G28882A,G28883C				N:R203K,N:G204R,ORF1a:I300F,ORF1b:P314L,S:V213L,S:D614G					C3961T,C10252T,C15540T,G22199T	0	0	4	4			S:V213L	0	0	1	1		NODE_0000922	A1163T,C3961T,C10252T,C15540T,G22199T		ORF1a:I300F,S:V213L		B.1.1.25	C3961T,C10252T,C15540T,G22199T		S:V213L		N/A	N/A	N/A	N/A	N/A	N/A	N/A	N/A	N/A	N/A			3000	0	good	0	10	0	good	0	24	-4	0	good	4		0	good	0		0		0	0	good		0	0	good	0				
186	MT581418.1 Severe acute respiratory syndrome coronavirus 2 isolate SARS-CoV-2/human/BGD/DNAS_CPH_isl_479_BGD/2020, complete genome	20A	20A		20A	B.1	B.1	0	good	9	0	0	0	0	0	4	0	0	0	89433	25	29847	0.9973246831421596	E:1,M:1,N:1,ORF1a:1,ORF1b:1,ORF3a:1,ORF6:1,ORF7a:1,ORF7b:1,ORF8:1,ORF9b:1,S:1	false	C241T,C3037T,G3077A,C3688T,C14408T,C15324T,C23230T,T23268G,A23403G				ORF1a:E938K,ORF1b:P314L,S:I569S,S:D614G					G3077A,C3688T,C23230T,T23268G	0	0	4	4			ORF1a:E938K,S:I569S	0	0	2	2		NODE_0000764	G3077A,C3688T,C15324T,C23230T,T23268G		ORF1a:E938K,S:I569S		NODE_0000764	G3077A,C3688T,C15324T,C23230T,T23268G		ORF1a:E938K,S:I569S		N/A	N/A	N/A	N/A	N/A	N/A	N/A	N/A	N/A	N/A			3000	0	good	0	10	0	good	0	24	-4	0	good	4		0	good	0		0		0	0	good		0	0	good	0				
188	MT581420.1 Severe acute respiratory syndrome coronavirus 2 isolate SARS-CoV-2/human/BGD/DNAS_CPH_isl_430_BGD/2020, complete genome	20B	20B		20B	B.1.1.25	B.1.1.25	0	good	11	0	0	0	0	0	7	0	0	0	89422	26	29847	0.9972912416814367	E:1,M:1,N:1,ORF1a:1,ORF1b:1,ORF3a:1,ORF6:1,ORF7a:1,ORF7b:1,ORF8:1,ORF9b:1,S:1	false	C241T,A1163T,C3037T,G4444T,G8371T,C14408T,A23403G,G28881A,G28882A,G28883C,A29403G				N:R203K,N:G204R,N:D377G,ORF1a:I300F,ORF1a:Q2702H,ORF1b:P314L,S:D614G					G4444T,G8371T,A29403G	0	0	3	3			N:D377G,ORF1a:Q2702H	0	0	2	2		NODE_0000922	A1163T,G4444T,G8371T,A29403G		N:D377G,ORF1a:I300F,ORF1a:Q2702H		B.1.1.25	G4444T,G8371T,A29403G		N:D377G,ORF1a:Q2702H		N/A	N/A	N/A	N/A	N/A	N/A	N/A	N/A	N/A	N/A			3000	0	good	0	10	0	good	0	24	-5	0	good	3		0	good	0		0		0	0	good		0	0	good	0				
189	MT581421.1 Severe acute respiratory syndrome coronavirus 2 isolate SARS-CoV-2/human/BGD/DNAS_CPH_isl_510_BGD/2020, complete genome	20B	20B		20B	B.1.1.25	B.1.1.25	0	good	11	0	0	0	0	0	7	0	0	0	89422	26	29847	0.9972912416814367	E:1,M:1,N:1,ORF1a:1,ORF1b:1,ORF3a:1,ORF6:1,ORF7a:1,ORF7b:1,ORF8:1,ORF9b:1,S:1	false	C241T,A1163T,C3037T,G4444T,G8371T,C14408T,A23403G,G28881A,G28882A,G28883C,A29403G				N:R203K,N:G204R,N:D377G,ORF1a:I300F,ORF1a:Q2702H,ORF1b:P314L,S:D614G					G4444T,G8371T,A29403G	0	0	3	3			N:D377G,ORF1a:Q2702H	0	0	2	2		NODE_0000922	A1163T,G4444T,G8371T,A29403G		N:D377G,ORF1a:I300F,ORF1a:Q2702H		B.1.1.25	G4444T,G8371T,A29403G		N:D377G,ORF1a:Q2702H		N/A	N/A	N/A	N/A	N/A	N/A	N/A	N/A	N/A	N/A			3000	0	good	0	10	0	good	0	24	-5	0	good	3		0	good	0		0		0	0	good		0	0	good	0				
187	MT581419.1 Severe acute respiratory syndrome coronavirus 2 isolate SARS-CoV-2/human/BGD/DNAS_CPH_isl_486_BGD/2020, complete genome	20A	20A		20A	B.1	B.1	0	good	11	0	0	0	1	0	6	0	0	1	89421	26	29847	0.9972578002207136	E:1,M:1,N:1,ORF1a:0.9997727789138832,ORF1b:1,ORF3a:1,ORF6:1,ORF7a:1,ORF7b:1,ORF8:1,ORF9b:1,S:1	false	C241T,C3037T,G3077A,C3688T,C7528T,C14408T,C15324T,G19162T,A23403G,T23952G,G23957A				ORF1a:E938K,ORF1b:P314L,ORF1b:D1899Y,S:D614G,S:F797C,S:G799S					G3077A,C3688T,C7528T,G19162T,T23952G,G23957A	0	0	6	6			ORF1a:E938K,ORF1b:D1899Y,S:F797C,S:G799S	0	0	4	4	11082	NODE_0000764	G3077A,C3688T,C7528T,C15324T,G19162T,T23952G,G23957A		ORF1a:E938K,ORF1b:D1899Y,S:F797C,S:G799S		NODE_0000764	G3077A,C3688T,C7528T,C15324T,G19162T,T23952G,G23957A		ORF1a:E938K,ORF1b:D1899Y,S:F797C,S:G799S		N/A	N/A	N/A	N/A	N/A	N/A	N/A	N/A	N/A	N/A	ORF1a:3606		3000	0	good	1	10	0	good	0	24	-2	0	good	6		0	good	0		0		0	0	good		0	0	good	0				
191	MT581423.1 Severe acute respiratory syndrome coronavirus 2 isolate SARS-CoV-2/human/BGD/DNAS_CPH_isl_438_BGD/2020, complete genome	20B	20B		20B	B.1.1.25	B.1.1.25	0	good	12	0	0	0	0	0	8	0	0	0	89418	26	29847	0.9972912416814367	E:1,M:1,N:1,ORF1a:1,ORF1b:1,ORF3a:1,ORF6:1,ORF7a:1,ORF7b:1,ORF8:1,ORF9b:1,S:1	false	C241T,A1163T,C3037T,G4444T,G8371T,C14408T,A23403G,G25906T,G28881A,G28882A,G28883C,A29403G				N:R203K,N:G204R,N:D377G,ORF1a:I300F,ORF1a:Q2702H,ORF1b:P314L,ORF3a:G172C,S:D614G					G4444T,G8371T,G25906T,A29403G	0	0	4	4			N:D377G,ORF1a:Q2702H,ORF3a:G172C	0	0	3	3		NODE_0000922	A1163T,G4444T,G8371T,G25906T,A29403G		N:D377G,ORF1a:I300F,ORF1a:Q2702H,ORF3a:G172C		B.1.1.25	G4444T,G8371T,G25906T,A29403G		N:D377G,ORF1a:Q2702H,ORF3a:G172C		N/A	N/A	N/A	N/A	N/A	N/A	N/A	N/A	N/A	N/A			3000	0	good	0	10	0	good	0	24	-4	0	good	4		0	good	0		0		0	0	good		0	0	good	0				
194	MT581431.1 Severe acute respiratory syndrome coronavirus 2 isolate SARS-CoV-2/human/BGD/DNAS_CPH_isl_437_BGD/2020, complete genome	20A	20A		20A	B.1	B.1	0	good	11	0	0	0	0	0	5	0	0	0	89422	26	29847	0.9972912416814367	E:1,M:1,N:1,ORF1a:1,ORF1b:1,ORF3a:1,ORF6:1,ORF7a:1,ORF7b:1,ORF8:1,ORF9b:1,S:1	false	C44T,C241T,C3037T,T3217C,C8389T,C14408T,C15324T,G15850A,G18412T,A23403G,G23868T				ORF1b:P314L,ORF1b:D795N,ORF1b:V1649F,S:D614G,S:G769V					C44T,T3217C,C8389T,G15850A,G18412T,G23868T	0	0	6	6			ORF1b:D795N,ORF1b:V1649F,S:G769V	0	0	3	3		NODE_0000764	C44T,T3217C,C8389T,C15324T,G15850A,G18412T,G23868T		ORF1b:D795N,ORF1b:V1649F,S:G769V		NODE_0000764	C44T,T3217C,C8389T,C15324T,G15850A,G18412T,G23868T		ORF1b:D795N,ORF1b:V1649F,S:G769V		N/A	N/A	N/A	N/A	N/A	N/A	N/A	N/A	N/A	N/A			3000	0	good	0	10	0	good	0	24	-2	0	good	6		0	good	0		0		0	0	good		0	0	good	0				
192	MT581429.1 Severe acute respiratory syndrome coronavirus 2 isolate SARS-CoV-2/human/BGD/DNAS_CPH_isl_426_BGD/2020, complete genome	20A	20A		20A	B.1	B.1	0	good	9	0	0	0	0	0	6	0	0	0	89430	26	29847	0.9972912416814367	E:1,M:1,N:1,ORF1a:1,ORF1b:1,ORF3a:1,ORF6:1,ORF7a:1,ORF7b:1,ORF8:1,ORF9b:1,S:1	false	C241T,C3037T,G4201T,C12369T,C14408T,G20438T,A23403G,C26527T,G29587A				M:A2V,ORF1a:M1312I,ORF1a:T4035I,ORF1b:P314L,ORF1b:S2324I,S:D614G					G4201T,C12369T,G20438T,C26527T,G29587A	0	0	5	5			M:A2V,ORF1a:M1312I,ORF1a:T4035I,ORF1b:S2324I	0	0	4	4		NODE_0000764	G4201T,C12369T,G20438T,C26527T,G29587A		M:A2V,ORF1a:M1312I,ORF1a:T4035I,ORF1b:S2324I		NODE_0000764	G4201T,C12369T,G20438T,C26527T,G29587A		M:A2V,ORF1a:M1312I,ORF1a:T4035I,ORF1b:S2324I		N/A	N/A	N/A	N/A	N/A	N/A	N/A	N/A	N/A	N/A			3000	0	good	0	10	0	good	0	24	-3	0	good	5		0	good	0		0		0	0	good		0	0	good	0				
190	MT581422.1 Severe acute respiratory syndrome coronavirus 2 isolate SARS-CoV-2/human/BGD/DNAS_CPH_isl_506_BGD/2020, complete genome	20B	20B		20B	B.1.1.25	B.1.1.25	0	good	12	0	0	0	8	0	8	0	0	4	89410	26	29847	0.9970237099956526	E:1,M:1,N:1,ORF1a:1,ORF1b:1,ORF3a:1,ORF6:1,ORF7a:0.9672131147540983,ORF7b:1,ORF8:1,ORF9b:1,S:1	false	C241T,A1163T,C3037T,G4444T,G8371T,C14408T,A23403G,G25906T,G28881A,G28882A,G28883C,A29403G				N:R203K,N:G204R,N:D377G,ORF1a:I300F,ORF1a:Q2702H,ORF1b:P314L,ORF3a:G172C,S:D614G					G4444T,G8371T,G25906T,A29403G	0	0	4	4			N:D377G,ORF1a:Q2702H,ORF3a:G172C	0	0	3	3	27472-27475,27478-27479,27481-27482	NODE_0000922	A1163T,G4444T,G8371T,G25906T,A29403G		N:D377G,ORF1a:I300F,ORF1a:Q2702H,ORF3a:G172C		B.1.1.25	G4444T,G8371T,G25906T,A29403G		N:D377G,ORF1a:Q2702H,ORF3a:G172C		N/A	N/A	N/A	N/A	N/A	N/A	N/A	N/A	N/A	N/A	ORF7a:27-30		3000	0	good	8	10	0	good	0	24	-4	0	good	4		0	good	0		0		0	0	good		0	0	good	0				
197	MT582454.1 Severe acute respiratory syndrome coronavirus 2 isolate SARS-CoV-2/human/DEU/NRW-46/2020, complete genome	19A	19A		19A	B.4	B.4	0	good	6	0	0	0	1	0	4	0	0	1	89321	55	29836	0.9959201417917934	E:1,M:1,N:1,ORF1a:0.9997727789138832,ORF1b:1,ORF3a:1,ORF6:1,ORF7a:1,ORF7b:1,ORF8:1,ORF9b:1,S:1	false	G1397A,G20887A,C21627T,T28688C,C28830T,G29742T				N:S186F,ORF1a:V378I,ORF1b:G2474R,S:T22I					G20887A,C21627T,C28830T	0	0	3	3			N:S186F,ORF1b:G2474R,S:T22I	0	0	3	3	11083	NODE_0000000	G1397A,G20887A,C21627T,T28688C,C28830T,G29742T		N:S186F,ORF1a:V378I,ORF1b:G2474R,S:T22I		B.4	G20887A,C21627T,C28830T		N:S186F,ORF1b:G2474R,S:T22I		N/A	N/A	N/A	N/A	N/A	N/A	N/A	N/A	N/A	N/A	ORF1a:3606		3000	0	good	1	10	0	good	0	24	-5	0	good	3		0	good	0		0		0	0	good		0	0	good	0				
198	MT582472.1 Severe acute respiratory syndrome coronavirus 2 isolate SARS-CoV-2/human/DEU/NRW-28/2020, complete genome	20C	20C		20C	B.1	B.1	0	good	6	0	0	0	3	0	4	0	0	3	89319	55	29836	0.9958532588703475	E:1,M:1,N:1,ORF1a:0.9995455578277664,ORF1b:0.9996290801186943,ORF3a:1,ORF6:1,ORF7a:1,ORF7b:1,ORF8:1,ORF9b:1,S:1	false	C241T,C1059T,C3037T,C14408T,A23403G,G25563T				ORF1a:T265I,ORF1b:P314L,ORF3a:Q57H,S:D614G						0	0	0	0				0	0	0	0	675,1736,15380	NODE_0000826					NODE_0000764	C1059T,G25563T		ORF1a:T265I,ORF3a:Q57H		N/A	N/A	N/A	N/A	N/A	N/A	N/A	N/A	N/A	N/A	ORF1a:137,ORF1a:491,ORF1b:638		3000	0	good	3	10	0	good	0	24	-8	0	good	0		0	good	0		0		0	0	good		0	0	good	0				
193	MT581430.1 Severe acute respiratory syndrome coronavirus 2 isolate SARS-CoV-2/human/BGD/DNAS_CPH_isl_461_BGD/2020, complete genome	20A	20A		20A	B.1	B.1	2.777778	good	9	0	0	0	1	0	6	0	0	1	89429	26	29847	0.9972578002207136	E:1,M:1,N:1,ORF1a:0.9997727789138832,ORF1b:1,ORF3a:1,ORF6:1,ORF7a:1,ORF7b:1,ORF8:1,ORF9b:1,S:1	false	C241T,C1188T,C3037T,G4201T,C12369T,G20438T,A23403G,C24208T,C26527T				M:A2V,ORF1a:S308L,ORF1a:M1312I,ORF1a:T4035I,ORF1b:S2324I,S:D614G			T14408C		C1188T,G4201T,C12369T,G20438T,C24208T,C26527T	1	0	6	7	ORF1b:L314P		M:A2V,ORF1a:S308L,ORF1a:M1312I,ORF1a:T4035I,ORF1b:S2324I	1	0	5	6	11082	NODE_0000764	C1188T,G4201T,C12369T,T14408C,G20438T,C24208T,C26527T		M:A2V,ORF1a:S308L,ORF1a:M1312I,ORF1a:T4035I,ORF1b:L314P,ORF1b:S2324I		NODE_0000764	C1188T,G4201T,C12369T,T14408C,G20438T,C24208T,C26527T		M:A2V,ORF1a:S308L,ORF1a:M1312I,ORF1a:T4035I,ORF1b:L314P,ORF1b:S2324I		N/A	N/A	N/A	N/A	N/A	N/A	N/A	N/A	N/A	N/A	ORF1a:3606		3000	0	good	1	10	0	good	0	24	4	16.666667	good	12		0	good	0		0		0	0	good		0	0	good	0				
195	MT581432.1 Severe acute respiratory syndrome coronavirus 2 isolate SARS-CoV-2/human/BGD/DNAS_RAB_isl_114_BGD/2020, complete genome	20B	20B		20B	B.1.1	B.1.1	1.562500	good	11	0	0	0	24	0	5	0	0	12	89368	26	29837	0.9961542320168545	E:1,M:1,N:1,ORF1a:0.9972733469665985,ORF1b:1,ORF3a:1,ORF6:1,ORF7a:1,ORF7b:1,ORF8:1,ORF9b:1,S:1	false	C241T,C1288T,C2048T,C3037T,C4752T,C13255T,A22193T,A23403G,G28881A,G28882A,G28883C				N:R203K,N:G204R,ORF1a:T1496I,S:N211Y,S:D614G			T14408C		C1288T,C2048T,C4752T,C13255T,A22193T	1	0	5	6	ORF1b:L314P		ORF1a:T1496I,S:N211Y	1	0	2	3	3855,3857,7300-7301,7303-7305,7309,7311-7323,7325-7326,11082	NODE_0000922	C1288T,C2048T,C4752T,C13255T,T14408C,A22193T		ORF1a:T1496I,ORF1b:L314P,S:N211Y		NODE_0000922	C1288T,C2048T,C4752T,C13255T,T14408C,A22193T		ORF1a:T1496I,ORF1b:L314P,S:N211Y		N/A	N/A	N/A	N/A	N/A	N/A	N/A	N/A	N/A	N/A	ORF1a:1197-1198,ORF1a:2346-2354,ORF1a:3606		3000	0	good	24	10	0	good	0	24	3	12.500000	good	11		0	good	0		0		0	0	good		0	0	good	0				
200	MT582481.1 Severe acute respiratory syndrome coronavirus 2 isolate SARS-CoV-2/human/DEU/NRW-19/2020, complete genome	20B	20B		20B	B.1.1	B.1.1	0	good	7	0	0	0	0	0	4	0	0	0	89318	55	29836	0.9959535832525165	E:1,M:1,N:1,ORF1a:1,ORF1b:1,ORF3a:1,ORF6:1,ORF7a:1,ORF7b:1,ORF8:1,ORF9b:1,S:1	false	C241T,C3037T,C14408T,A23403G,G28881A,G28882A,G28883C				N:R203K,N:G204R,ORF1b:P314L,S:D614G						0	0	0	0				0	0	0	0		NODE_0000922					NODE_0000922					N/A	N/A	N/A	N/A	N/A	N/A	N/A	N/A	N/A	N/A			3000	0	good	0	10	0	good	0	24	-8	0	good	0		0	good	0		0		0	0	good		0	0	good	0				
199	MT582478.1 Severe acute respiratory syndrome coronavirus 2 isolate SARS-CoV-2/human/DEU/NRW-22/2020, complete genome	20C	20C		20C	B.1	B.1	0	good	6	0	0	0	0	0	4	0	0	0	89322	55	29836	0.9959535832525165	E:1,M:1,N:1,ORF1a:1,ORF1b:1,ORF3a:1,ORF6:1,ORF7a:1,ORF7b:1,ORF8:1,ORF9b:1,S:1	false	C241T,C1059T,C3037T,C14408T,A23403G,G25563T				ORF1a:T265I,ORF1b:P314L,ORF3a:Q57H,S:D614G						0	0	0	0				0	0	0	0		NODE_0000826					NODE_0000764	C1059T,G25563T		ORF1a:T265I,ORF3a:Q57H		N/A	N/A	N/A	N/A	N/A	N/A	N/A	N/A	N/A	N/A			3000	0	good	0	10	0	good	0	24	-8	0	good	0		0	good	0		0		0	0	good		0	0	good	0				
202	MT582486.1 Severe acute respiratory syndrome coronavirus 2 isolate SARS-CoV-2/human/DEU/NRW-14/2020, complete genome	19A	19A		19A	B.3	B.3	0	good	2	0	0	0	0	0	2	0	0	0	89338	55	29836	0.9959535832525165	E:1,M:1,N:1,ORF1a:1,ORF1b:1,ORF3a:1,ORF6:1,ORF7a:1,ORF7b:1,ORF8:1,ORF9b:1,S:1	false	G1440A,G2891A				ORF1a:G392D,ORF1a:A876T						0	0	0	0				0	0	0	0		NODE_0000000	G1440A,G2891A		ORF1a:G392D,ORF1a:A876T		B.3					N/A	N/A	N/A	N/A	N/A	N/A	N/A	N/A	N/A	N/A			3000	0	good	0	10	0	good	0	24	-8	0	good	0		0	good	0		0		0	0	good		0	0	good	0				
201	MT582482.1 Severe acute respiratory syndrome coronavirus 2 isolate SARS-CoV-2/human/DEU/NRW-18/2020, complete genome	20C	20C		20C	B.1	B.1	0	good	6	0	0	0	0	0	4	0	0	0	89322	55	29836	0.9959535832525165	E:1,M:1,N:1,ORF1a:1,ORF1b:1,ORF3a:1,ORF6:1,ORF7a:1,ORF7b:1,ORF8:1,ORF9b:1,S:1	false	C241T,C1059T,C3037T,C14408T,A23403G,G25563T				ORF1a:T265I,ORF1b:P314L,ORF3a:Q57H,S:D614G						0	0	0	0				0	0	0	0		NODE_0000826					NODE_0000764	C1059T,G25563T		ORF1a:T265I,ORF3a:Q57H		N/A	N/A	N/A	N/A	N/A	N/A	N/A	N/A	N/A	N/A			3000	0	good	0	10	0	good	0	24	-8	0	good	0		0	good	0		0		0	0	good		0	0	good	0				
203	MT582494.1 Severe acute respiratory syndrome coronavirus 2 isolate SARS-CoV-2/human/DEU/NRW-06/2020, complete genome	19A	19A		19A	B.3	B.3	0	good	2	0	0	0	0	0	2	0	0	0	89338	55	29836	0.9959535832525165	E:1,M:1,N:1,ORF1a:1,ORF1b:1,ORF3a:1,ORF6:1,ORF7a:1,ORF7b:1,ORF8:1,ORF9b:1,S:1	false	G1440A,G2891A				ORF1a:G392D,ORF1a:A876T						0	0	0	0				0	0	0	0		NODE_0000000	G1440A,G2891A		ORF1a:G392D,ORF1a:A876T		B.3					N/A	N/A	N/A	N/A	N/A	N/A	N/A	N/A	N/A	N/A			3000	0	good	0	10	0	good	0	24	-8	0	good	0		0	good	0		0		0	0	good		0	0	good	0				
205	MT577009.1 Severe acute respiratory syndrome coronavirus 2 isolate SARS-CoV-2/human/IND/763/2020, complete genome	20A	20A		20A	B.1	B.1	0	good	5	0	0	0	0	0	3	0	0	0	89689	1	29903	1	E:1,M:1,N:1,ORF1a:1,ORF1b:1,ORF3a:1,ORF6:1,ORF7a:1,ORF7b:1,ORF8:1,ORF9b:1,S:1	false	C241T,C3037T,C4809T,C14408T,A23403G				ORF1a:S1515F,ORF1b:P314L,S:D614G				C4809T|25G		0	1	0	1			ORF1a:S1515F	0	0	1	1		NODE_0000764	C4809T		ORF1a:S1515F		NODE_0000764	C4809T		ORF1a:S1515F		N/A	N/A	N/A	N/A	N/A	N/A	N/A	N/A	N/A	N/A			3000	0	good	0	10	0	good	0	24	-4	0	good	4		0	good	0		0		0	0	good		0	0	good	0				
204	MT582498.1 Severe acute respiratory syndrome coronavirus 2 isolate SARS-CoV-2/human/DEU/NRW-02.1/2020, complete genome	19A	19A		19A	B.3	B.3	0	good	2	0	0	0	3	0	2	0	0	1	89335	55	29836	0.9958532588703475	E:1,M:1,N:1,ORF1a:1,ORF1b:0.9996290801186943,ORF3a:1,ORF6:1,ORF7a:1,ORF7b:1,ORF8:1,ORF9b:1,S:1	false	G1440A,G2891A				ORF1a:G392D,ORF1a:A876T						0	0	0	0				0	0	0	0	19329,19344,19565	NODE_0000000	G1440A,G2891A		ORF1a:G392D,ORF1a:A876T		B.3					N/A	N/A	N/A	N/A	N/A	N/A	N/A	N/A	N/A	N/A	ORF1b:2033		3000	0	good	3	10	0	good	0	24	-8	0	good	0		0	good	0		0		0	0	good		0	0	good	0				
207	MT479224.1 Severe acute respiratory syndrome coronavirus 2 isolate SARS-CoV-2/human/TWN/CGMH-CGU-22/2020, complete genome	19A	19A		19A	B	B	0	good	1	42	0	0	0	0	1	14	0	0	89553	4	29902	0.999866234157108	E:1,M:1,N:1,ORF1a:1,ORF1b:1,ORF3a:1,ORF6:1,ORF7a:1,ORF7b:1,ORF8:1,ORF9b:1,S:1	false	C28776A	21764-21790,23585-23599			N:P168Q	S:I68-,S:H69-,S:V70-,S:S71-,S:G72-,S:T73-,S:N74-,S:G75-,S:T76-,S:Q675-,S:T676-,S:Q677-,S:T678-,S:N679-				C28776A	0	0	1	1			N:P168Q	0	0	1	1		NODE_0000000	C28776A	21764-21790,23585-23599	N:P168Q	S:I68-,S:H69-,S:V70-,S:S71-,S:G72-,S:T73-,S:N74-,S:G75-,S:T76-,S:Q675-,S:T676-,S:Q677-,S:T678-,S:N679-	NODE_0000000	C28776A	21764-21790,23585-23599	N:P168Q	S:I68-,S:H69-,S:V70-,S:S71-,S:G72-,S:T73-,S:N74-,S:G75-,S:T76-,S:Q675-,S:T676-,S:Q677-,S:T678-,S:N679-	N/A	N/A	N/A	N/A	N/A	N/A	N/A	N/A	N/A	N/A			3000	0	good	0	10	0	good	0	24	-5	0	good	3		0	good	0		0		0	0	good		0	0	good	0				
208	MT479225.1 Severe acute respiratory syndrome coronavirus 2 isolate SARS-CoV-2/human/TWN/CGMH-CGU-23/2020, complete genome	20A	20A		20A	B.1	B.1	0	good	6	0	0	0	0	0	3	0	0	0	89682	2	29903	0.999966558539277	E:1,M:1,N:1,ORF1a:1,ORF1b:1,ORF3a:1,ORF6:1,ORF7a:1,ORF7b:1,ORF8:1,ORF9b:1,S:1	false	C241T,C3037T,C14408T,C18877T,A23403G,G25563T				ORF1b:P314L,ORF3a:Q57H,S:D614G						0	0	0	0				0	0	0	0		NODE_0000764	C18877T,G25563T		ORF3a:Q57H		NODE_0000764	C18877T,G25563T		ORF3a:Q57H		N/A	N/A	N/A	N/A	N/A	N/A	N/A	N/A	N/A	N/A			3000	0	good	0	10	0	good	0	24	-8	0	good	0		0	good	0		0		0	0	good		0	0	good	0				
206	MT585088.1 Severe acute respiratory syndrome coronavirus 2 isolate SARS-CoV-2/human/USA/LA-BIE-035/2020, complete genome	20C	20C		20C	B.1	B.1	0	good	9	0	0	0	11	0	5	0	0	5	89284	60	29836	0.9954185198809484	E:1,M:1,N:1,ORF1a:0.9993183367416496,ORF1b:0.9996290801186943,ORF3a:1,ORF6:1,ORF7a:1,ORF7b:1,ORF8:1,ORF9b:1,S:0.9992150706436421	false	C241T,C1059T,C3037T,C9286T,C14408T,T17886C,A23403G,G25563T,C27964T				ORF1a:T265I,ORF1b:P314L,ORF3a:Q57H,ORF8:S24L,S:D614G					C9286T,T17886C	0	0	2	2				0	0	0	0	4660-4665,14572-14574,23818-23819	NODE_0000826	C9286T,T17886C,C27964T		ORF8:S24L		NODE_0000764	C1059T,C9286T,T17886C,G25563T,C27964T		ORF1a:T265I,ORF3a:Q57H,ORF8:S24L		N/A	N/A	N/A	N/A	N/A	N/A	N/A	N/A	N/A	N/A	ORF1a:1465-1467,ORF1b:369,S:753		3000	0	good	11	10	0	good	0	24	-6	0	good	2		0	good	0		0		0	0	good		0	0	good	0				
209	MT479227.1 Severe acute respiratory syndrome coronavirus 2 isolate SARS-CoV-2/human/TWN/CGMH-CGU-25/2020, complete genome	20C	20C		20C	B.1.320	B.1.320	0	good	9	0	0	0	0	0	4	0	0	0	89661	5	29903	0.999866234157108	E:1,M:1,N:1,ORF1a:1,ORF1b:1,ORF3a:1,ORF6:1,ORF7a:1,ORF7b:1,ORF8:1,ORF9b:1,S:1	false	C241T,C379A,T577A,C1059T,C3037T,T12511C,C14408T,A23403G,G25563T				ORF1a:T265I,ORF1b:P314L,ORF3a:Q57H,S:D614G					T577A,T12511C	0	0	2	2				0	0	0	0		NODE_0000826	C379A,T577A,T12511C				B.1.320	T577A,T12511C				N/A	N/A	N/A	N/A	N/A	N/A	N/A	N/A	N/A	N/A			3000	0	good	0	10	0	good	0	24	-6	0	good	2		0	good	0		0		0	0	good		0	0	good	0				
196	MT581435.1 Severe acute respiratory syndrome coronavirus 2 isolate SARS-CoV-2/human/BGD/DNAS_BSH_isl_9_BGD/2020, complete genome	20B	20B		20B	B.1.1	B.1.1	17.361111	good	18	0	0	0	282	0	11	0	0	103	89112	26	29847	0.9878607497575495	E:1,M:1,N:0.9976190476190476,ORF1a:0.9950011361054306,ORF1b:0.9847922848664689,ORF3a:1,ORF6:1,ORF7a:0.9754098360655737,ORF7b:1,ORF8:1,ORF9b:1,S:0.9717425431711146	false	C241T,A2865T,C3037T,G5194T,C6471T,A7036G,G8039C,T9027A,G11719A,C13255T,T13532A,C19972T,C22329T,A23403G,G25352A,G28881A,G28882A,G28883C				N:R203K,N:G204R,ORF1a:E867V,ORF1a:T2069I,ORF1a:D2592H,ORF1a:I2921N,ORF1b:V22E,ORF1b:P2169S,S:S256L,S:D614G,S:V1264M			T14408C		A2865T,G5194T,C6471T,A7036G,G8039C,T9027A,G11719A,C13255T,T13532A,C19972T,C22329T,G25352A	1	0	12	13	ORF1b:L314P		ORF1a:E867V,ORF1a:T2069I,ORF1a:D2592H,ORF1a:I2921N,ORF1b:V22E,ORF1b:P2169S,S:S256L,S:V1264M	1	0	8	9	1835-1852,4405,4408,5138-5158,7300-7316,10621-10624,13794-13796,16118-16119,16121-16122,16124,17881,18141,18143-18146,18148-18149,18151,18694-18695,19976-19995,20266-20267,21367-21432,22694-22737,22740-22741,22743,22747-22775,24373-24387,24823-24834,27724-27730,29027-29029	NODE_0000922	A2865T,G5194T,C6471T,A7036G,G8039C,T9027A,G11719A,C13255T,T13532A,T14408C,C19972T,C22329T,G25352A		ORF1a:E867V,ORF1a:T2069I,ORF1a:D2592H,ORF1a:I2921N,ORF1b:V22E,ORF1b:L314P,ORF1b:P2169S,S:S256L,S:V1264M		NODE_0000922	A2865T,G5194T,C6471T,A7036G,G8039C,T9027A,G11719A,C13255T,T13532A,T14408C,C19972T,C22329T,G25352A		ORF1a:E867V,ORF1a:T2069I,ORF1a:D2592H,ORF1a:I2921N,ORF1b:V22E,ORF1b:L314P,ORF1b:P2169S,S:S256L,S:V1264M		N/A	N/A	N/A	N/A	N/A	N/A	N/A	N/A	N/A	N/A	ORF1a:524-529,ORF1a:1381,ORF1a:1625-1631,ORF1a:2346-2351,ORF1a:3452-3453,ORF1b:110,ORF1b:884-886,ORF1b:1472,ORF1b:1558-1562,ORF1b:1743,ORF1b:2170-2176,ORF1b:2267,ORF1b:2634-2655,S:378-394,S:396-405,S:938-942,S:1088-1091,ORF7a:111-113,N:252		3000	0	good	282	10	0	good	0	24	10	41.666667	mediocre	18		0	good	0		0		0	0	good		0	0	good	0				
210	MT590599.1 Severe acute respiratory syndrome coronavirus 2 isolate SARS-CoV-2/human/TWN/CGMH-CGU-29/2020, complete genome	19B	19B		19B	A.3	A.3	0	good	13	0	0	0	0	0	7	0	0	0	89651	1	29901	0.999933117078554	E:1,M:1,N:1,ORF1a:1,ORF1b:1,ORF3a:1,ORF6:1,ORF7a:1,ORF7b:1,ORF8:1,ORF9b:1,S:1	false	T490A,C3177T,C6040T,C8782T,T11470C,G12478A,T18736C,C24034T,T26729C,G28077C,T28144C,C28896G,A29700G				N:A208G,ORF1a:D75E,ORF1a:P971L,ORF1a:M4071I,ORF1b:F1757L,ORF8:V62L,ORF8:L84S					T11470C	0	0	1	1				0	0	0	0		internal_b384	T490A,C3177T,C6040T,T11470C,G12478A,T18736C,C24034T,T26729C,G28077C,C28896G,A29700G		N:A208G,ORF1a:D75E,ORF1a:P971L,ORF1a:M4071I,ORF1b:F1757L,ORF8:V62L		A.3	T11470C				N/A	N/A	N/A	N/A	N/A	N/A	N/A	N/A	N/A	N/A			3000	0	good	0	10	0	good	0	24	-7	0	good	1		0	good	0		0		0	0	good		0	0	good	0				
211	MT590600.1 Severe acute respiratory syndrome coronavirus 2 isolate SARS-CoV-2/human/TWN/CGMH-CGU-30/2020, complete genome	20A	20A		20A	B.1	B.1	0	good	9	0	0	0	0	0	4	0	0	0	89667	2	29902	0.999933117078554	E:1,M:1,N:1,ORF1a:1,ORF1b:1,ORF3a:1,ORF6:1,ORF7a:1,ORF7b:1,ORF8:1,ORF9b:1,S:1	false	C241T,C3037T,C4897T,C14408T,C20234T,A20268G,C21772T,A23403G,C28854T				N:S194L,ORF1b:P314L,ORF1b:P2256L,S:D614G					C4897T,C20234T,C21772T	0	0	3	3			ORF1b:P2256L	0	0	1	1		NODE_0000764	C4897T,C20234T,A20268G,C21772T,C28854T		N:S194L,ORF1b:P2256L		NODE_0000764	C4897T,C20234T,A20268G,C21772T,C28854T		N:S194L,ORF1b:P2256L		N/A	N/A	N/A	N/A	N/A	N/A	N/A	N/A	N/A	N/A			3000	0	good	0	10	0	good	0	24	-5	0	good	3		0	good	0		0		0	0	good		0	0	good	0				
213	MT612134.1 Severe acute respiratory syndrome coronavirus 2 isolate SARS-CoV-2/human/AUS/VIC1436/2020 ORF1ab polyprotein (ORF1ab), ORF1a polyprotein (ORF1ab), surface glycoprotein (S), ORF3a protein (ORF3a), envelope protein (E), membrane glycoprotein (M), ORF6 protein (ORF6), ORF7a protein (ORF7a), ORF7b (ORF7b), ORF8 protein (ORF8), nucleocapsid phosphoprotein (N), and ORF10 protein (ORF10) genes, complete cds	20A	20A		20A	B.1	B.1	9	good	7	0	0	0	125	3	3	0	0	46	89286	39	29851	0.992709761562385	E:1,M:1,N:0.930952380952381,ORF1a:1,ORF1b:1,ORF3a:1,ORF6:1,ORF7a:1,ORF7b:1,ORF8:1,ORF9b:1,S:0.9866562009419152	false	C241T,C3037T,A9301G,A9409G,C14408T,C21575T,A23403G				ORF1b:P314L,S:L5F,S:D614G				C21575T|21F	A9301G,A9409G	0	1	2	3			S:L5F	0	0	1	1	22339-22385,22404-22405,29120-29124,29126-29153,29166-29195,29198-29210	NODE_0000764	A9301G,A9409G,C21575T		S:L5F		NODE_0000764	A9301G,A9409G,C21575T		S:L5F		N/A	N/A	N/A	N/A	N/A	N/A	N/A	N/A	N/A	N/A	S:260-275,S:281,N:283-294,N:298-313,N:327	M:16180,S:29253,R:29593	3000	0	good	125	10	30	mediocre	3	24	-2	0	good	6		0	good	0		0		0	0	good		0	0	good	0				
218	MT630423.1 Severe acute respiratory syndrome coronavirus 2 isolate SARS-CoV-2/human/SAU/85613/2020, complete genome	19B	19B		19B	A	A	1	good	6	0	0	0	0	1	3	0	0	1	89418	25	29838	0.9969902685349296	E:1,M:1,N:1,ORF1a:1,ORF1b:0.9996290801186943,ORF3a:1,ORF6:1,ORF7a:1,ORF7b:1,ORF8:1,ORF9b:1,S:1	false	C8782T,G22468T,G28027T,T28144C,G28878A,G29742A				N:S202N,ORF8:W45L,ORF8:L84S					G28027T	0	0	1	1			ORF8:W45L	0	0	1	1		internal_b384	G22468T,G28027T,G28878A,G29742A		N:S202N,ORF8:W45L		internal_b384	G22468T,G28027T,G28878A,G29742A		N:S202N,ORF8:W45L		N/A	N/A	N/A	N/A	N/A	N/A	N/A	N/A	N/A	N/A	ORF1b:1000	Y:16466	3000	0	good	0	10	10	good	1	24	-7	0	good	1		0	good	0		0		0	0	good		0	0	good	0				
212	MT605818.1 Severe acute respiratory syndrome coronavirus 2 isolate SARS-CoV-2/human/TUR/IMU-SP-03/2020, complete genome	20B	20B		20B	B.1.1	B.1.1	0	good	9	9	0	0	0	0	4	3	0	0	89492	18	29871	0.9983613684245728	E:1,M:1,N:1,ORF1a:1,ORF1b:1,ORF3a:1,ORF6:1,ORF7a:1,ORF7b:1,ORF8:1,ORF9b:1,S:1	false	C241T,C3037T,C14408T,T19839C,A23403G,G28881A,G28882A,G28883C,A29871G	28853-28861			N:R203K,N:G204R,ORF1b:P314L,S:D614G	N:S194-,N:R195-,N:N196-				A29871G	0	0	1	1				0	0	0	0		NODE_0000922	T19839C,A29871G	28853-28861		N:S194-,N:R195-,N:N196-	NODE_0000922	T19839C,A29871G	28853-28861		N:S194-,N:R195-,N:N196-	N/A	N/A	N/A	N/A	N/A	N/A	N/A	N/A	N/A	N/A			3000	0	good	0	10	0	good	0	24	-6	0	good	2		0	good	0		0		0	0	good		0	0	good	0				
216	MT627237.1 Severe acute respiratory syndrome coronavirus 2 isolate SARS-CoV-2/human/USA/WA-S18/2020, complete genome	19B	19B		19B	A.1	A.1	0	good	5	0	0	0	2	0	3	0	0	2	89531	14	29864	0.9981941611209577	E:1,M:1,N:1,ORF1a:1,ORF1b:1,ORF3a:1,ORF6:1,ORF7a:1,ORF7b:1,ORF8:1,ORF9b:1,S:0.9984301412872841	false	C8782T,C17747T,A17858G,C18060T,T28144C				ORF1b:P1427L,ORF1b:Y1464C,ORF8:L84S						0	0	0	0				0	0	0	0	23202,23225	internal_b384	C17747T,A17858G,C18060T		ORF1b:P1427L,ORF1b:Y1464C		A.1					N/A	N/A	N/A	N/A	N/A	N/A	N/A	N/A	N/A	N/A	S:547,S:555		3000	0	good	2	10	0	good	0	24	-8	0	good	0		0	good	0		0		0	0	good		0	0	good	0				
215	MT614510.1 Severe acute respiratory syndrome coronavirus 2 isolate SARS-CoV-2/human/USA/UT-QDX-17/2020, complete genome	20C	20C		20C	B.1	B.1	0	good	7	3	0	0	0	0	5	1	0	0	89302	55	29836	0.9959535832525165	E:1,M:1,N:1,ORF1a:1,ORF1b:1,ORF3a:1,ORF6:1,ORF7a:1,ORF7b:1,ORF8:1,ORF9b:1,S:1	false	C241T,C1059T,C1887T,C3037T,C14408T,A23403G,G25563T	425-427			ORF1a:T265I,ORF1a:A541V,ORF1b:P314L,ORF3a:Q57H,S:D614G	ORF1a:V54-				C1887T	0	0	1	1			ORF1a:A541V	0	0	1	1		NODE_0000826	C1887T	425-427	ORF1a:A541V	ORF1a:V54-	NODE_0000764	C1059T,C1887T,G25563T	425-427	ORF1a:T265I,ORF1a:A541V,ORF3a:Q57H	ORF1a:V54-	N/A	N/A	N/A	N/A	N/A	N/A	N/A	N/A	N/A	N/A			3000	0	good	0	10	0	good	0	24	-6	0	good	2		0	good	0		0		0	0	good		0	0	good	0				
214	MT612281.1 Severe acute respiratory syndrome coronavirus 2 isolate SARS-CoV-2/human/TLS/TL05/2020 ORF1ab polyprotein (ORF1ab), ORF1a polyprotein (ORF1ab), surface glycoprotein (S), ORF3a protein (ORF3a), envelope protein (E), membrane glycoprotein (M), ORF6 protein (ORF6), ORF7a protein (ORF7a), ORF7b (ORF7b), ORF8 protein (ORF8), nucleocapsid phosphoprotein (N), and ORF10 protein (ORF10) genes, complete cds	19A	19A		19A	B.6.6	B.6.6	1	good	7	0	0	0	60	1	5	0	0	21	89390	26	29851	0.9953850784202254	E:1,M:1,N:1,ORF1a:1,ORF1b:1,ORF3a:1,ORF6:1,ORF7a:1,ORF7b:1,ORF8:1,ORF9b:1,S:0.9835164835164835	false	C6312A,G11083T,C13730T,C19524T,C20628T,C23929T,C28311T				N:P13L,ORF1a:T2016K,ORF1a:L3606F,ORF1b:A88V,ORF9b:P10S			A6310C		C20628T	1	0	1	2	ORF1a:R2015S			1	0	0	1	22339-22395,22487-22489	NODE_0000000	C6312A,G11083T,C13730T,C19524T,C20628T,C23929T,C28311T		N:P13L,ORF1a:T2016K,ORF1a:L3606F,ORF1b:A88V,ORF9b:P10S		B.6.6	A6310C,C20628T		ORF1a:R2015S		N/A	N/A	N/A	N/A	N/A	N/A	N/A	N/A	N/A	N/A	S:260-278,S:309,S:318	K:22516	3000	0	good	60	10	10	good	1	24	-1	0	good	7		0	good	0		0		0	0	good		0	0	good	0				
217	MT630422.1 Severe acute respiratory syndrome coronavirus 2 isolate SARS-CoV-2/human/SAU/42952/2020, complete genome	20B	20B		20B	B.1.1	B.1.1	9	good	9	0	0	0	0	3	6	0	0	0	89601	25	29903	0.9990970805604789	E:1,M:1,N:1,ORF1a:1,ORF1b:1,ORF3a:1,ORF6:1,ORF7a:1,ORF7b:1,ORF8:1,ORF9b:1,S:1	false	C241T,C3037T,C14408T,A23403G,T25655C,C26299T,G28881A,G28882A,G28883C				E:L19F,N:R203K,N:G204R,ORF1b:P314L,ORF3a:V88A,S:D614G					T25655C,C26299T	0	0	2	2			E:L19F,ORF3a:V88A	0	0	2	2		NODE_0000922	T25655C,C26299T		E:L19F,ORF3a:V88A		NODE_0000922	T25655C,C26299T		E:L19F,ORF3a:V88A		N/A	N/A	N/A	N/A	N/A	N/A	N/A	N/A	N/A	N/A		W:29867,S:29868,W:29869	3000	0	good	0	10	30	mediocre	3	24	-6	0	good	2		0	good	0		0		0	0	good		0	0	good	0				
219	MT630429.1 Severe acute respiratory syndrome coronavirus 2 isolate SARS-CoV-2/human/SAU/86650/2020, complete genome	20A	20A		20A	B.1	B.1	1	good	8	0	0	0	0	1	4	0	0	0	89605	25	29903	0.9991639634819249	E:1,M:1,N:1,ORF1a:1,ORF1b:1,ORF3a:1,ORF6:1,ORF7a:1,ORF7b:1,ORF8:1,ORF9b:1,S:1	false	C241T,C3037T,C6402T,C14408T,C18877T,A23403G,G25563T,C26735T				ORF1a:P2046L,ORF1b:P314L,ORF3a:Q57H,S:D614G				C6402T|21J		0	1	0	1			ORF1a:P2046L	0	0	1	1		NODE_0000764	C6402T,C18877T,G25563T,C26735T		ORF1a:P2046L,ORF3a:Q57H		NODE_0000764	C6402T,C18877T,G25563T,C26735T		ORF1a:P2046L,ORF3a:Q57H		N/A	N/A	N/A	N/A	N/A	N/A	N/A	N/A	N/A	N/A		S:29868	3000	0	good	0	10	10	good	1	24	-4	0	good	4		0	good	0		0		0	0	good		0	0	good	0				
220	MT630430.1 Severe acute respiratory syndrome coronavirus 2 isolate SARS-CoV-2/human/SAU/832279/2020, complete genome	20A	20A		20A	B.1	B.1	0	good	9	0	0	0	0	0	3	0	0	0	89406	25	29838	0.9970237099956526	E:1,M:1,N:1,ORF1a:1,ORF1b:1,ORF3a:1,ORF6:1,ORF7a:1,ORF7b:1,ORF8:1,ORF9b:1,S:1	false	C241T,C3037T,C3157T,C7006T,C14408T,C18877T,A23403G,G25563T,C26735T				ORF1b:P314L,ORF3a:Q57H,S:D614G					C3157T,C7006T	0	0	2	2				0	0	0	0		NODE_0000764	C3157T,C7006T,C18877T,G25563T,C26735T		ORF3a:Q57H		NODE_0000764	C3157T,C7006T,C18877T,G25563T,C26735T		ORF3a:Q57H		N/A	N/A	N/A	N/A	N/A	N/A	N/A	N/A	N/A	N/A			3000	0	good	0	10	0	good	0	24	-6	0	good	2		0	good	0		0		0	0	good		0	0	good	0				
223	MT635445.1 Severe acute respiratory syndrome coronavirus 2 isolate SARS-CoV-2/human/RUS/SCPM-O-cDNA-02/2020, complete genome	20A	20A		20A	B.1	B.1	0	good	4	0	0	0	0	0	2	0	0	0	89165	57	29783	0.9941143029127513	E:1,M:1,N:1,ORF1a:1,ORF1b:1,ORF3a:1,ORF6:1,ORF7a:1,ORF7b:1,ORF8:1,ORF9b:1,S:1	false	C241T,C3037T,C14408T,A23403G				ORF1b:P314L,S:D614G						0	0	0	0				0	0	0	0		NODE_0000764					NODE_0000764					N/A	N/A	N/A	N/A	N/A	N/A	N/A	N/A	N/A	N/A			3000	0	good	0	10	0	good	0	24	-8	0	good	0		0	good	0		0		0	0	good		0	0	good	0				
221	MT630431.1 Severe acute respiratory syndrome coronavirus 2 isolate SARS-CoV-2/human/SAU/85790C/2020, complete genome	20B	20B		20B	B.1.1	B.1.1	0	good	9	0	0	0	0	0	4	0	0	0	89406	25	29838	0.9970237099956526	E:1,M:1,N:1,ORF1a:1,ORF1b:1,ORF3a:1,ORF6:1,ORF7a:1,ORF7b:1,ORF8:1,ORF9b:1,S:1	false	C241T,C3037T,C14408T,A23403G,G28881A,G28882A,G28883C,C29200T,C29750T				N:R203K,N:G204R,ORF1b:P314L,S:D614G					C29200T,C29750T	0	0	2	2				0	0	0	0		NODE_0000922	C29200T,C29750T				NODE_0000922	C29200T,C29750T				N/A	N/A	N/A	N/A	N/A	N/A	N/A	N/A	N/A	N/A			3000	0	good	0	10	0	good	0	24	-6	0	good	2		0	good	0		0		0	0	good		0	0	good	0				
224	MT637143.1 Severe acute respiratory syndrome coronavirus 2 isolate SARS-CoV-2/human/RUS/SCPM-O-cDNA-08/2020, complete genome	20B	20B		20B	B.1.1	B.1.1	0	good	10	0	0	0	0	0	5	0	0	0	89609	7	29889	0.9993311707855399	E:1,M:1,N:1,ORF1a:1,ORF1b:1,ORF3a:1,ORF6:1,ORF7a:1,ORF7b:1,ORF8:1,ORF9b:1,S:1	false	C241T,C3037T,C3373A,C14408T,A23403G,G28881A,G28882A,G28883C,A29872G,A29873T				N:R203K,N:G204R,ORF1a:D1036E,ORF1b:P314L,S:D614G					C3373A,A29872G,A29873T	0	0	3	3			ORF1a:D1036E	0	0	1	1		NODE_0000922	C3373A,A29872G,A29873T		ORF1a:D1036E		NODE_0000922	C3373A,A29872G,A29873T		ORF1a:D1036E		N/A	N/A	N/A	N/A	N/A	N/A	N/A	N/A	N/A	N/A			3000	0	good	0	10	0	good	0	24	-5	0	good	3		0	good	0		0		0	0	good		0	0	good	0				
225	MT641766.1 Severe acute respiratory syndrome coronavirus 2 isolate SARS-CoV-2/human/TLS/TL05/2020, complete genome	19A	19A		19A	B.6.6	B.6.6	0	good	7	0	0	0	0	0	5	0	0	0	89522	5	29854	0.9982276025816808	E:1,M:1,N:1,ORF1a:1,ORF1b:1,ORF3a:1,ORF6:1,ORF7a:1,ORF7b:1,ORF8:1,ORF9b:1,S:1	false	C6312A,G11083T,C13730T,C19524T,C20628T,C23929T,C28311T				N:P13L,ORF1a:T2016K,ORF1a:L3606F,ORF1b:A88V,ORF9b:P10S			A6310C		C20628T	1	0	1	2	ORF1a:R2015S			1	0	0	1		NODE_0000000	C6312A,G11083T,C13730T,C19524T,C20628T,C23929T,C28311T		N:P13L,ORF1a:T2016K,ORF1a:L3606F,ORF1b:A88V,ORF9b:P10S		B.6.6	A6310C,C20628T		ORF1a:R2015S		N/A	N/A	N/A	N/A	N/A	N/A	N/A	N/A	N/A	N/A			3000	0	good	0	10	0	good	0	24	-1	0	good	7		0	good	0		0		0	0	good		0	0	good	0				
222	MT632847.1 Severe acute respiratory syndrome coronavirus 2 isolate SARS-CoV-2/human/USA/WA-S346/2020, complete genome	19B	19B		19B	A.1	A.1	0	good	8	0	0	0	1	0	6	0	0	0	89571	3	29870	0.9987961074139718	E:1,M:1,N:1,ORF1a:1,ORF1b:1,ORF3a:1,ORF6:1,ORF7a:1,ORF7b:1,ORF8:1,ORF9b:1,S:1	false	C3311A,C8782T,G17671T,C17747T,A17858G,C18060T,C22290T,T28144C				ORF1a:L1016I,ORF1b:V1402F,ORF1b:P1427L,ORF1b:Y1464C,ORF8:L84S,S:A243V					C3311A,G17671T,C22290T	0	0	3	3			ORF1a:L1016I,ORF1b:V1402F,S:A243V	0	0	3	3	25063	internal_b384	C3311A,G17671T,C17747T,A17858G,C18060T,C22290T		ORF1a:L1016I,ORF1b:V1402F,ORF1b:P1427L,ORF1b:Y1464C,S:A243V		A.1	C3311A,G17671T,C22290T		ORF1a:L1016I,ORF1b:V1402F,S:A243V		N/A	N/A	N/A	N/A	N/A	N/A	N/A	N/A	N/A	N/A			3000	0	good	1	10	0	good	0	24	-5	0	good	3		0	good	0		0		0	0	good		0	0	good	0				
226	MT641767.1 Severe acute respiratory syndrome coronavirus 2 isolate SARS-CoV-2/human/TLS/TL06/2020, complete genome	19A	19A		19A	B.6.6	B.6.6	0	good	8	0	0	0	76	0	6	0	0	25	89331	39	29851	0.9944487175199813	E:1,M:1,N:1,ORF1a:1,ORF1b:1,ORF3a:1,ORF6:1,ORF7a:1,ORF7b:1,ORF8:1,ORF9b:1,S:0.9803767660910518	false	C5544T,C6312A,G11083T,C13730T,C19524T,C20628T,C23929T,C28311T				N:P13L,ORF1a:T1760I,ORF1a:T2016K,ORF1a:L3606F,ORF1b:A88V,ORF9b:P10S			A6310C		C5544T,C20628T	1	0	2	3	ORF1a:R2015S		ORF1a:T1760I	1	0	1	2	22447-22522	NODE_0000000	C5544T,C6312A,G11083T,C13730T,C19524T,C20628T,C23929T,C28311T		N:P13L,ORF1a:T1760I,ORF1a:T2016K,ORF1a:L3606F,ORF1b:A88V,ORF9b:P10S		B.6.6	C5544T,A6310C,C20628T		ORF1a:T1760I,ORF1a:R2015S		N/A	N/A	N/A	N/A	N/A	N/A	N/A	N/A	N/A	N/A	S:296-320		3000	0	good	76	10	0	good	0	24	0	0	good	8		0	good	0		0		0	0	good		0	0	good	0				
228	MT641774.1 Severe acute respiratory syndrome coronavirus 2 isolate SARS-CoV-2/human/TLS/TL19/2020, complete genome	19A	19A		19A	B.6.6	B.6.6	0	good	7	0	0	0	3	0	5	0	0	1	89411	40	29853	0.9969233856134836	E:1,M:1,N:1,ORF1a:1,ORF1b:1,ORF3a:1,ORF6:1,ORF7a:1,ORF7b:1,ORF8:1,ORF9b:1,S:0.9992150706436421	false	C6312A,G11083T,C13730T,C19524T,C20628T,C23929T,C28311T				N:P13L,ORF1a:T2016K,ORF1a:L3606F,ORF1b:A88V,ORF9b:P10S			A6310C		C20628T	1	0	1	2	ORF1a:R2015S			1	0	0	1	22340-22342	NODE_0000000	C6312A,G11083T,C13730T,C19524T,C20628T,C23929T,C28311T		N:P13L,ORF1a:T2016K,ORF1a:L3606F,ORF1b:A88V,ORF9b:P10S		B.6.6	A6310C,C20628T		ORF1a:R2015S		N/A	N/A	N/A	N/A	N/A	N/A	N/A	N/A	N/A	N/A	S:260		3000	0	good	3	10	0	good	0	24	-1	0	good	7		0	good	0		0		0	0	good		0	0	good	0				
231	MT641778.1 Severe acute respiratory syndrome coronavirus 2 isolate SARS-CoV-2/human/TLS/TL25/2020, complete genome	19A	19A		19A	B	B	1.562500	good	8	0	0	0	0	0	5	0	0	0	89416	39	29854	0.9970905929170987	E:1,M:1,N:1,ORF1a:1,ORF1b:1,ORF3a:1,ORF6:1,ORF7a:1,ORF7b:1,ORF8:1,ORF9b:1,S:1	false	A7479G,G11083T,C13517T,C14805T,T17247C,C25572T,G26144T,C28887T				N:T205I,ORF1a:N2405S,ORF1a:L3606F,ORF1b:T17I,ORF3a:G251V				C25572T|23F&23H,C28887T|21C&20H&21H&21D	A7479G,C13517T,T17247C	0	2	3	5			N:T205I,ORF1a:N2405S,ORF1b:T17I	0	0	3	3		NODE_0000000	A7479G,G11083T,C13517T,C14805T,T17247C,C25572T,G26144T,C28887T		N:T205I,ORF1a:N2405S,ORF1a:L3606F,ORF1b:T17I,ORF3a:G251V		NODE_0000000	A7479G,G11083T,C13517T,C14805T,T17247C,C25572T,G26144T,C28887T		N:T205I,ORF1a:N2405S,ORF1a:L3606F,ORF1b:T17I,ORF3a:G251V		N/A	N/A	N/A	N/A	N/A	N/A	N/A	N/A	N/A	N/A			3000	0	good	0	10	0	good	0	24	3	12.500000	good	11		0	good	0		0		0	0	good		0	0	good	0				
230	MT641777.1 Severe acute respiratory syndrome coronavirus 2 isolate SARS-CoV-2/human/TLS/TL23/2020, complete genome	19A	19A		19A	B.6.6	B.6.6	0	good	7	0	0	0	175	0	5	0	0	59	89248	39	29855	0.9912717787512959	E:1,M:1,N:1,ORF1a:1,ORF1b:1,ORF3a:1,ORF6:1,ORF7a:1,ORF7b:1,ORF8:1,ORF9b:1,S:0.9536891679748822	false	C6312A,G11083T,C13730T,C19524T,C20628T,C23929T,C28311T				N:P13L,ORF1a:T2016K,ORF1a:L3606F,ORF1b:A88V,ORF9b:P10S			A6310C		C20628T	1	0	1	2	ORF1a:R2015S			1	0	0	1	22339-22421,22423-22514	NODE_0000000	C6312A,G11083T,C13730T,C19524T,C20628T,C23929T,C28311T		N:P13L,ORF1a:T2016K,ORF1a:L3606F,ORF1b:A88V,ORF9b:P10S		B.6.6	A6310C,C20628T		ORF1a:R2015S		N/A	N/A	N/A	N/A	N/A	N/A	N/A	N/A	N/A	N/A	S:260-318		3000	0	good	175	10	0	good	0	24	-1	0	good	7		0	good	0		0		0	0	good		0	0	good	0				
229	MT641776.1 Severe acute respiratory syndrome coronavirus 2 isolate SARS-CoV-2/human/TLS/TL21/2020, complete genome	19A	19A		19A	B.6.6	B.6.6	0	good	7	0	0	0	46	0	5	0	0	15	89365	39	29851	0.9954519613416714	E:1,M:1,N:1,ORF1a:1,ORF1b:1,ORF3a:1,ORF6:1,ORF7a:1,ORF7b:1,ORF8:1,ORF9b:1,S:0.9882260596546311	false	C6312A,G11083T,C13730T,C19524T,C23929T,C28311T,A29677G				N:P13L,ORF1a:T2016K,ORF1a:L3606F,ORF1b:A88V,ORF9b:P10S			A6310C		A29677G	1	0	1	2	ORF1a:R2015S			1	0	0	1	22339-22342,22384-22396,22494-22522	NODE_0000000	C6312A,G11083T,C13730T,C19524T,C23929T,C28311T,A29677G		N:P13L,ORF1a:T2016K,ORF1a:L3606F,ORF1b:A88V,ORF9b:P10S		B.6.6	A6310C,A29677G		ORF1a:R2015S		N/A	N/A	N/A	N/A	N/A	N/A	N/A	N/A	N/A	N/A	S:260,S:275-278,S:311-320		3000	0	good	46	10	0	good	0	24	-1	0	good	7		0	good	0		0		0	0	good		0	0	good	0				
227	MT641768.1 Severe acute respiratory syndrome coronavirus 2 isolate SARS-CoV-2/human/TLS/TL07/2020, complete genome	19A	19A		19A	B.6.6	B.6.6	0	good	6	0	0	0	144	0	5	0	0	49	89271	39	29851	0.9921746981908169	E:1,M:1,N:1,ORF1a:1,ORF1b:1,ORF3a:1,ORF6:1,ORF7a:1,ORF7b:1,ORF8:1,ORF9b:1,S:0.9615384615384616	false	C6312A,G11083T,C13730T,C19524T,C23929T,C28311T				N:P13L,ORF1a:T2016K,ORF1a:L3606F,ORF1b:A88V,ORF9b:P10S			A6310C			1	0	0	1	ORF1a:R2015S			1	0	0	1	22339-22414,22456-22523	NODE_0000000	C6312A,G11083T,C13730T,C19524T,C23929T,C28311T		N:P13L,ORF1a:T2016K,ORF1a:L3606F,ORF1b:A88V,ORF9b:P10S		B.6.6	A6310C		ORF1a:R2015S		N/A	N/A	N/A	N/A	N/A	N/A	N/A	N/A	N/A	N/A	S:260-284,S:298-321		3000	0	good	144	10	0	good	0	24	-2	0	good	6		0	good	0		0		0	0	good		0	0	good	0				
232	MT646097.1 Severe acute respiratory syndrome coronavirus 2 isolate SARS-CoV-2/human/USA/DC-HP00035/2020, complete genome	19A	19A		19A	B.40	B.40	1	good	8	0	0	0	4	1	6	0	0	2	89310	55	29836	0.9957863759489014	E:1,M:1,N:1,ORF1a:0.9997727789138832,ORF1b:1,ORF3a:1,ORF6:1,ORF7a:1,ORF7b:1,ORF8:1,ORF9b:1,S:0.9992150706436421	false	A2480G,C2558T,A4912C,G11083T,C14805T,C17010A,C21575T,G26144T				ORF1a:I739V,ORF1a:P765S,ORF1a:E1549D,ORF1a:L3606F,ORF3a:G251V,S:L5F				C21575T|21F	A4912C,C17010A	0	1	2	3			ORF1a:E1549D,S:L5F	0	0	2	2	3144-3145,24981-24982	NODE_0000000	A2480G,C2558T,A4912C,G11083T,C14805T,C17010A,C21575T,G26144T		ORF1a:I739V,ORF1a:P765S,ORF1a:E1549D,ORF1a:L3606F,ORF3a:G251V,S:L5F		B.40	A4912C,C17010A,C21575T		ORF1a:E1549D,S:L5F		N/A	N/A	N/A	N/A	N/A	N/A	N/A	N/A	N/A	N/A	ORF1a:960,S:1140	Y:20133	3000	0	good	4	10	10	good	1	24	-2	0	good	6		0	good	0		0		0	0	good		0	0	good	0				
233	MT653071.1 Severe acute respiratory syndrome coronavirus 2 isolate SARS-CoV-2/human/BEN/197/2020, complete genome	20A	20A		20A	B.1	B.1	36	mediocre	7	0	0	0	0	6	3	0	0	0	89384	55	29858	0.9964886466240845	E:1,M:1,N:1,ORF1a:1,ORF1b:1,ORF3a:1,ORF6:1,ORF7a:1,ORF7b:1,ORF8:1,ORF9b:1,S:1	false	C241T,C3037T,C14408T,C15324T,G23311T,A23403G,C29200T				ORF1b:P314L,S:E583D,S:D614G				G23311T|25I	C29200T	0	1	1	2			S:E583D	0	0	1	1		NODE_0000764	C15324T,G23311T,C29200T		S:E583D		NODE_0000764	C15324T,G23311T,C29200T		S:E583D		N/A	N/A	N/A	N/A	N/A	N/A	N/A	N/A	N/A	N/A		W:80,M:82,K:86,S:88,K:89,R:90	3000	0	good	0	10	60	mediocre	6	24	-3	0	good	5		0	good	0		0		0	0	good		0	0	good	0				
234	MT653072.1 Severe acute respiratory syndrome coronavirus 2 isolate SARS-CoV-2/human/BEN/260/2020, complete genome	20C	20C		20C	B.1	B.1	0	good	10	0	0	0	0	0	8	0	0	0	89369	55	29857	0.9966558539276995	E:1,M:1,N:1,ORF1a:1,ORF1b:1,ORF3a:1,ORF6:1,ORF7a:1,ORF7b:1,ORF8:1,ORF9b:1,S:1	false	C241T,C1059T,T2339A,C3037T,C9891T,C14408T,C18377T,G21830C,A23403G,G25563T				ORF1a:T265I,ORF1a:S692T,ORF1a:A3209V,ORF1b:P314L,ORF1b:T1637I,ORF3a:Q57H,S:V90L,S:D614G				C9891T|21I&21A	T2339A,C18377T,G21830C	0	1	3	4			ORF1a:S692T,ORF1a:A3209V,ORF1b:T1637I,S:V90L	0	0	4	4		NODE_0000826	T2339A,C9891T,C18377T,G21830C		ORF1a:S692T,ORF1a:A3209V,ORF1b:T1637I,S:V90L		NODE_0000764	C1059T,T2339A,C9891T,C18377T,G21830C,G25563T		ORF1a:T265I,ORF1a:S692T,ORF1a:A3209V,ORF1b:T1637I,ORF3a:Q57H,S:V90L		N/A	N/A	N/A	N/A	N/A	N/A	N/A	N/A	N/A	N/A			3000	0	good	0	10	0	good	0	24	-1	0	good	7		0	good	0		0		0	0	good		0	0	good	0				
235	MT653073.1 Severe acute respiratory syndrome coronavirus 2 isolate SARS-CoV-2/human/BEN/501/2020, complete genome	20C	20C		20C	B.1.356	B.1.356	0	good	8	0	0	0	0	0	5	0	0	0	89380	55	29858	0.9966892953884225	E:1,M:1,N:1,ORF1a:1,ORF1b:1,ORF3a:1,ORF6:1,ORF7a:1,ORF7b:1,ORF8:1,ORF9b:1,S:1	false	C241T,C1059T,C3037T,T13006C,C14408T,A23403G,G25563T,C25688T				ORF1a:T265I,ORF1b:P314L,ORF3a:Q57H,ORF3a:A99V,S:D614G						0	0	0	0				0	0	0	0		NODE_0000826	T13006C,C25688T		ORF3a:A99V		B.1.356					N/A	N/A	N/A	N/A	N/A	N/A	N/A	N/A	N/A	N/A			3000	0	good	0	10	0	good	0	24	-8	0	good	0		0	good	0		0		0	0	good		0	0	good	0				
236	MT653074.1 Severe acute respiratory syndrome coronavirus 2 isolate SARS-CoV-2/human/BEN/1408/2020, complete genome	20C	20C		20C	B.1.356	B.1.356	4	good	8	0	0	0	0	2	5	0	0	1	89362	55	29852	0.9964217637026386	E:1,M:1,N:1,ORF1a:0.9997727789138832,ORF1b:1,ORF3a:1,ORF6:1,ORF7a:1,ORF7b:1,ORF8:1,ORF9b:1,S:1	false	C241T,C1059T,C3037T,T13006C,C14408T,A23403G,G25563T,C25688T				ORF1a:T265I,ORF1b:P314L,ORF3a:Q57H,ORF3a:A99V,S:D614G						0	0	0	0				0	0	0	0		NODE_0000826	T13006C,C25688T		ORF3a:A99V		B.1.356					N/A	N/A	N/A	N/A	N/A	N/A	N/A	N/A	N/A	N/A	ORF1a:1400	Y:4463,Y:24382	3000	0	good	0	10	20	good	2	24	-8	0	good	0		0	good	0		0		0	0	good		0	0	good	0				
240	MT653078.1 Severe acute respiratory syndrome coronavirus 2 isolate SARS-CoV-2/human/BEN/843/2020, complete genome	19B	19B		19B	A	A	36	mediocre	4	0	0	0	0	6	2	0	0	2	89396	55	29858	0.9964886466240845	E:1,M:1,N:1,ORF1a:0.9997727789138832,ORF1b:1,ORF3a:0.9963768115942029,ORF6:1,ORF7a:1,ORF7b:1,ORF8:1,ORF9b:1,S:1	false	C26873T,T28144C,G28878A,G29742A				N:S202N,ORF8:L84S					C26873T	0	0	1	1				0	0	0	0		internal_b384	C26873T,G28878A,G29742A		N:S202N		internal_b384	C26873T,G28878A,G29742A		N:S202N		N/A	N/A	N/A	N/A	N/A	N/A	N/A	N/A	N/A	N/A	ORF1a:1400,ORF3a:99	K:89,S:90,K:91,Y:4463,Y:8782,Y:25688	3000	0	good	0	10	60	mediocre	6	24	-7	0	good	1		0	good	0		0		0	0	good		0	0	good	0				
241	MT653079.1 Severe acute respiratory syndrome coronavirus 2 isolate SARS-CoV-2/human/BEN/1950/2020, complete genome	19B	19B		19B	A	A	25	good	6	0	0	0	0	5	3	0	0	4	89388	55	29858	0.9965220880848076	E:1,M:1,N:1,ORF1a:0.9995455578277664,ORF1b:0.9992581602373887,ORF3a:1,ORF6:1,ORF7a:1,ORF7b:1,ORF8:1,ORF9b:1,S:1	false	A361G,C4296G,C8782T,G22468T,T28144C,G28878A				N:S202N,ORF1a:T1344R,ORF8:L84S			A29742G		C4296G	1	0	1	2			ORF1a:T1344R	0	0	1	1		internal_b384	A361G,C4296G,G22468T,G28878A		N:S202N,ORF1a:T1344R		internal_b384	A361G,C4296G,G22468T,G28878A		N:S202N,ORF1a:T1344R		N/A	N/A	N/A	N/A	N/A	N/A	N/A	N/A	N/A	N/A	ORF1a:692,ORF1a:1400,ORF1b:1508,ORF1b:2377	W:2339,Y:4463,K:17990,R:20597,Y:25807	3000	0	good	0	10	50	mediocre	5	24	-1	0	good	7		0	good	0		0		0	0	good		0	0	good	0				
238	MT653076.1 Severe acute respiratory syndrome coronavirus 2 isolate SARS-CoV-2/human/BEN/1092/2020, complete genome	20A	20A		20A	B.1	B.1	81	mediocre	8	0	0	0	1	9	5	0	0	6	89364	55	29853	0.9961876734775775	E:1,M:1,N:0.9976190476190476,ORF1a:0.9995455578277664,ORF1b:0.9996290801186943,ORF3a:1,ORF6:1,ORF7a:1,ORF7b:1,ORF8:0.9836065573770492,ORF9b:1,S:1	false	C241T,C1059T,G9950T,C14408T,C15324T,A22404T,G22468T,A23403G				ORF1a:T265I,ORF1a:A3229S,ORF1b:P314L,S:E281V,S:D614G				C1059T|20G&20C&21C&21F&20H	G9950T,A22404T,G22468T	0	1	3	4			ORF1a:T265I,ORF1a:A3229S,S:E281V	0	0	3	3	91	NODE_0000764	C1059T,G9950T,C15324T,A22404T,G22468T		ORF1a:T265I,ORF1a:A3229S,S:E281V		NODE_0000764	C1059T,G9950T,C15324T,A22404T,G22468T		ORF1a:T265I,ORF1a:A3229S,S:E281V		N/A	N/A	N/A	N/A	N/A	N/A	N/A	N/A	N/A	N/A	ORF1a:692,ORF1a:944,ORF1b:1508,ORF8:84,ORF8:92,N:202	S:92,W:2339,Y:3037,Y:3096,K:17990,Y:23569,Y:28144,R:28167,R:28878	3000	0	good	1	10	90	mediocre	9	24	-1	0	good	7		0	good	0		0		0	0	good		0	0	good	0				
239	MT653077.1 Severe acute respiratory syndrome coronavirus 2 isolate SARS-CoV-2/human/BEN/1409/2020, complete genome	20C	20C		20C	B.1	B.1	81	mediocre	8	0	0	0	0	9	6	0	0	4	88678	105	29674	0.9885630204327325	E:1,M:0.9955156950672646,N:1,ORF1a:0.9997727789138832,ORF1b:0.9992581602373887,ORF3a:1,ORF6:1,ORF7a:1,ORF7b:1,ORF8:1,ORF9b:1,S:1	false	C1059T,C3037T,C4296G,C14408T,T21763C,A23403G,G25563T,C25688T				ORF1a:T265I,ORF1a:T1344R,ORF1b:P314L,ORF3a:Q57H,ORF3a:A99V,S:D614G					C4296G,T21763C,C25688T	0	0	3	3			ORF1a:T1344R,ORF3a:A99V	0	0	2	2		NODE_0000826	C4296G,T21763C,C25688T		ORF1a:T1344R,ORF3a:A99V		NODE_0000764	C1059T,C4296G,T21763C,G25563T,C25688T		ORF1a:T265I,ORF1a:T1344R,ORF3a:Q57H,ORF3a:A99V		N/A	N/A	N/A	N/A	N/A	N/A	N/A	N/A	N/A	N/A	ORF1a:1400,ORF1b:1508,ORF1b:1695,M:65	Y:241,Y:4463,R:9187,K:17990,M:18550,Y:23569,Y:26681,W:26717,Y:29200	3000	0	good	0	10	90	mediocre	9	24	-5	0	good	3		0	good	0		0		0	0	good		0	0	good	0				
237	MT653075.1 Severe acute respiratory syndrome coronavirus 2 isolate SARS-CoV-2/human/BEN/1022/2020, complete genome	20A	20A		20A	B.1	B.1	16	good	7	0	0	0	0	4	3	0	0	4	89369	55	29853	0.9963883222419155	E:1,M:1,N:1,ORF1a:0.9997727789138832,ORF1b:0.9996290801186943,ORF3a:1,ORF6:1,ORF7a:1,ORF7b:1,ORF8:0.9836065573770492,ORF9b:1,S:1	false	C241T,C3037T,C12049T,C14408T,C14786T,C15324T,A23403G				ORF1b:P314L,ORF1b:A440V,S:D614G				C12049T|21E	C14786T	0	1	1	2			ORF1b:A440V	0	0	1	1		NODE_0000764	C12049T,C14786T,C15324T		ORF1b:A440V		NODE_0000764	C12049T,C14786T,C15324T		ORF1b:A440V		N/A	N/A	N/A	N/A	N/A	N/A	N/A	N/A	N/A	N/A	ORF1a:944,ORF1b:2377,ORF8:84,ORF8:92	Y:3096,R:20597,Y:28144,R:28167	3000	0	good	0	10	40	mediocre	4	24	-3	0	good	5		0	good	0		0		0	0	good		0	0	good	0				
242	MT653080.1 Severe acute respiratory syndrome coronavirus 2 isolate SARS-CoV-2/human/BEN/2012/2020, complete genome	19B	19B		19B	A	A	0	good	7	0	0	0	0	0	3	0	0	0	89384	55	29858	0.9966892953884225	E:1,M:1,N:1,ORF1a:1,ORF1b:1,ORF3a:1,ORF6:1,ORF7a:1,ORF7b:1,ORF8:1,ORF9b:1,S:1	false	A361G,G1141T,C8782T,G22468T,T28144C,G28878A,G29742A				N:S202N,ORF1a:K292N,ORF8:L84S					G1141T	0	0	1	1			ORF1a:K292N	0	0	1	1		internal_b384	A361G,G1141T,G22468T,G28878A,G29742A		N:S202N,ORF1a:K292N		internal_b384	A361G,G1141T,G22468T,G28878A,G29742A		N:S202N,ORF1a:K292N		N/A	N/A	N/A	N/A	N/A	N/A	N/A	N/A	N/A	N/A			3000	0	good	0	10	0	good	0	24	-7	0	good	1		0	good	0		0		0	0	good		0	0	good	0				
243	MT653081.1 Severe acute respiratory syndrome coronavirus 2 isolate SARS-CoV-2/human/BEN/461/2020, complete genome	19B	19B		19B	A	A	0	good	6	0	0	0	0	0	4	0	0	0	89388	55	29858	0.9966892953884225	E:1,M:1,N:1,ORF1a:1,ORF1b:1,ORF3a:1,ORF6:1,ORF7a:1,ORF7b:1,ORF8:1,ORF9b:1,S:1	false	C8782T,G11230T,T28144C,G28167A,G28878A,G29742A				N:S202N,ORF1a:M3655I,ORF8:L84S,ORF8:E92K						0	0	0	0				0	0	0	0		internal_b384	G11230T,G28167A,G28878A,G29742A		N:S202N,ORF1a:M3655I,ORF8:E92K		internal_b384	G11230T,G28167A,G28878A,G29742A		N:S202N,ORF1a:M3655I,ORF8:E92K		N/A	N/A	N/A	N/A	N/A	N/A	N/A	N/A	N/A	N/A			3000	0	good	0	10	0	good	0	24	-8	0	good	0		0	good	0		0		0	0	good		0	0	good	0				
245	MT675956.1 Severe acute respiratory syndrome coronavirus 2 isolate SARS-CoV-2/human/TUR/KOC-IST-B303/2020, complete genome	20A	20A		20A	B.1.9	B.1.9	1	good	10	0	1	0	0	1	5	0	0	0	89504	15	29864	0.9981941611209577	E:1,M:1,N:1,ORF1a:1,ORF1b:1,ORF3a:1,ORF6:1,ORF7a:1,ORF7b:1,ORF8:1,ORF9b:1,S:1	false	C241T,C2113T,C3037T,C7765T,C14408T,C17690T,C18877T,T22126G,A23403G,G25563T		29852:G		ORF1b:P314L,ORF1b:S1408L,ORF3a:Q57H,S:N188K,S:D614G					T22126G	0	0	1	1			S:N188K	0	0	1	1		NODE_0000764	C2113T,C7765T,C17690T,C18877T,T22126G,G25563T		ORF1b:S1408L,ORF3a:Q57H,S:N188K		NODE_0000806	C2113T,T22126G		S:N188K		N/A	N/A	N/A	N/A	N/A	N/A	N/A	N/A	N/A	N/A		V:29853	3000	0	good	0	10	10	good	1	24	-7	0	good	1		0	good	0		0		0	0	good		0	0	good	0				
244	MT653082.1 Severe acute respiratory syndrome coronavirus 2 isolate SARS-CoV-2/human/BEN/314/2020, complete genome	20A	20A		20A	B.1	B.1	36	mediocre	9	0	0	0	0	6	5	0	0	4	88824	55	29674	0.9903354178510517	E:1,M:1,N:1,ORF1a:0.9997727789138832,ORF1b:0.9988872403560831,ORF3a:1,ORF6:1,ORF7a:1,ORF7b:1,ORF8:1,ORF9b:1,S:1	false	C241T,C679T,C3037T,T4463C,A9204G,C15324T,A23403G,G25563T,C25688T				ORF1a:S1400P,ORF1a:D2980G,ORF3a:Q57H,ORF3a:A99V,S:D614G				G25563T|20G&20C&20A&21C&21F&20H&21H	C679T,T4463C,A9204G,C25688T	0	1	4	5			ORF1a:S1400P,ORF1a:D2980G,ORF3a:Q57H,ORF3a:A99V	0	0	4	4		NODE_0000764	C679T,T4463C,A9204G,C15324T,G25563T,C25688T		ORF1a:S1400P,ORF1a:D2980G,ORF3a:Q57H,ORF3a:A99V		NODE_0000764	C679T,T4463C,A9204G,C15324T,G25563T,C25688T		ORF1a:S1400P,ORF1a:D2980G,ORF3a:Q57H,ORF3a:A99V		N/A	N/A	N/A	N/A	N/A	N/A	N/A	N/A	N/A	N/A	ORF1a:3209,ORF1b:314,ORF1b:856,ORF1b:2377	Y:9891,Y:14408,R:16034,Y:16806,R:20597,Y:25807	3000	0	good	0	10	60	mediocre	6	24	0	0	good	8		0	good	0		0		0	0	good		0	0	good	0				
246	MT675958.1 Severe acute respiratory syndrome coronavirus 2 isolate SARS-CoV-2/human/TUR/KOC-IST-B91/2020, complete genome	20A	20A		20A	B.1.9	B.1.9	0	good	10	0	0	0	0	0	5	0	0	0	89471	28	29864	0.9977928635922817	E:1,M:1,N:1,ORF1a:1,ORF1b:1,ORF3a:1,ORF6:1,ORF7a:1,ORF7b:1,ORF8:1,ORF9b:1,S:1	false	C28A,C241T,C3037T,C7765T,C14408T,C17690T,C18877T,G20464T,A23403G,G25563T				ORF1b:P314L,ORF1b:S1408L,ORF1b:D2333Y,ORF3a:Q57H,S:D614G					C28A,G20464T	0	0	2	2			ORF1b:D2333Y	0	0	1	1		NODE_0000764	C28A,C7765T,C17690T,C18877T,G20464T,G25563T		ORF1b:S1408L,ORF1b:D2333Y,ORF3a:Q57H		NODE_0000806	C28A,G20464T		ORF1b:D2333Y		N/A	N/A	N/A	N/A	N/A	N/A	N/A	N/A	N/A	N/A			3000	0	good	0	10	0	good	0	24	-6	0	good	2		0	good	0		0		0	0	good		0	0	good	0				
249	MT706453.1 Severe acute respiratory syndrome coronavirus 2 isolate SARS-CoV-2/human/GEO/Tb-6598/2020, complete genome	20C	20C		20C	B.1	B.1	0	good	9	0	0	0	0	0	5	0	0	0	89367	56	29856	0.9965889710062535	E:1,M:1,N:1,ORF1a:1,ORF1b:1,ORF3a:1,ORF6:1,ORF7a:1,ORF7b:1,ORF8:1,ORF9b:1,S:1	false	C241T,C1059T,C3037T,C6573T,C14408T,G17679T,A23403G,G25563T,T29855C				ORF1a:T265I,ORF1a:S2103F,ORF1b:P314L,ORF3a:Q57H,S:D614G					C6573T,G17679T,T29855C	0	0	3	3			ORF1a:S2103F	0	0	1	1		NODE_0000826	C6573T,G17679T,T29855C		ORF1a:S2103F		NODE_0000764	C1059T,C6573T,G17679T,G25563T,T29855C		ORF1a:T265I,ORF1a:S2103F,ORF3a:Q57H		N/A	N/A	N/A	N/A	N/A	N/A	N/A	N/A	N/A	N/A			3000	0	good	0	10	0	good	0	24	-5	0	good	3		0	good	0		0		0	0	good		0	0	good	0				
248	MT704819.1 Severe acute respiratory syndrome coronavirus 2 isolate SARS-CoV-2/human/DEU/SCoV2_4ZK/2020, complete genome	20A	20A		20A	B.1	B.1	0	good	5	0	0	0	0	0	2	0	0	0	89587	1	29869	0.9988629903354178	E:1,M:1,N:1,ORF1a:1,ORF1b:1,ORF3a:1,ORF6:1,ORF7a:1,ORF7b:1,ORF8:1,ORF9b:1,S:1	false	C241T,C3037T,C14408T,A23403G,C27213T				ORF1b:P314L,S:D614G					C27213T	0	0	1	1				0	0	0	0		NODE_0000764	C27213T				NODE_0000764	C27213T				N/A	N/A	N/A	N/A	N/A	N/A	N/A	N/A	N/A	N/A			3000	0	good	0	10	0	good	0	24	-7	0	good	1		0	good	0		0		0	0	good		0	0	good	0				
251	MT731285.1 Severe acute respiratory syndrome coronavirus 2 isolate SARS-CoV-2/human/MAR/RMPS01/2020, complete genome	20C	20C		20C	B.1	B.1	0	good	7	0	0	0	0	0	4	0	0	0	89681	1	29903	1	E:1,M:1,N:1,ORF1a:1,ORF1b:1,ORF3a:1,ORF6:1,ORF7a:1,ORF7b:1,ORF8:1,ORF9b:1,S:1	false	C241T,C1059T,T1666C,C3037T,C14408T,A23403G,G25563T				ORF1a:T265I,ORF1b:P314L,ORF3a:Q57H,S:D614G					T1666C	0	0	1	1				0	0	0	0		NODE_0000826	T1666C				NODE_0000764	C1059T,T1666C,G25563T		ORF1a:T265I,ORF3a:Q57H		N/A	N/A	N/A	N/A	N/A	N/A	N/A	N/A	N/A	N/A			3000	0	good	0	10	0	good	0	24	-7	0	good	1		0	good	0		0		0	0	good		0	0	good	0				
247	MT678839.1 Severe acute respiratory syndrome coronavirus 2 isolate SARS-CoV-2/human/KOR/CNUHV03/2020, complete genome	19B	19B		19B	A	A	367.361111	bad	53	0	0	0	0	0	29	0	0	0	89410	1	29874	0.9990301976390329	E:1,M:1,N:1,ORF1a:1,ORF1b:1,ORF3a:1,ORF6:1,ORF7a:1,ORF7b:1,ORF8:1,ORF9b:1,S:1	false	T120C,A963G,C2536T,A3553G,G3815A,T4120C,T4402C,A5019G,G5062T,A6030G,A6391G,A6505G,T7198C,T7380C,T7576C,G7684A,T8296C,T8439C,T8523C,C8782T,G8876A,T9179C,A9218G,G11083T,T11275A,G11276A,A11277T,T11278C,T13147C,A13315G,T14086C,A14681G,T15728C,T17772C,A17809G,T18613C,C21377G,T21432C,T21439C,A21675G,T21819C,C21846T,A21849G,A22013G,T22117G,T24073C,T24565C,T27534C,G27593A,T27956C,T28144C,T28516C,A29355T				N:K361I,ORF1a:E233G,ORF1a:D1184N,ORF1a:D1585G,ORF1a:L1599F,ORF1a:N1922S,ORF1a:V2372A,ORF1a:L2725P,ORF1a:V2753A,ORF1a:G2871S,ORF1a:S2972P,ORF1a:R2985G,ORF1a:L3606F,ORF1a:D3671I,ORF1b:W207R,ORF1b:N405S,ORF1b:V754A,ORF1b:I1448V,ORF1b:S2637C,ORF1b:S2658P,ORF7a:C67Y,ORF8:L84S,ORF9b:M78T,S:Y38C,S:F86S,S:T95I,S:E96G,S:S151G,S:N185K				C21846T|21K&21J&21F&21H&25I	T120C,A963G,C2536T,A3553G,G3815A,T4120C,T4402C,A5019G,G5062T,A6030G,A6391G,A6505G,T7198C,T7380C,T7576C,G7684A,T8296C,T8439C,T8523C,G8876A,T9179C,A9218G,G11083T,T11275A,G11276A,A11277T,T11278C,T13147C,A13315G,T14086C,A14681G,T15728C,T17772C,A17809G,T18613C,C21377G,T21432C,T21439C,A21675G,T21819C,A21849G,A22013G,T22117G,T24073C,T24565C,T27534C,G27593A,T27956C,T28516C,A29355T	0	1	50	51			N:K361I,ORF1a:E233G,ORF1a:D1184N,ORF1a:D1585G,ORF1a:L1599F,ORF1a:N1922S,ORF1a:V2372A,ORF1a:L2725P,ORF1a:V2753A,ORF1a:G2871S,ORF1a:S2972P,ORF1a:R2985G,ORF1a:L3606F,ORF1a:D3671I,ORF1b:W207R,ORF1b:N405S,ORF1b:V754A,ORF1b:I1448V,ORF1b:S2637C,ORF1b:S2658P,ORF7a:C67Y,ORF9b:M78T,S:Y38C,S:F86S,S:T95I,S:E96G,S:S151G,S:N185K	0	0	28	28		internal_b384	T120C,A963G,C2536T,A3553G,G3815A,T4120C,T4402C,A5019G,G5062T,A6030G,A6391G,A6505G,T7198C,T7380C,T7576C,G7684A,T8296C,T8439C,T8523C,G8876A,T9179C,A9218G,G11083T,T11275A,G11276A,A11277T,T11278C,T13147C,A13315G,T14086C,A14681G,T15728C,T17772C,A17809G,T18613C,C21377G,T21432C,T21439C,A21675G,T21819C,C21846T,A21849G,A22013G,T22117G,T24073C,T24565C,T27534C,G27593A,T27956C,T28516C,A29355T		N:K361I,ORF1a:E233G,ORF1a:D1184N,ORF1a:D1585G,ORF1a:L1599F,ORF1a:N1922S,ORF1a:V2372A,ORF1a:L2725P,ORF1a:V2753A,ORF1a:G2871S,ORF1a:S2972P,ORF1a:R2985G,ORF1a:L3606F,ORF1a:D3671I,ORF1b:W207R,ORF1b:N405S,ORF1b:V754A,ORF1b:I1448V,ORF1b:S2637C,ORF1b:S2658P,ORF7a:C67Y,ORF9b:M78T,S:Y38C,S:F86S,S:T95I,S:E96G,S:S151G,S:N185K		internal_b384	T120C,A963G,C2536T,A3553G,G3815A,T4120C,T4402C,A5019G,G5062T,A6030G,A6391G,A6505G,T7198C,T7380C,T7576C,G7684A,T8296C,T8439C,T8523C,G8876A,T9179C,A9218G,G11083T,T11275A,G11276A,A11277T,T11278C,T13147C,A13315G,T14086C,A14681G,T15728C,T17772C,A17809G,T18613C,C21377G,T21432C,T21439C,A21675G,T21819C,C21846T,A21849G,A22013G,T22117G,T24073C,T24565C,T27534C,G27593A,T27956C,T28516C,A29355T		N:K361I,ORF1a:E233G,ORF1a:D1184N,ORF1a:D1585G,ORF1a:L1599F,ORF1a:N1922S,ORF1a:V2372A,ORF1a:L2725P,ORF1a:V2753A,ORF1a:G2871S,ORF1a:S2972P,ORF1a:R2985G,ORF1a:L3606F,ORF1a:D3671I,ORF1b:W207R,ORF1b:N405S,ORF1b:V754A,ORF1b:I1448V,ORF1b:S2637C,ORF1b:S2658P,ORF7a:C67Y,ORF9b:M78T,S:Y38C,S:F86S,S:T95I,S:E96G,S:S151G,S:N185K		N/A	N/A	N/A	N/A	N/A	N/A	N/A	N/A	N/A	N/A			3000	0	good	0	10	0	good	0	24	46	191.666667	bad	54		0	good	0		0		0	0	good		0	0	good	0				
254	MT731468.1 Severe acute respiratory syndrome coronavirus 2 isolate SARS-CoV-2/human/MAR/RMPS-05/2020, complete genome	20C	20C		20C	B.1	B.1	0	good	6	0	0	0	0	0	4	0	0	0	89685	1	29903	1	E:1,M:1,N:1,ORF1a:1,ORF1b:1,ORF3a:1,ORF6:1,ORF7a:1,ORF7b:1,ORF8:1,ORF9b:1,S:1	false	C241T,C1059T,C3037T,C14408T,A23403G,G25563T				ORF1a:T265I,ORF1b:P314L,ORF3a:Q57H,S:D614G						0	0	0	0				0	0	0	0		NODE_0000826					NODE_0000764	C1059T,G25563T		ORF1a:T265I,ORF3a:Q57H		N/A	N/A	N/A	N/A	N/A	N/A	N/A	N/A	N/A	N/A			3000	0	good	0	10	0	good	0	24	-8	0	good	0		0	good	0		0		0	0	good		0	0	good	0				
253	MT731327.1 Severe acute respiratory syndrome coronavirus 2 isolate SARS-CoV-2/human/MAR/RMPS04/2020, complete genome	20A	20A		20A	B.1	B.1	0	good	10	0	0	0	0	0	4	0	0	0	89669	1	29903	1	E:1,M:1,N:1,ORF1a:1,ORF1b:1,ORF3a:1,ORF6:1,ORF7a:1,ORF7b:1,ORF8:1,ORF9b:1,S:1	false	C241T,C1684T,C3037T,G6404T,C8208T,C14408T,C15324T,G22363T,A23403G,C29362T				ORF1a:V2047F,ORF1a:T2648I,ORF1b:P314L,S:D614G				C29362T|21C	C1684T,G6404T,C8208T,G22363T	0	1	4	5			ORF1a:V2047F,ORF1a:T2648I	0	0	2	2		NODE_0000764	C1684T,G6404T,C8208T,C15324T,G22363T,C29362T		ORF1a:V2047F,ORF1a:T2648I		NODE_0000764	C1684T,G6404T,C8208T,C15324T,G22363T,C29362T		ORF1a:V2047F,ORF1a:T2648I		N/A	N/A	N/A	N/A	N/A	N/A	N/A	N/A	N/A	N/A			3000	0	good	0	10	0	good	0	24	0	0	good	8		0	good	0		0		0	0	good		0	0	good	0				
252	MT731292.1 Severe acute respiratory syndrome coronavirus 2 isolate SARS-CoV-2/human/MAR/RMPS02/2020, complete genome	20A	20A		20A	B.1	B.1	0	good	7	0	0	0	0	0	4	0	0	0	89681	1	29903	1	E:1,M:1,N:1,ORF1a:1,ORF1b:1,ORF3a:1,ORF6:1,ORF7a:1,ORF7b:1,ORF8:1,ORF9b:1,S:1	false	C241T,C3037T,C14408T,C18877T,A23403G,G25563T,G29315C				N:D348H,ORF1b:P314L,ORF3a:Q57H,S:D614G					G29315C	0	0	1	1			N:D348H	0	0	1	1		NODE_0000764	C18877T,G25563T,G29315C		N:D348H,ORF3a:Q57H		NODE_0000764	C18877T,G25563T,G29315C		N:D348H,ORF3a:Q57H		N/A	N/A	N/A	N/A	N/A	N/A	N/A	N/A	N/A	N/A			3000	0	good	0	10	0	good	0	24	-7	0	good	1		0	good	0		0		0	0	good		0	0	good	0				
250	MT730002.1 Severe acute respiratory syndrome coronavirus 2 isolate SARS-CoV-2/human/KOR/2020-CoV55_Nasopharynx/2020, complete genome	19A	19A		19A	B	B	0	good	5	0	0	0	1	0	3	0	0	0	89595	16	29887	0.9989298732568639	E:1,M:1,N:1,ORF1a:1,ORF1b:1,ORF3a:1,ORF6:1,ORF7a:1,ORF7b:1,ORF8:1,ORF9b:1,S:1	false	T3142C,G5572T,G11083T,C14805T,G26144T				ORF1a:M1769I,ORF1a:L3606F,ORF3a:G251V					T3142C,G5572T	0	0	2	2			ORF1a:M1769I	0	0	1	1	29871	NODE_0000000	T3142C,G5572T,G11083T,C14805T,G26144T		ORF1a:M1769I,ORF1a:L3606F,ORF3a:G251V		NODE_0000000	T3142C,G5572T,G11083T,C14805T,G26144T		ORF1a:M1769I,ORF1a:L3606F,ORF3a:G251V		N/A	N/A	N/A	N/A	N/A	N/A	N/A	N/A	N/A	N/A			3000	0	good	1	10	0	good	0	24	-6	0	good	2		0	good	0		0		0	0	good		0	0	good	0				
255	MT731673.1 Severe acute respiratory syndrome coronavirus 2 isolate SARS-CoV-2/human/MAR/RMPS03/2020, complete genome	20A	20A		20A	B.1	B.1	0	good	10	0	0	0	0	0	4	0	0	0	89669	1	29903	1	E:1,M:1,N:1,ORF1a:1,ORF1b:1,ORF3a:1,ORF6:1,ORF7a:1,ORF7b:1,ORF8:1,ORF9b:1,S:1	false	C241T,C1684T,C3037T,G6404T,C8208T,C14408T,C15324T,G22363T,A23403G,C29362T				ORF1a:V2047F,ORF1a:T2648I,ORF1b:P314L,S:D614G				C29362T|21C	C1684T,G6404T,C8208T,G22363T	0	1	4	5			ORF1a:V2047F,ORF1a:T2648I	0	0	2	2		NODE_0000764	C1684T,G6404T,C8208T,C15324T,G22363T,C29362T		ORF1a:V2047F,ORF1a:T2648I		NODE_0000764	C1684T,G6404T,C8208T,C15324T,G22363T,C29362T		ORF1a:V2047F,ORF1a:T2648I		N/A	N/A	N/A	N/A	N/A	N/A	N/A	N/A	N/A	N/A			3000	0	good	0	10	0	good	0	24	0	0	good	8		0	good	0		0		0	0	good		0	0	good	0				
257	MT731764.1 Severe acute respiratory syndrome coronavirus 2 isolate SARS-CoV-2/human/MAR/RMPS06/2020, complete genome	20C	20C		20C	B.1	B.1	0	good	7	0	0	0	0	0	4	0	0	0	89681	1	29903	1	E:1,M:1,N:1,ORF1a:1,ORF1b:1,ORF3a:1,ORF6:1,ORF7a:1,ORF7b:1,ORF8:1,ORF9b:1,S:1	false	C241T,C1059T,C3037T,C12970T,C14408T,A23403G,G25563T				ORF1a:T265I,ORF1b:P314L,ORF3a:Q57H,S:D614G					C12970T	0	0	1	1				0	0	0	0		NODE_0000826	C12970T				NODE_0000764	C1059T,C12970T,G25563T		ORF1a:T265I,ORF3a:Q57H		N/A	N/A	N/A	N/A	N/A	N/A	N/A	N/A	N/A	N/A			3000	0	good	0	10	0	good	0	24	-7	0	good	1		0	good	0		0		0	0	good		0	0	good	0				
256	MT731746.1 Severe acute respiratory syndrome coronavirus 2 isolate SARS-CoV-2/human/MAR/RMPS05/2020, complete genome	20C	20C		20C	B.1	B.1	0	good	6	0	0	0	0	0	4	0	0	0	89685	1	29903	1	E:1,M:1,N:1,ORF1a:1,ORF1b:1,ORF3a:1,ORF6:1,ORF7a:1,ORF7b:1,ORF8:1,ORF9b:1,S:1	false	C241T,C1059T,C3037T,C14408T,A23403G,G25563T				ORF1a:T265I,ORF1b:P314L,ORF3a:Q57H,S:D614G						0	0	0	0				0	0	0	0		NODE_0000826					NODE_0000764	C1059T,G25563T		ORF1a:T265I,ORF3a:Q57H		N/A	N/A	N/A	N/A	N/A	N/A	N/A	N/A	N/A	N/A			3000	0	good	0	10	0	good	0	24	-8	0	good	0		0	good	0		0		0	0	good		0	0	good	0				
260	LC565409.1 Severe acute respiratory syndrome coronavirus 2 TKYV12527_2020 genomic RNA, nearly complete genome	20B	20B		20B	B.1.1	B.1.1	0	good	10	0	0	0	0	0	5	0	0	0	89633	13	29903	0.999598702471324	E:1,M:1,N:1,ORF1a:1,ORF1b:1,ORF3a:1,ORF6:1,ORF7a:1,ORF7b:1,ORF8:1,ORF9b:1,S:1	false	C241T,C313T,C3037T,C14408T,C16338T,A23403G,G28881A,G28882A,G28883C,G28975T				N:R203K,N:G204R,N:M234I,ORF1b:P314L,S:D614G					C16338T,G28975T	0	0	2	2			N:M234I	0	0	1	1		NODE_0000922	C313T,C16338T,G28975T		N:M234I		NODE_0000922	C313T,C16338T,G28975T		N:M234I		N/A	N/A	N/A	N/A	N/A	N/A	N/A	N/A	N/A	N/A			3000	0	good	0	10	0	good	0	24	-6	0	good	2		0	good	0		0		0	0	good		0	0	good	0				
259	MT739440.1 Severe acute respiratory syndrome coronavirus 2 isolate SARS-CoV-2/human/USA/VA-DCLS-0533/2020, complete genome	20A	20A		20A	B.1	B.1	0	good	8	0	0	0	0	0	5	0	0	0	89470	37	29870	0.9976925392101127	E:1,M:1,N:1,ORF1a:1,ORF1b:1,ORF3a:1,ORF6:1,ORF7a:1,ORF7b:1,ORF8:1,ORF9b:1,S:1	false	C241T,C2416T,C3037T,G4523A,C10712T,C14408T,A23403G,G25563T				ORF1a:A1420T,ORF1a:L3483F,ORF1b:P314L,ORF3a:Q57H,S:D614G					G4523A,C10712T	0	0	2	2			ORF1a:A1420T,ORF1a:L3483F	0	0	2	2		NODE_0000764	C2416T,G4523A,C10712T,G25563T		ORF1a:A1420T,ORF1a:L3483F,ORF3a:Q57H		NODE_0000764	C2416T,G4523A,C10712T,G25563T		ORF1a:A1420T,ORF1a:L3483F,ORF3a:Q57H		N/A	N/A	N/A	N/A	N/A	N/A	N/A	N/A	N/A	N/A			3000	0	good	0	10	0	good	0	24	-6	0	good	2		0	good	0		0		0	0	good		0	0	good	0				
261	MT755890.1 Severe acute respiratory syndrome coronavirus 2 isolate SARS-CoV-2/human/SAU/562/2020, complete genome	20A	20A		20A	B.1.36	B.1.36	0	good	11	0	0	0	0	0	5	0	0	0	89665	1	29903	1	E:1,M:1,N:1,ORF1a:1,ORF1b:1,ORF3a:1,ORF6:1,ORF7a:1,ORF7b:1,ORF8:1,ORF9b:1,S:1	false	C241T,T586A,C3037T,C14408T,C18877T,C22444T,A23403G,G25563T,C26735T,C28333T,C28854T				N:S194L,ORF1b:P314L,ORF3a:Q57H,ORF9b:P17L,S:D614G					T586A,C28333T	0	0	2	2			ORF9b:P17L	0	0	1	1		NODE_0000764	T586A,C18877T,C22444T,G25563T,C26735T,C28333T,C28854T		N:S194L,ORF3a:Q57H,ORF9b:P17L		NODE_0000821	T586A,C28333T		ORF9b:P17L		N/A	N/A	N/A	N/A	N/A	N/A	N/A	N/A	N/A	N/A			3000	0	good	0	10	0	good	0	24	-6	0	good	2		0	good	0		0		0	0	good		0	0	good	0				
262	MT755891.1 Severe acute respiratory syndrome coronavirus 2 isolate SARS-CoV-2/human/SAU/578/2020, complete genome	20A	20A		20A	B.1.36	B.1.36	0	good	11	0	0	0	0	0	6	0	0	0	89665	1	29903	1	E:1,M:1,N:1,ORF1a:1,ORF1b:1,ORF3a:1,ORF6:1,ORF7a:1,ORF7b:1,ORF8:1,ORF9b:1,S:1	false	C241T,C3037T,C14408T,C18877T,C22444T,A23403G,G25563T,C26735T,C27527T,C28854T,C29421T				N:S194L,N:P383L,ORF1b:P314L,ORF3a:Q57H,ORF7a:P45L,S:D614G					C27527T,C29421T	0	0	2	2			N:P383L,ORF7a:P45L	0	0	2	2		NODE_0000764	C18877T,C22444T,G25563T,C26735T,C27527T,C28854T,C29421T		N:S194L,N:P383L,ORF3a:Q57H,ORF7a:P45L		NODE_0000821	C27527T,C29421T		N:P383L,ORF7a:P45L		N/A	N/A	N/A	N/A	N/A	N/A	N/A	N/A	N/A	N/A			3000	0	good	0	10	0	good	0	24	-6	0	good	2		0	good	0		0		0	0	good		0	0	good	0				
258	MT733120.1 Severe acute respiratory syndrome coronavirus 2 isolate SARS-CoV-2/human/Morocc0/RMPS6/2020, complete genome	20C	20C		20C	B.1	B.1	0	good	7	0	0	0	0	0	4	0	0	0	89681	1	29903	1	E:1,M:1,N:1,ORF1a:1,ORF1b:1,ORF3a:1,ORF6:1,ORF7a:1,ORF7b:1,ORF8:1,ORF9b:1,S:1	false	C241T,C1059T,C3037T,C12970T,C14408T,A23403G,G25563T				ORF1a:T265I,ORF1b:P314L,ORF3a:Q57H,S:D614G					C12970T	0	0	1	1				0	0	0	0		NODE_0000826	C12970T				NODE_0000764	C1059T,C12970T,G25563T		ORF1a:T265I,ORF3a:Q57H		N/A	N/A	N/A	N/A	N/A	N/A	N/A	N/A	N/A	N/A			3000	0	good	0	10	0	good	0	24	-7	0	good	1		0	good	0		0		0	0	good		0	0	good	0				
264	MT755897.1 Severe acute respiratory syndrome coronavirus 2 isolate SARS-CoV-2/human/SAU/656/2020, complete genome	20A	20A		20A	B.1	B.1	0	good	9	0	0	0	0	0	5	0	0	0	89673	1	29903	1	E:1,M:1,N:1,ORF1a:1,ORF1b:1,ORF3a:1,ORF6:1,ORF7a:1,ORF7b:1,ORF8:1,ORF9b:1,S:1	false	C241T,C3037T,G3476A,C14408T,C18877T,A23403G,G25563T,G25687T,C26735T				ORF1a:V1071I,ORF1b:P314L,ORF3a:Q57H,ORF3a:A99S,S:D614G					G3476A,G25687T	0	0	2	2			ORF1a:V1071I,ORF3a:A99S	0	0	2	2		NODE_0000764	G3476A,C18877T,G25563T,G25687T,C26735T		ORF1a:V1071I,ORF3a:Q57H,ORF3a:A99S		NODE_0000764	G3476A,C18877T,G25563T,G25687T,C26735T		ORF1a:V1071I,ORF3a:Q57H,ORF3a:A99S		N/A	N/A	N/A	N/A	N/A	N/A	N/A	N/A	N/A	N/A			3000	0	good	0	10	0	good	0	24	-6	0	good	2		0	good	0		0		0	0	good		0	0	good	0				
263	MT755893.1 Severe acute respiratory syndrome coronavirus 2 isolate SARS-CoV-2/human/SAU/596/2020, complete genome	20A	20A		20A	B.1	B.1	0	good	9	0	0	0	0	0	3	0	0	0	89673	1	29903	1	E:1,M:1,N:1,ORF1a:1,ORF1b:1,ORF3a:1,ORF6:1,ORF7a:1,ORF7b:1,ORF8:1,ORF9b:1,S:1	false	C241T,C3037T,C14408T,C18877T,C22444T,A23403G,A23503G,G25563T,C26735T				ORF1b:P314L,ORF3a:Q57H,S:D614G					A23503G	0	0	1	1				0	0	0	0		NODE_0000764	C18877T,C22444T,A23503G,G25563T,C26735T		ORF3a:Q57H		NODE_0000764	C18877T,C22444T,A23503G,G25563T,C26735T		ORF3a:Q57H		N/A	N/A	N/A	N/A	N/A	N/A	N/A	N/A	N/A	N/A			3000	0	good	0	10	0	good	0	24	-7	0	good	1		0	good	0		0		0	0	good		0	0	good	0				
265	MT755898.1 Severe acute respiratory syndrome coronavirus 2 isolate SARS-CoV-2/human/SAU/671/2020, complete genome	20A	20A		20A	B.1	B.1	0	good	10	0	0	0	0	0	4	0	0	0	89669	1	29903	1	E:1,M:1,N:1,ORF1a:1,ORF1b:1,ORF3a:1,ORF6:1,ORF7a:1,ORF7b:1,ORF8:1,ORF9b:1,S:1	false	C66T,C241T,C3037T,T4096C,C5700T,C14408T,C18877T,A23403G,G25563T,C26735T				ORF1a:A1812V,ORF1b:P314L,ORF3a:Q57H,S:D614G					C66T,T4096C,C5700T	0	0	3	3			ORF1a:A1812V	0	0	1	1		NODE_0000764	C66T,T4096C,C5700T,C18877T,G25563T,C26735T		ORF1a:A1812V,ORF3a:Q57H		NODE_0000764	C66T,T4096C,C5700T,C18877T,G25563T,C26735T		ORF1a:A1812V,ORF3a:Q57H		N/A	N/A	N/A	N/A	N/A	N/A	N/A	N/A	N/A	N/A			3000	0	good	0	10	0	good	0	24	-5	0	good	3		0	good	0		0		0	0	good		0	0	good	0				
266	MT755899.1 Severe acute respiratory syndrome coronavirus 2 isolate SARS-CoV-2/human/SAU/677/2020, complete genome	20A	20A		20A	B.1	B.1	0	good	11	0	0	0	0	0	5	0	0	0	89665	1	29903	1	E:1,M:1,N:1,ORF1a:1,ORF1b:1,ORF3a:1,ORF6:1,ORF7a:1,ORF7b:1,ORF8:1,ORF9b:1,S:1	false	C241T,C2644T,C3037T,C14408T,C18877T,A22528G,A23403G,G23755T,G25563T,T26038C,C26735T				ORF1b:P314L,ORF3a:Q57H,ORF3a:S216P,S:D614G,S:M731I					C2644T,A22528G,G23755T,T26038C	0	0	4	4			ORF3a:S216P,S:M731I	0	0	2	2		NODE_0000764	C2644T,C18877T,A22528G,G23755T,G25563T,T26038C,C26735T		ORF3a:Q57H,ORF3a:S216P,S:M731I		NODE_0000764	C2644T,C18877T,A22528G,G23755T,G25563T,T26038C,C26735T		ORF3a:Q57H,ORF3a:S216P,S:M731I		N/A	N/A	N/A	N/A	N/A	N/A	N/A	N/A	N/A	N/A			3000	0	good	0	10	0	good	0	24	-4	0	good	4		0	good	0		0		0	0	good		0	0	good	0				
268	MT775828.1 Severe acute respiratory syndrome coronavirus 2 isolate SARS-CoV-2/human/POL/PL_P43/2020, complete genome	20B	20B		20B	B.1.1	B.1.1	0	good	11	0	0	0	6	0	5	0	0	0	89641	7	29903	0.999598702471324	E:1,M:1,N:1,ORF1a:1,ORF1b:1,ORF3a:1,ORF6:1,ORF7a:1,ORF7b:1,ORF8:1,ORF9b:1,S:1	false	C241T,C3037T,C3587T,G7936A,C11572T,C14408T,A23403G,G28881A,G28882A,G28883C,C29870A				N:R203K,N:G204R,ORF1a:H1108Y,ORF1b:P314L,S:D614G				C11572T|25B&24D	C3587T,G7936A,C29870A	0	1	3	4			ORF1a:H1108Y	0	0	1	1	29863-29868	NODE_0000922	C3587T,G7936A,C11572T,C29870A		ORF1a:H1108Y		NODE_0000922	C3587T,G7936A,C11572T,C29870A		ORF1a:H1108Y		N/A	N/A	N/A	N/A	N/A	N/A	N/A	N/A	N/A	N/A			3000	0	good	6	10	0	good	0	24	-1	0	good	7		0	good	0		0		0	0	good		0	0	good	0				
270	MT775831.1 Severe acute respiratory syndrome coronavirus 2 isolate SARS-CoV-2/human/POL/PL_P46/2020, complete genome	20B	20B		20B	B.1.1	B.1.1	1	good	10	0	0	0	0	1	7	0	0	0	89606	22	29903	0.9992642878640939	E:1,M:1,N:1,ORF1a:1,ORF1b:1,ORF3a:1,ORF6:1,ORF7a:1,ORF7b:1,ORF8:1,ORF9b:1,S:1	false	C241T,C3037T,A9484C,C14408T,C20759T,A23403G,G28875A,G28881A,G28882A,G28883C				N:S201N,N:R203K,N:G204R,ORF1a:E3073D,ORF1b:P314L,ORF1b:A2431V,S:D614G					A9484C,C20759T,G28875A	0	0	3	3			N:S201N,ORF1a:E3073D,ORF1b:A2431V	0	0	3	3		NODE_0000922	A9484C,C20759T,G28875A		N:S201N,ORF1a:E3073D,ORF1b:A2431V		NODE_0000922	A9484C,C20759T,G28875A		N:S201N,ORF1a:E3073D,ORF1b:A2431V		N/A	N/A	N/A	N/A	N/A	N/A	N/A	N/A	N/A	N/A		M:29870	3000	0	good	0	10	10	good	1	24	-5	0	good	3		0	good	0		0		0	0	good		0	0	good	0				
271	MT775832.1 Severe acute respiratory syndrome coronavirus 2 isolate SARS-CoV-2/human/POL/PL_P47/2020, complete genome	20A	20A		20A	B.1.91	B.1.91	0	good	10	0	0	0	0	0	5	0	0	0	89633	13	29903	0.999598702471324	E:1,M:1,N:1,ORF1a:1,ORF1b:1,ORF3a:1,ORF6:1,ORF7a:1,ORF7b:1,ORF8:1,ORF9b:1,S:1	false	C241T,C3037T,C6363T,C12778T,C14408T,T15252C,C17304T,T22119C,A23403G,G24077T				ORF1a:A2033V,ORF1b:P314L,S:F186S,S:D614G,S:D839Y				C12778T|20J	C6363T,T15252C,C17304T,T22119C	0	1	4	5			ORF1a:A2033V,S:F186S	0	0	2	2		NODE_0000764	C6363T,C12778T,T15252C,C17304T,T22119C,G24077T		ORF1a:A2033V,S:F186S,S:D839Y		B.1.91	C6363T,C12778T,T15252C,C17304T,T22119C		ORF1a:A2033V,S:F186S		N/A	N/A	N/A	N/A	N/A	N/A	N/A	N/A	N/A	N/A			3000	0	good	0	10	0	good	0	24	0	0	good	8		0	good	0		0		0	0	good		0	0	good	0				
272	MT781415.1 Severe acute respiratory syndrome coronavirus 2 isolate SARS-CoV-2/human/THA/MUMT-3/2020, complete genome	19B	19B		19B	A	A	0	good	6	0	0	0	0	0	3	0	0	0	89448	4	29827	0.9973581246028826	E:1,M:1,N:1,ORF1a:1,ORF1b:1,ORF3a:1,ORF6:1,ORF7a:1,ORF7b:1,ORF8:1,ORF9b:1,S:1	false	A895G,C2942T,G4390T,C8782T,G24047A,T28144C				ORF1a:L1375F,ORF8:L84S,S:A829T					A895G,C2942T,G4390T,G24047A	0	0	4	4			ORF1a:L1375F,S:A829T	0	0	2	2		internal_b384	A895G,C2942T,G4390T,G24047A		ORF1a:L1375F,S:A829T		internal_b384	A895G,C2942T,G4390T,G24047A		ORF1a:L1375F,S:A829T		N/A	N/A	N/A	N/A	N/A	N/A	N/A	N/A	N/A	N/A			3000	0	good	0	10	0	good	0	24	-4	0	good	4		0	good	0		0		0	0	good		0	0	good	0				
269	MT775829.1 Severe acute respiratory syndrome coronavirus 2 isolate SARS-CoV-2/human/POL/PL_P44/2020, complete genome	20B	20B		20B	B.1.1	B.1.1	0.173611	good	13	0	0	0	25	0	5	0	0	0	89614	7	29903	0.9989633147175868	E:1,M:1,N:1,ORF1a:1,ORF1b:1,ORF3a:1,ORF6:1,ORF7a:1,ORF7b:1,ORF8:1,ORF9b:1,S:1	false	T10A,T13A,C241T,C3037T,C3587T,G7936A,C11572T,C14408T,A23403G,G28881A,G28882A,G28883C,C29870A				N:R203K,N:G204R,ORF1a:H1108Y,ORF1b:P314L,S:D614G				C11572T|25B&24D	T10A,T13A,C3587T,G7936A,C29870A	0	1	5	6			ORF1a:H1108Y	0	0	1	1	29844-29868	NODE_0000922	T10A,T13A,C3587T,G7936A,C11572T,C29870A		ORF1a:H1108Y		NODE_0000922	T10A,T13A,C3587T,G7936A,C11572T,C29870A		ORF1a:H1108Y		N/A	N/A	N/A	N/A	N/A	N/A	N/A	N/A	N/A	N/A			3000	0	good	25	10	0	good	0	24	1	4.166667	good	9		0	good	0		0		0	0	good		0	0	good	0				
273	MT786422.1 Severe acute respiratory syndrome coronavirus 2 isolate SARS-CoV-2/human/GEO/Tb-6572/2020, complete genome	20C	20C		20C	B.1	B.1	0	good	8	0	0	0	0	0	5	0	0	0	89356	61	29856	0.9964217637026386	E:1,M:1,N:1,ORF1a:1,ORF1b:1,ORF3a:1,ORF6:1,ORF7a:1,ORF7b:1,ORF8:1,ORF9b:1,S:1	false	C241T,C1059T,C3037T,C6573T,C14408T,G17679T,A23403G,G25563T				ORF1a:T265I,ORF1a:S2103F,ORF1b:P314L,ORF3a:Q57H,S:D614G					C6573T,G17679T	0	0	2	2			ORF1a:S2103F	0	0	1	1		NODE_0000826	C6573T,G17679T		ORF1a:S2103F		NODE_0000764	C1059T,C6573T,G17679T,G25563T		ORF1a:T265I,ORF1a:S2103F,ORF3a:Q57H		N/A	N/A	N/A	N/A	N/A	N/A	N/A	N/A	N/A	N/A			3000	0	good	0	10	0	good	0	24	-6	0	good	2		0	good	0		0		0	0	good		0	0	good	0				
278	LC570967.1 Severe acute respiratory syndrome coronavirus 2 isolate DP0059 RNA, complete genome	19A	19A		19A	B	B	0	good	1	0	0	0	0	0	1	0	0	0	89492	31	29862	0.9976256562886667	E:1,M:1,N:1,ORF1a:1,ORF1b:1,ORF3a:1,ORF6:1,ORF7a:1,ORF7b:1,ORF8:1,ORF9b:1,S:1	false	G11083T				ORF1a:L3606F						0	0	0	0				0	0	0	0		NODE_0000000	G11083T		ORF1a:L3606F		NODE_0000000	G11083T		ORF1a:L3606F		N/A	N/A	N/A	N/A	N/A	N/A	N/A	N/A	N/A	N/A			3000	0	good	0	10	0	good	0	24	-8	0	good	0		0	good	0		0		0	0	good		0	0	good	0				
276	MT790522.1 Severe acute respiratory syndrome coronavirus 2 isolate SARS-CoV-2/human/ZMB/29/2020, complete genome	20B	20B		20B	B.1.1	B.1.1	0	good	9	0	0	0	0	0	4	0	0	0	89307	35	29815	0.9959201417917934	E:1,M:1,N:1,ORF1a:1,ORF1b:1,ORF3a:1,ORF6:1,ORF7a:1,ORF7b:1,ORF8:1,ORF9b:1,S:1	false	C241T,C3037T,C3796T,T11725C,C14408T,A23403G,G28881A,G28882A,G28883C				N:R203K,N:G204R,ORF1b:P314L,S:D614G				C3796T|22D&23C	T11725C	0	1	1	2				0	0	0	0		NODE_0000922	C3796T,T11725C				NODE_0000922	C3796T,T11725C				N/A	N/A	N/A	N/A	N/A	N/A	N/A	N/A	N/A	N/A			3000	0	good	0	10	0	good	0	24	-3	0	good	5		0	good	0		0		0	0	good		0	0	good	0				
275	MT786455.1 Severe acute respiratory syndrome coronavirus 2 isolate SARS-CoV-2/human/GEO/Tb-3118/2020, complete genome	20C	20C		20C	B.1	B.1	0	good	10	6	0	0	0	0	6	2	0	0	89377	58	29871	0.9970237099956526	E:1,M:1,N:1,ORF1a:1,ORF1b:1,ORF3a:1,ORF6:1,ORF7a:1,ORF7b:1,ORF8:1,ORF9b:1,S:1	false	C241T,C398T,C1059T,C2147T,C3037T,C14408T,G17679T,A23403G,G25563T,A29871G	515-520			ORF1a:H45Y,ORF1a:T265I,ORF1a:L628F,ORF1b:P314L,ORF3a:Q57H,S:D614G	ORF1a:V84-,ORF1a:M85-				C398T,C2147T,G17679T,A29871G	0	0	4	4			ORF1a:H45Y,ORF1a:L628F	0	0	2	2		NODE_0000826	C398T,C2147T,G17679T,A29871G	515-520	ORF1a:H45Y,ORF1a:L628F	ORF1a:V84-,ORF1a:M85-	NODE_0000764	C398T,C1059T,C2147T,G17679T,G25563T,A29871G	515-520	ORF1a:H45Y,ORF1a:T265I,ORF1a:L628F,ORF3a:Q57H	ORF1a:V84-,ORF1a:M85-	N/A	N/A	N/A	N/A	N/A	N/A	N/A	N/A	N/A	N/A			3000	0	good	0	10	0	good	0	24	-3	0	good	5		0	good	0		0		0	0	good		0	0	good	0				
274	MT786444.1 Severe acute respiratory syndrome coronavirus 2 isolate SARS-CoV-2/human/GEO/Tb-5727/2020, complete genome	20C	20C		20C	B.1	B.1	0	good	9	0	0	0	0	0	6	0	0	0	89385	62	29868	0.9967896197705916	E:1,M:1,N:1,ORF1a:1,ORF1b:1,ORF3a:1,ORF6:1,ORF7a:1,ORF7b:1,ORF8:1,ORF9b:1,S:1	false	C241T,C1059T,C3037T,T5278G,C6573T,C14408T,G17679T,A23403G,G25563T				ORF1a:T265I,ORF1a:D1671E,ORF1a:S2103F,ORF1b:P314L,ORF3a:Q57H,S:D614G					T5278G,C6573T,G17679T	0	0	3	3			ORF1a:D1671E,ORF1a:S2103F	0	0	2	2		NODE_0000826	T5278G,C6573T,G17679T		ORF1a:D1671E,ORF1a:S2103F		NODE_0000764	C1059T,T5278G,C6573T,G17679T,G25563T		ORF1a:T265I,ORF1a:D1671E,ORF1a:S2103F,ORF3a:Q57H		N/A	N/A	N/A	N/A	N/A	N/A	N/A	N/A	N/A	N/A			3000	0	good	0	10	0	good	0	24	-5	0	good	3		0	good	0		0		0	0	good		0	0	good	0				
267	MT775826.1 Severe acute respiratory syndrome coronavirus 2 isolate SARS-CoV-2/human/POL/PL_P41/2020, complete genome	20B	20B		20B	B.1.1	B.1.1	4	good	10	0	0	0	0	2	5	0	0	0	89558	1	29866	0.9986957830318028	E:1,M:1,N:1,ORF1a:1,ORF1b:1,ORF3a:1,ORF6:1,ORF7a:1,ORF7b:1,ORF8:1,ORF9b:1,S:1	false	C241T,C3037T,C3587T,G7936A,C11572T,C14408T,A23403G,G28881A,G28882A,G28883C				N:R203K,N:G204R,ORF1a:H1108Y,ORF1b:P314L,S:D614G				C11572T|25B&24D	C3587T,G7936A	0	1	2	3			ORF1a:H1108Y	0	0	1	1		NODE_0000922	C3587T,G7936A,C11572T		ORF1a:H1108Y		NODE_0000922	C3587T,G7936A,C11572T		ORF1a:H1108Y		N/A	N/A	N/A	N/A	N/A	N/A	N/A	N/A	N/A	N/A		W:10,W:13	3000	0	good	0	10	20	good	2	24	-2	0	good	6		0	good	0		0		0	0	good		0	0	good	0				
277	LC570961.1 Severe acute respiratory syndrome coronavirus 2 isolate DP0005 RNA, complete genome	19A	19A		19A	B	B	0	good	3	0	0	0	0	0	2	0	0	0	89286	78	29843	0.9954185198809484	E:1,M:1,N:1,ORF1a:1,ORF1b:1,ORF3a:1,ORF6:1,ORF7a:1,ORF7b:1,ORF8:1,ORF9b:1,S:1	false	G11083T,C18656T,C29635T				ORF1a:L3606F,ORF1b:T1730I					C18656T,C29635T	0	0	2	2			ORF1b:T1730I	0	0	1	1		NODE_0000000	G11083T,C18656T,C29635T		ORF1a:L3606F,ORF1b:T1730I		NODE_0000000	G11083T,C18656T,C29635T		ORF1a:L3606F,ORF1b:T1730I		N/A	N/A	N/A	N/A	N/A	N/A	N/A	N/A	N/A	N/A			3000	0	good	0	10	0	good	0	24	-6	0	good	2		0	good	0		0		0	0	good		0	0	good	0				
279	LC570968.1 Severe acute respiratory syndrome coronavirus 2 isolate DP0065 RNA, complete genome	19A	19A		19A	B	B	0	good	5	0	0	0	0	0	2	0	0	0	89350	78	29867	0.9962211149383005	E:1,M:1,N:1,ORF1a:1,ORF1b:1,ORF3a:1,ORF6:1,ORF7a:1,ORF7b:1,ORF8:1,ORF9b:1,S:1	false	C254T,G11083T,G22104T,G29736T,G29751C				ORF1a:L3606F,S:G181V					C254T,G22104T,G29736T,G29751C	0	0	4	4			S:G181V	0	0	1	1		NODE_0000000	C254T,G11083T,G22104T,G29736T,G29751C		ORF1a:L3606F,S:G181V		NODE_0000000	C254T,G11083T,G22104T,G29736T,G29751C		ORF1a:L3606F,S:G181V		N/A	N/A	N/A	N/A	N/A	N/A	N/A	N/A	N/A	N/A			3000	0	good	0	10	0	good	0	24	-4	0	good	4		0	good	0		0		0	0	good		0	0	good	0				
280	LC570974.1 Severe acute respiratory syndrome coronavirus 2 isolate DP0133 RNA, complete genome	19A	19A		19A	B	B	0	good	1	0	0	0	0	0	1	0	0	0	89492	33	29864	0.9976256562886667	E:1,M:1,N:1,ORF1a:1,ORF1b:1,ORF3a:1,ORF6:1,ORF7a:1,ORF7b:1,ORF8:1,ORF9b:1,S:1	false	G11083T				ORF1a:L3606F						0	0	0	0				0	0	0	0		NODE_0000000	G11083T		ORF1a:L3606F		NODE_0000000	G11083T		ORF1a:L3606F		N/A	N/A	N/A	N/A	N/A	N/A	N/A	N/A	N/A	N/A			3000	0	good	0	10	0	good	0	24	-8	0	good	0		0	good	0		0		0	0	good		0	0	good	0				
281	LC570976.1 Severe acute respiratory syndrome coronavirus 2 isolate DP0152 RNA, complete genome	19A	19A		19A	B	B	0	good	2	0	0	0	0	0	2	0	0	0	89488	33	29864	0.9976256562886667	E:1,M:1,N:1,ORF1a:1,ORF1b:1,ORF3a:1,ORF6:1,ORF7a:1,ORF7b:1,ORF8:1,ORF9b:1,S:1	false	C9474T,G11083T				ORF1a:A3070V,ORF1a:L3606F					C9474T	0	0	1	1			ORF1a:A3070V	0	0	1	1		NODE_0000000	C9474T,G11083T		ORF1a:A3070V,ORF1a:L3606F		NODE_0000000	C9474T,G11083T		ORF1a:A3070V,ORF1a:L3606F		N/A	N/A	N/A	N/A	N/A	N/A	N/A	N/A	N/A	N/A			3000	0	good	0	10	0	good	0	24	-7	0	good	1		0	good	0		0		0	0	good		0	0	good	0				
282	LC570979.1 Severe acute respiratory syndrome coronavirus 2 isolate DP0190 RNA, complete genome	19A	19A		19A	B	B	0	good	3	0	0	0	0	0	2	0	0	0	89484	33	29864	0.9976256562886667	E:1,M:1,N:1,ORF1a:1,ORF1b:1,ORF3a:1,ORF6:1,ORF7a:1,ORF7b:1,ORF8:1,ORF9b:1,S:1	false	T8323C,G11083T,C25658T				ORF1a:L3606F,ORF3a:T89I				C25658T|23G&24I	T8323C	0	1	1	2			ORF3a:T89I	0	0	1	1		NODE_0000000	T8323C,G11083T,C25658T		ORF1a:L3606F,ORF3a:T89I		NODE_0000000	T8323C,G11083T,C25658T		ORF1a:L3606F,ORF3a:T89I		N/A	N/A	N/A	N/A	N/A	N/A	N/A	N/A	N/A	N/A			3000	0	good	0	10	0	good	0	24	-3	0	good	5		0	good	0		0		0	0	good		0	0	good	0				
284	LC570988.1 Severe acute respiratory syndrome coronavirus 2 isolate DP0289 RNA, complete genome	19A	19A		19A	B	B	0	good	1	0	0	0	0	0	1	0	0	0	89294	78	29843	0.9954185198809484	E:1,M:1,N:1,ORF1a:1,ORF1b:1,ORF3a:1,ORF6:1,ORF7a:1,ORF7b:1,ORF8:1,ORF9b:1,S:1	false	G11083T				ORF1a:L3606F						0	0	0	0				0	0	0	0		NODE_0000000	G11083T		ORF1a:L3606F		NODE_0000000	G11083T		ORF1a:L3606F		N/A	N/A	N/A	N/A	N/A	N/A	N/A	N/A	N/A	N/A			3000	0	good	0	10	0	good	0	24	-8	0	good	0		0	good	0		0		0	0	good		0	0	good	0				
283	LC570983.1 Severe acute respiratory syndrome coronavirus 2 isolate DP0236 RNA, complete genome	19A	19A		19A	B	B	0	good	3	0	0	0	0	0	2	0	0	0	89496	31	29866	0.9977594221315587	E:1,M:1,N:1,ORF1a:1,ORF1b:1,ORF3a:1,ORF6:1,ORF7a:1,ORF7b:1,ORF8:1,ORF9b:1,S:1	false	C335T,G11083T,G29736T				ORF1a:R24C,ORF1a:L3606F					C335T,G29736T	0	0	2	2			ORF1a:R24C	0	0	1	1		NODE_0000000	C335T,G11083T,G29736T		ORF1a:R24C,ORF1a:L3606F		NODE_0000000	C335T,G11083T,G29736T		ORF1a:R24C,ORF1a:L3606F		N/A	N/A	N/A	N/A	N/A	N/A	N/A	N/A	N/A	N/A			3000	0	good	0	10	0	good	0	24	-6	0	good	2		0	good	0		0		0	0	good		0	0	good	0				
285	LC570993.1 Severe acute respiratory syndrome coronavirus 2 isolate DP0328 RNA, complete genome	19A	19A		19A	B	B	0	good	1	0	0	0	0	0	1	0	0	0	89495	32	29864	0.9976590977493897	E:1,M:1,N:1,ORF1a:1,ORF1b:1,ORF3a:1,ORF6:1,ORF7a:1,ORF7b:1,ORF8:1,ORF9b:1,S:1	false	G11083T				ORF1a:L3606F						0	0	0	0				0	0	0	0		NODE_0000000	G11083T		ORF1a:L3606F		NODE_0000000	G11083T		ORF1a:L3606F		N/A	N/A	N/A	N/A	N/A	N/A	N/A	N/A	N/A	N/A			3000	0	good	0	10	0	good	0	24	-8	0	good	0		0	good	0		0		0	0	good		0	0	good	0				
287	LC570996.1 Severe acute respiratory syndrome coronavirus 2 isolate DP0357 RNA, complete genome	19A	19A		19A	B	B	0	good	2	0	0	0	0	0	1	0	0	0	89482	9	29838	0.9975587733672207	E:1,M:1,N:1,ORF1a:1,ORF1b:1,ORF3a:1,ORF6:1,ORF7a:1,ORF7b:1,ORF8:1,ORF9b:1,S:1	false	G11083T,C29635T				ORF1a:L3606F					C29635T	0	0	1	1				0	0	0	0		NODE_0000000	G11083T,C29635T		ORF1a:L3606F		NODE_0000000	G11083T,C29635T		ORF1a:L3606F		N/A	N/A	N/A	N/A	N/A	N/A	N/A	N/A	N/A	N/A			3000	0	good	0	10	0	good	0	24	-7	0	good	1		0	good	0		0		0	0	good		0	0	good	0				
286	LC570994.1 Severe acute respiratory syndrome coronavirus 2 isolate DP0344 RNA, complete genome	19A	19A		19A	B	B	0	good	1	0	0	0	0	0	1	0	0	0	89363	55	29843	0.9961876734775775	E:1,M:1,N:1,ORF1a:1,ORF1b:1,ORF3a:1,ORF6:1,ORF7a:1,ORF7b:1,ORF8:1,ORF9b:1,S:1	false	G11083T				ORF1a:L3606F						0	0	0	0				0	0	0	0		NODE_0000000	G11083T		ORF1a:L3606F		NODE_0000000	G11083T		ORF1a:L3606F		N/A	N/A	N/A	N/A	N/A	N/A	N/A	N/A	N/A	N/A			3000	0	good	0	10	0	good	0	24	-8	0	good	0		0	good	0		0		0	0	good		0	0	good	0				
288	LC570998.1 Severe acute respiratory syndrome coronavirus 2 isolate DP0438 RNA, complete genome	19A	19A		19A	B	B	0	good	1	0	0	0	0	0	1	0	0	0	89294	78	29843	0.9954185198809484	E:1,M:1,N:1,ORF1a:1,ORF1b:1,ORF3a:1,ORF6:1,ORF7a:1,ORF7b:1,ORF8:1,ORF9b:1,S:1	false	G11083T				ORF1a:L3606F						0	0	0	0				0	0	0	0		NODE_0000000	G11083T		ORF1a:L3606F		NODE_0000000	G11083T		ORF1a:L3606F		N/A	N/A	N/A	N/A	N/A	N/A	N/A	N/A	N/A	N/A			3000	0	good	0	10	0	good	0	24	-8	0	good	0		0	good	0		0		0	0	good		0	0	good	0				
292	LC571023.1 Severe acute respiratory syndrome coronavirus 2 isolate DP0724 RNA, complete genome	19A	19A		19A	B	B	0	good	2	0	0	0	0	0	2	0	0	0	89344	34	29817	0.9960204661739624	E:1,M:1,N:1,ORF1a:1,ORF1b:1,ORF3a:1,ORF6:1,ORF7a:1,ORF7b:1,ORF8:1,ORF9b:1,S:1	false	G11083T,G27214T				ORF1a:L3606F,ORF6:V5F					G27214T	0	0	1	1			ORF6:V5F	0	0	1	1		NODE_0000000	G11083T,G27214T		ORF1a:L3606F,ORF6:V5F		NODE_0000000	G11083T,G27214T		ORF1a:L3606F,ORF6:V5F		N/A	N/A	N/A	N/A	N/A	N/A	N/A	N/A	N/A	N/A			3000	0	good	0	10	0	good	0	24	-7	0	good	1		0	good	0		0		0	0	good		0	0	good	0				
290	LC571009.1 Severe acute respiratory syndrome coronavirus 2 isolate DP0588 RNA, complete genome	19A	19A		19A	B	B	0	good	2	0	0	0	0	0	1	0	0	0	89491	32	29864	0.9976590977493897	E:1,M:1,N:1,ORF1a:1,ORF1b:1,ORF3a:1,ORF6:1,ORF7a:1,ORF7b:1,ORF8:1,ORF9b:1,S:1	false	G11083T,C29635T				ORF1a:L3606F					C29635T	0	0	1	1				0	0	0	0		NODE_0000000	G11083T,C29635T		ORF1a:L3606F		NODE_0000000	G11083T,C29635T		ORF1a:L3606F		N/A	N/A	N/A	N/A	N/A	N/A	N/A	N/A	N/A	N/A			3000	0	good	0	10	0	good	0	24	-7	0	good	1		0	good	0		0		0	0	good		0	0	good	0				
293	LC571030.1 Severe acute respiratory syndrome coronavirus 2 isolate DP0764 RNA, complete genome	19A	19A		19A	B	B	0	good	3	0	0	0	0	0	2	0	0	0	89604	4	29875	0.9989633147175868	E:1,M:1,N:1,ORF1a:1,ORF1b:1,ORF3a:1,ORF6:1,ORF7a:1,ORF7b:1,ORF8:1,ORF9b:1,S:1	false	G11083T,C18656T,C29635T				ORF1a:L3606F,ORF1b:T1730I					C18656T,C29635T	0	0	2	2			ORF1b:T1730I	0	0	1	1		NODE_0000000	G11083T,C18656T,C29635T		ORF1a:L3606F,ORF1b:T1730I		NODE_0000000	G11083T,C18656T,C29635T		ORF1a:L3606F,ORF1b:T1730I		N/A	N/A	N/A	N/A	N/A	N/A	N/A	N/A	N/A	N/A			3000	0	good	0	10	0	good	0	24	-6	0	good	2		0	good	0		0		0	0	good		0	0	good	0				
294	LC571036.1 Severe acute respiratory syndrome coronavirus 2 isolate DP0802 RNA, complete genome	19A	19A		19A	B	B	0	good	1	0	0	0	0	0	1	0	0	0	89492	33	29864	0.9976256562886667	E:1,M:1,N:1,ORF1a:1,ORF1b:1,ORF3a:1,ORF6:1,ORF7a:1,ORF7b:1,ORF8:1,ORF9b:1,S:1	false	G11083T				ORF1a:L3606F						0	0	0	0				0	0	0	0		NODE_0000000	G11083T		ORF1a:L3606F		NODE_0000000	G11083T		ORF1a:L3606F		N/A	N/A	N/A	N/A	N/A	N/A	N/A	N/A	N/A	N/A			3000	0	good	0	10	0	good	0	24	-8	0	good	0		0	good	0		0		0	0	good		0	0	good	0				
289	LC570999.1 Severe acute respiratory syndrome coronavirus 2 isolate DP0457 RNA, complete genome	19A	19A		19A	B	B	0	good	4	0	0	0	0	0	3	0	0	0	89480	32	29863	0.9976256562886667	E:1,M:1,N:1,ORF1a:1,ORF1b:1,ORF3a:1,ORF6:1,ORF7a:1,ORF7b:1,ORF8:1,ORF9b:1,S:1	false	G4201T,G11083T,C25000T,G25244T				ORF1a:M1312I,ORF1a:L3606F,S:V1228L				C25000T|21K&21L&22B&22E&23A&22C&24A&22A&23F&23D&23B&24E&22D&22F&25C&rec&23C&24C&24F&23E&24B&23H&25B&25A&24G&23I&23G&24H&24D&21M&25D&24I&25G&25E&25H&25F	G4201T,G25244T	0	1	2	3			ORF1a:M1312I,S:V1228L	0	0	2	2		NODE_0000000	G4201T,G11083T,C25000T,G25244T		ORF1a:M1312I,ORF1a:L3606F,S:V1228L		NODE_0000000	G4201T,G11083T,C25000T,G25244T		ORF1a:M1312I,ORF1a:L3606F,S:V1228L		N/A	N/A	N/A	N/A	N/A	N/A	N/A	N/A	N/A	N/A			3000	0	good	0	10	0	good	0	24	-2	0	good	6		0	good	0		0		0	0	good		0	0	good	0				
291	LC571022.1 Severe acute respiratory syndrome coronavirus 2 isolate DP0703 RNA, complete genome	19A	19A		19A	B	B	0	good	3	0	0	0	0	0	2	0	0	0	88953	36	29690	0.991706517740695	E:1,M:1,N:1,ORF1a:1,ORF1b:1,ORF3a:1,ORF6:1,ORF7a:1,ORF7b:1,ORF8:1,ORF9b:1,S:1	false	G11083T,C18656T,C29635T				ORF1a:L3606F,ORF1b:T1730I					C18656T,C29635T	0	0	2	2			ORF1b:T1730I	0	0	1	1		NODE_0000000	G11083T,C18656T,C29635T		ORF1a:L3606F,ORF1b:T1730I		NODE_0000000	G11083T,C18656T,C29635T		ORF1a:L3606F,ORF1b:T1730I		N/A	N/A	N/A	N/A	N/A	N/A	N/A	N/A	N/A	N/A			3000	0	good	0	10	0	good	0	24	-6	0	good	2		0	good	0		0		0	0	good		0	0	good	0				
296	MT801000.1 Severe acute respiratory syndrome coronavirus 2 isolate SARS-CoV-2/human/LBN/LB-R8/2020, complete genome	20A	20A		20A	B.1	B.1	0	good	7	0	0	0	12	0	3	0	0	0	89522	50	29903	0.9979600708958968	E:1,M:1,N:1,ORF1a:1,ORF1b:1,ORF3a:1,ORF6:1,ORF7a:1,ORF7b:1,ORF8:1,ORF9b:1,S:1	false	C241T,C3037T,C14408T,A20268G,A23403G,C26527T,G29734C				M:A2V,ORF1b:P314L,S:D614G					C26527T,G29734C	0	0	2	2			M:A2V	0	0	1	1	29858-29869	NODE_0000764	A20268G,C26527T,G29734C		M:A2V		NODE_0000764	A20268G,C26527T,G29734C		M:A2V		N/A	N/A	N/A	N/A	N/A	N/A	N/A	N/A	N/A	N/A			3000	0	good	12	10	0	good	0	24	-6	0	good	2		0	good	0		0		0	0	good		0	0	good	0				
295	LC571037.1 Severe acute respiratory syndrome coronavirus 2 isolate DP0803 RNA, complete genome	19A	19A		19A	B	B	0	good	2	0	0	0	0	0	1	0	0	0	89296	77	29844	0.9954854028023944	E:1,M:1,N:1,ORF1a:1,ORF1b:1,ORF3a:1,ORF6:1,ORF7a:1,ORF7b:1,ORF8:1,ORF9b:1,S:1	false	G4162T,G11083T				ORF1a:L3606F					G4162T	0	0	1	1				0	0	0	0		NODE_0000000	G4162T,G11083T		ORF1a:L3606F		NODE_0000000	G4162T,G11083T		ORF1a:L3606F		N/A	N/A	N/A	N/A	N/A	N/A	N/A	N/A	N/A	N/A			3000	0	good	0	10	0	good	0	24	-7	0	good	1		0	good	0		0		0	0	good		0	0	good	0				
297	MT801001.1 Severe acute respiratory syndrome coronavirus 2 isolate SARS-CoV-2/human/LBN/LB-R9/2020, complete genome	20B	20B		20B	B.1.1	B.1.1	0	good	9	0	0	0	9	0	5	0	0	0	89442	75	29903	0.9972243587599906	E:1,M:1,N:1,ORF1a:1,ORF1b:1,ORF3a:1,ORF6:1,ORF7a:1,ORF7b:1,ORF8:1,ORF9b:1,S:1	false	C241T,C313T,C3037T,C9474T,C14408T,A23403G,G28881A,G28882A,G28883C				N:R203K,N:G204R,ORF1a:A3070V,ORF1b:P314L,S:D614G					C9474T	0	0	1	1			ORF1a:A3070V	0	0	1	1	29860-29868	NODE_0000922	C313T,C9474T		ORF1a:A3070V		NODE_0000922	C313T,C9474T		ORF1a:A3070V		N/A	N/A	N/A	N/A	N/A	N/A	N/A	N/A	N/A	N/A			3000	0	good	9	10	0	good	0	24	-7	0	good	1		0	good	0		0		0	0	good		0	0	good	0				
298	MT801002.1 Severe acute respiratory syndrome coronavirus 2 isolate SARS-CoV-2/human/LBN/LB-R10/2020, complete genome	20A	20A		20A	B.1	B.1	0	good	8	0	0	0	44	0	5	0	0	11	89519	39	29903	0.9972578002207136	E:1,M:1,N:1,ORF1a:0.9975005680527153,ORF1b:1,ORF3a:1,ORF6:1,ORF7a:1,ORF7b:1,ORF8:1,ORF9b:1,S:1	false	C241T,C2416T,C3037T,C14408T,G18148A,A23403G,G25145C,G25563T				ORF1b:P314L,ORF1b:G1561S,ORF3a:Q57H,S:D614G,S:E1195Q					G18148A,G25145C	0	0	2	2			ORF1b:G1561S,S:E1195Q	0	0	2	2	9269-9299,29857-29869	NODE_0000764	C2416T,G18148A,G25145C,G25563T		ORF1b:G1561S,ORF3a:Q57H,S:E1195Q		NODE_0000764	C2416T,G18148A,G25145C,G25563T		ORF1b:G1561S,ORF3a:Q57H,S:E1195Q		N/A	N/A	N/A	N/A	N/A	N/A	N/A	N/A	N/A	N/A	ORF1a:3002-3012		3000	0	good	44	10	0	good	0	24	-6	0	good	2		0	good	0		0		0	0	good		0	0	good	0				
301	MT811545.1 Severe acute respiratory syndrome coronavirus 2 isolate SARS-CoV-2/human/JOR/SEARCH-0033-JOR/2020, complete genome	20B	20B		20B	B.1.1	B.1.1	0	good	7	0	0	0	0	0	5	0	0	0	88199	266	29674	0.9834799184028359	E:1,M:1,N:1,ORF1a:1,ORF1b:1,ORF3a:1,ORF6:1,ORF7a:1,ORF7b:1,ORF8:1,ORF9b:1,S:1	false	C3037T,C14408T,A23403G,G24977T,G28881A,G28882A,G28883C				N:R203K,N:G204R,ORF1b:P314L,S:D614G,S:D1139Y					G24977T	0	0	1	1			S:D1139Y	0	0	1	1		NODE_0000922	G24977T		S:D1139Y		NODE_0000922	G24977T		S:D1139Y		N/A	N/A	N/A	N/A	N/A	N/A	N/A	N/A	N/A	N/A			3000	0	good	0	10	0	good	0	24	-7	0	good	1		0	good	0		0		0	0	good		0	0	good	0				
302	MT811546.1 Severe acute respiratory syndrome coronavirus 2 isolate SARS-CoV-2/human/JOR/SEARCH-0034-JOR/2020, complete genome	20B	20B		20B	B.1.1	B.1.1	0	good	6	0	0	0	0	0	4	0	0	0	88203	266	29674	0.9834799184028359	E:1,M:1,N:1,ORF1a:1,ORF1b:1,ORF3a:1,ORF6:1,ORF7a:1,ORF7b:1,ORF8:1,ORF9b:1,S:1	false	C3037T,C14408T,A23403G,G28881A,G28882A,G28883C				N:R203K,N:G204R,ORF1b:P314L,S:D614G						0	0	0	0				0	0	0	0		NODE_0000922					NODE_0000922					N/A	N/A	N/A	N/A	N/A	N/A	N/A	N/A	N/A	N/A			3000	0	good	0	10	0	good	0	24	-8	0	good	0		0	good	0		0		0	0	good		0	0	good	0				
299	MT801003.1 Severe acute respiratory syndrome coronavirus 2 isolate SARS-CoV-2/human/LBN/LB-R12/2020, complete genome	20C	20C		20C	B.1	B.1	1.562500	good	7	0	0	0	52	0	5	0	0	13	89257	125	29903	0.9941143029127513	E:1,M:1,N:1,ORF1a:1,ORF1b:1,ORF3a:1,ORF6:1,ORF7a:1,ORF7b:1,ORF8:1,ORF9b:1,S:0.9897959183673469	false	C241T,C3037T,C14408T,G22992A,A23403G,G25563T,C25609T				ORF1b:P314L,ORF3a:Q57H,ORF3a:L73F,S:S477N,S:D614G			T1059C	G22992A|21K&21L&22B&22E&23A&24A&22C&22A&23F&23D&23B&24E&22D&22F&25C&rec&23C&24C&24F&23E&24B&23H&25B&25A&24G&23I&23G&24H&20F&24D&21M&25D&25G&24I&25E&25I&25H&25F	C25609T	1	1	1	3	ORF1a:I265T		ORF3a:L73F,S:S477N	1	0	2	3	22897-22935,29858-29870	NODE_0000826	T1059C,G22992A,C25609T		ORF1a:I265T,ORF3a:L73F,S:S477N		NODE_0000764	G22992A,G25563T,C25609T		ORF3a:Q57H,ORF3a:L73F,S:S477N		N/A	N/A	N/A	N/A	N/A	N/A	N/A	N/A	N/A	N/A	S:446-458		3000	0	good	52	10	0	good	0	24	3	12.500000	good	11		0	good	0		0		0	0	good		0	0	good	0				
300	MT811544.1 Severe acute respiratory syndrome coronavirus 2 isolate SARS-CoV-2/human/JOR/SEARCH-0032-JOR/2020, complete genome	20C	20C		20C	B.1.319	B.1.319	0	good	11	0	0	0	69	0	8	0	0	25	88114	266	29674	0.9811724576129486	E:1,M:1,N:1,ORF1a:1,ORF1b:0.990727002967359,ORF3a:1,ORF6:1,ORF7a:1,ORF7b:1,ORF8:1,ORF9b:1,S:1	false	C1059T,G1757A,G1820A,C3037T,C4084T,C6395T,C10851T,C14408T,A23403G,T25496C,G25563T				ORF1a:T265I,ORF1a:A498T,ORF1a:G519S,ORF1a:A3529V,ORF1b:P314L,ORF3a:I35T,ORF3a:Q57H,S:D614G					G1757A,G1820A,C4084T,C6395T,T25496C	0	0	5	5			ORF1a:A498T,ORF1a:G519S,ORF3a:I35T	0	0	3	3	19301-19306,19311-19365,19549-19556	NODE_0000826	G1757A,G1820A,C4084T,C6395T,C10851T,T25496C		ORF1a:A498T,ORF1a:G519S,ORF1a:A3529V,ORF3a:I35T		B.1.319	G1757A,G1820A,C4084T,C6395T,T25496C		ORF1a:A498T,ORF1a:G519S,ORF3a:I35T		N/A	N/A	N/A	N/A	N/A	N/A	N/A	N/A	N/A	N/A	ORF1b:1945-1966,ORF1b:2028-2030		3000	0	good	69	10	0	good	0	24	-3	0	good	5		0	good	0		0		0	0	good		0	0	good	0				
303	MT811548.1 Severe acute respiratory syndrome coronavirus 2 isolate SARS-CoV-2/human/JOR/SEARCH-0036-JOR/2020, complete genome	20C	20C		20C	B.1	B.1	0	good	6	0	0	0	0	0	5	0	0	0	88203	266	29674	0.9834799184028359	E:1,M:1,N:1,ORF1a:1,ORF1b:1,ORF3a:1,ORF6:1,ORF7a:1,ORF7b:1,ORF8:1,ORF9b:1,S:1	false	C1059T,C3037T,C14408T,A23403G,G25563T,C25904T				ORF1a:T265I,ORF1b:P314L,ORF3a:Q57H,ORF3a:S171L,S:D614G				C25904T|20H		0	1	0	1			ORF3a:S171L	0	0	1	1		NODE_0000826	C25904T		ORF3a:S171L		NODE_0000764	C1059T,G25563T,C25904T		ORF1a:T265I,ORF3a:Q57H,ORF3a:S171L		N/A	N/A	N/A	N/A	N/A	N/A	N/A	N/A	N/A	N/A			3000	0	good	0	10	0	good	0	24	-4	0	good	4		0	good	0		0		0	0	good		0	0	good	0				
304	MT811549.1 Severe acute respiratory syndrome coronavirus 2 isolate SARS-CoV-2/human/JOR/SEARCH-0037-JOR/2020, complete genome	19A	19A		19A	B	B	0	good	4	0	0	0	0	0	3	0	0	0	88211	266	29674	0.9834799184028359	E:1,M:1,N:1,ORF1a:1,ORF1b:1,ORF3a:1,ORF6:1,ORF7a:1,ORF7b:1,ORF8:1,ORF9b:1,S:1	false	G11083T,C14805T,G26144T,G28842T				N:S190I,ORF1a:L3606F,ORF3a:G251V					G28842T	0	0	1	1			N:S190I	0	0	1	1		NODE_0000000	G11083T,C14805T,G26144T,G28842T		N:S190I,ORF1a:L3606F,ORF3a:G251V		NODE_0000000	G11083T,C14805T,G26144T,G28842T		N:S190I,ORF1a:L3606F,ORF3a:G251V		N/A	N/A	N/A	N/A	N/A	N/A	N/A	N/A	N/A	N/A			3000	0	good	0	10	0	good	0	24	-7	0	good	1		0	good	0		0		0	0	good		0	0	good	0				
305	MT811550.1 Severe acute respiratory syndrome coronavirus 2 isolate SARS-CoV-2/human/JOR/SEARCH-0039-JOR/2020, complete genome	19B	19B		19B	A.5	A.5	0	good	6	0	0	0	0	0	4	0	0	0	88203	266	29674	0.9834799184028359	E:1,M:1,N:1,ORF1a:1,ORF1b:1,ORF3a:1,ORF6:1,ORF7a:1,ORF7b:1,ORF8:1,ORF9b:1,S:1	false	C1263T,C8782T,G25061A,C26088T,T28144C,G28975T				N:M234I,ORF1a:T333M,ORF8:L84S,S:G1167S					C1263T,G25061A,G28975T	0	0	3	3			N:M234I,ORF1a:T333M,S:G1167S	0	0	3	3		internal_b384	C1263T,G25061A,C26088T,G28975T		N:M234I,ORF1a:T333M,S:G1167S		A.5	C1263T,G25061A,G28975T		N:M234I,ORF1a:T333M,S:G1167S		N/A	N/A	N/A	N/A	N/A	N/A	N/A	N/A	N/A	N/A			3000	0	good	0	10	0	good	0	24	-5	0	good	3		0	good	0		0		0	0	good		0	0	good	0				
309	MT811556.1 Severe acute respiratory syndrome coronavirus 2 isolate SARS-CoV-2/human/JOR/SEARCH-0046-JOR/2020, complete genome	20B	20B		20B	B.1.1	B.1.1	0	good	7	0	0	0	0	0	4	0	0	0	88199	266	29674	0.9834799184028359	E:1,M:1,N:1,ORF1a:1,ORF1b:1,ORF3a:1,ORF6:1,ORF7a:1,ORF7b:1,ORF8:1,ORF9b:1,S:1	false	C3037T,G11365T,C14408T,A23403G,G28881A,G28882A,G28883C				N:R203K,N:G204R,ORF1b:P314L,S:D614G					G11365T	0	0	1	1				0	0	0	0		NODE_0000922	G11365T				NODE_0000922	G11365T				N/A	N/A	N/A	N/A	N/A	N/A	N/A	N/A	N/A	N/A			3000	0	good	0	10	0	good	0	24	-7	0	good	1		0	good	0		0		0	0	good		0	0	good	0				
306	MT811552.1 Severe acute respiratory syndrome coronavirus 2 isolate SARS-CoV-2/human/JOR/SEARCH-0042-JOR/2020, complete genome	19A	19A		19A	B	B	0.694444	good	7	0	3	0	0	0	4	0	1	0	88192	266	29674	0.9834799184028359	E:1,M:1,N:1,ORF1a:1,ORF1b:1,ORF3a:1,ORF6:1,ORF7a:1,ORF7b:1,ORF8:1,ORF9b:1,S:1	false	A7479G,G11083T,C14805T,T17247C,C25572T,G26144T,C28887T		11074:TTT		N:T205I,ORF1a:N2405S,ORF1a:L3606F,ORF3a:G251V		ORF1a:3602:F		C25572T|23F&23H,C28887T|21C&20H&21H&21D	A7479G,T17247C	0	2	2	4			N:T205I,ORF1a:N2405S	0	0	2	2		NODE_0000000	A7479G,G11083T,C14805T,T17247C,C25572T,G26144T,C28887T		N:T205I,ORF1a:N2405S,ORF1a:L3606F,ORF3a:G251V		NODE_0000000	A7479G,G11083T,C14805T,T17247C,C25572T,G26144T,C28887T		N:T205I,ORF1a:N2405S,ORF1a:L3606F,ORF3a:G251V		N/A	N/A	N/A	N/A	N/A	N/A	N/A	N/A	N/A	N/A			3000	0	good	0	10	0	good	0	24	2	8.333333	good	10		0	good	0		0		0	0	good		0	0	good	0				
308	MT811554.1 Severe acute respiratory syndrome coronavirus 2 isolate SARS-CoV-2/human/JOR/SEARCH-0044-JOR/2020, complete genome	20B	20B		20B	B.1.1	B.1.1	0	good	7	0	0	0	0	0	4	0	0	0	88199	266	29674	0.9834799184028359	E:1,M:1,N:1,ORF1a:1,ORF1b:1,ORF3a:1,ORF6:1,ORF7a:1,ORF7b:1,ORF8:1,ORF9b:1,S:1	false	C3037T,G11365T,C14408T,A23403G,G28881A,G28882A,G28883C				N:R203K,N:G204R,ORF1b:P314L,S:D614G					G11365T	0	0	1	1				0	0	0	0		NODE_0000922	G11365T				NODE_0000922	G11365T				N/A	N/A	N/A	N/A	N/A	N/A	N/A	N/A	N/A	N/A			3000	0	good	0	10	0	good	0	24	-7	0	good	1		0	good	0		0		0	0	good		0	0	good	0				
307	MT811553.1 Severe acute respiratory syndrome coronavirus 2 isolate SARS-CoV-2/human/JOR/SEARCH-0043-JOR/2020, complete genome	20B	20B		20B	B.1.1	B.1.1	0	good	8	0	0	0	0	0	5	0	0	0	88195	266	29674	0.9834799184028359	E:1,M:1,N:1,ORF1a:1,ORF1b:1,ORF3a:1,ORF6:1,ORF7a:1,ORF7b:1,ORF8:1,ORF9b:1,S:1	false	C313T,C1178T,C3037T,C14408T,A23403G,G28881A,G28882A,G28883C				N:R203K,N:G204R,ORF1a:P305S,ORF1b:P314L,S:D614G					C1178T	0	0	1	1			ORF1a:P305S	0	0	1	1		NODE_0000922	C313T,C1178T		ORF1a:P305S		NODE_0000922	C313T,C1178T		ORF1a:P305S		N/A	N/A	N/A	N/A	N/A	N/A	N/A	N/A	N/A	N/A			3000	0	good	0	10	0	good	0	24	-7	0	good	1		0	good	0		0		0	0	good		0	0	good	0				
310	MT811557.1 Severe acute respiratory syndrome coronavirus 2 isolate SARS-CoV-2/human/JOR/SEARCH-0048-JOR/2020, complete genome	20C	20C		20C	B.1	B.1	0	good	7	0	0	0	0	0	6	0	0	0	88199	266	29674	0.9834799184028359	E:1,M:1,N:1,ORF1a:1,ORF1b:1,ORF3a:1,ORF6:1,ORF7a:1,ORF7b:1,ORF8:1,ORF9b:1,S:1	false	C1059T,C3037T,C7169T,C14408T,A23403G,G25563T,C25904T				ORF1a:T265I,ORF1a:P2302S,ORF1b:P314L,ORF3a:Q57H,ORF3a:S171L,S:D614G				C25904T|20H	C7169T	0	1	1	2			ORF1a:P2302S,ORF3a:S171L	0	0	2	2		NODE_0000826	C7169T,C25904T		ORF1a:P2302S,ORF3a:S171L		NODE_0000764	C1059T,C7169T,G25563T,C25904T		ORF1a:T265I,ORF1a:P2302S,ORF3a:Q57H,ORF3a:S171L		N/A	N/A	N/A	N/A	N/A	N/A	N/A	N/A	N/A	N/A			3000	0	good	0	10	0	good	0	24	-3	0	good	5		0	good	0		0		0	0	good		0	0	good	0				
311	MT811558.1 Severe acute respiratory syndrome coronavirus 2 isolate SARS-CoV-2/human/JOR/SEARCH-0049-JOR/2020, complete genome	20B	20B		20B	B.1.1	B.1.1	0	good	7	0	0	0	0	0	5	0	0	0	88199	266	29674	0.9834799184028359	E:1,M:1,N:1,ORF1a:1,ORF1b:1,ORF3a:1,ORF6:1,ORF7a:1,ORF7b:1,ORF8:1,ORF9b:1,S:1	false	C900T,C3037T,C14408T,A23403G,G28881A,G28882A,G28883C				N:R203K,N:G204R,ORF1a:S212L,ORF1b:P314L,S:D614G					C900T	0	0	1	1			ORF1a:S212L	0	0	1	1		NODE_0000922	C900T		ORF1a:S212L		NODE_0000922	C900T		ORF1a:S212L		N/A	N/A	N/A	N/A	N/A	N/A	N/A	N/A	N/A	N/A			3000	0	good	0	10	0	good	0	24	-7	0	good	1		0	good	0		0		0	0	good		0	0	good	0				
312	MT811560.1 Severe acute respiratory syndrome coronavirus 2 isolate SARS-CoV-2/human/JOR/SEARCH-0052-JOR/2020, complete genome	20B	20B		20B	B.1.1	B.1.1	0	good	6	0	0	0	0	0	4	0	0	0	88203	266	29674	0.9834799184028359	E:1,M:1,N:1,ORF1a:1,ORF1b:1,ORF3a:1,ORF6:1,ORF7a:1,ORF7b:1,ORF8:1,ORF9b:1,S:1	false	C3037T,C14408T,A23403G,G28881A,G28882A,G28883C				N:R203K,N:G204R,ORF1b:P314L,S:D614G						0	0	0	0				0	0	0	0		NODE_0000922					NODE_0000922					N/A	N/A	N/A	N/A	N/A	N/A	N/A	N/A	N/A	N/A			3000	0	good	0	10	0	good	0	24	-8	0	good	0		0	good	0		0		0	0	good		0	0	good	0				
313	MT811561.1 Severe acute respiratory syndrome coronavirus 2 isolate SARS-CoV-2/human/JOR/SEARCH-0053-JOR/2020, complete genome	19A	19A		19A	B	B	0.694444	good	7	0	0	0	0	0	4	0	0	0	88199	266	29674	0.9834799184028359	E:1,M:1,N:1,ORF1a:1,ORF1b:1,ORF3a:1,ORF6:1,ORF7a:1,ORF7b:1,ORF8:1,ORF9b:1,S:1	false	A7479G,G11083T,C14805T,T17247C,C25572T,G26144T,C28887T				N:T205I,ORF1a:N2405S,ORF1a:L3606F,ORF3a:G251V				C25572T|23F&23H,C28887T|21C&20H&21H&21D	A7479G,T17247C	0	2	2	4			N:T205I,ORF1a:N2405S	0	0	2	2		NODE_0000000	A7479G,G11083T,C14805T,T17247C,C25572T,G26144T,C28887T		N:T205I,ORF1a:N2405S,ORF1a:L3606F,ORF3a:G251V		NODE_0000000	A7479G,G11083T,C14805T,T17247C,C25572T,G26144T,C28887T		N:T205I,ORF1a:N2405S,ORF1a:L3606F,ORF3a:G251V		N/A	N/A	N/A	N/A	N/A	N/A	N/A	N/A	N/A	N/A			3000	0	good	0	10	0	good	0	24	2	8.333333	good	10		0	good	0		0		0	0	good		0	0	good	0				
314	MT811562.1 Severe acute respiratory syndrome coronavirus 2 isolate SARS-CoV-2/human/JOR/SEARCH-0054-JOR/2020, complete genome	20B	20B		20B	B.1.1	B.1.1	0	good	6	0	0	0	2	0	4	0	0	2	88201	266	29674	0.9834130354813898	E:1,M:1,N:1,ORF1a:1,ORF1b:1,ORF3a:1,ORF6:1,ORF7a:0.9836065573770492,ORF7b:1,ORF8:1,ORF9b:1,S:1	false	C3037T,C14408T,A23403G,G28881A,G28882A,G28883C				N:R203K,N:G204R,ORF1b:P314L,S:D614G						0	0	0	0				0	0	0	0	27600-27601	NODE_0000922					NODE_0000922					N/A	N/A	N/A	N/A	N/A	N/A	N/A	N/A	N/A	N/A	ORF7a:69-70		3000	0	good	2	10	0	good	0	24	-8	0	good	0		0	good	0		0		0	0	good		0	0	good	0				
315	MT811564.1 Severe acute respiratory syndrome coronavirus 2 isolate SARS-CoV-2/human/JOR/SEARCH-0056-JOR/2020, complete genome	19A	19A		19A	B	B	0	good	4	0	0	0	0	0	3	0	0	0	88211	266	29674	0.9834799184028359	E:1,M:1,N:1,ORF1a:1,ORF1b:1,ORF3a:1,ORF6:1,ORF7a:1,ORF7b:1,ORF8:1,ORF9b:1,S:1	false	G11083T,C14805T,G26144T,G28842T				N:S190I,ORF1a:L3606F,ORF3a:G251V					G28842T	0	0	1	1			N:S190I	0	0	1	1		NODE_0000000	G11083T,C14805T,G26144T,G28842T		N:S190I,ORF1a:L3606F,ORF3a:G251V		NODE_0000000	G11083T,C14805T,G26144T,G28842T		N:S190I,ORF1a:L3606F,ORF3a:G251V		N/A	N/A	N/A	N/A	N/A	N/A	N/A	N/A	N/A	N/A			3000	0	good	0	10	0	good	0	24	-7	0	good	1		0	good	0		0		0	0	good		0	0	good	0				
316	MT811565.1 Severe acute respiratory syndrome coronavirus 2 isolate SARS-CoV-2/human/JOR/SEARCH-0057-JOR/2020, complete genome	19A	19A		19A	B	B	0	good	6	0	0	0	0	0	3	0	0	0	88203	266	29674	0.9834799184028359	E:1,M:1,N:1,ORF1a:1,ORF1b:1,ORF3a:1,ORF6:1,ORF7a:1,ORF7b:1,ORF8:1,ORF9b:1,S:1	false	C2048T,T7270C,G11083T,C14805T,G26144T,G28842T				N:S190I,ORF1a:L3606F,ORF3a:G251V					C2048T,T7270C,G28842T	0	0	3	3			N:S190I	0	0	1	1		NODE_0000000	C2048T,T7270C,G11083T,C14805T,G26144T,G28842T		N:S190I,ORF1a:L3606F,ORF3a:G251V		NODE_0000000	C2048T,T7270C,G11083T,C14805T,G26144T,G28842T		N:S190I,ORF1a:L3606F,ORF3a:G251V		N/A	N/A	N/A	N/A	N/A	N/A	N/A	N/A	N/A	N/A			3000	0	good	0	10	0	good	0	24	-5	0	good	3		0	good	0		0		0	0	good		0	0	good	0				
317	MT811567.1 Severe acute respiratory syndrome coronavirus 2 isolate SARS-CoV-2/human/JOR/SEARCH-0333-JOR/2020, complete genome	19A	19A		19A	B	B	0	good	4	0	0	0	0	0	3	0	0	0	88211	266	29674	0.9834799184028359	E:1,M:1,N:1,ORF1a:1,ORF1b:1,ORF3a:1,ORF6:1,ORF7a:1,ORF7b:1,ORF8:1,ORF9b:1,S:1	false	G11083T,C14805T,G26144T,G28842T				N:S190I,ORF1a:L3606F,ORF3a:G251V					G28842T	0	0	1	1			N:S190I	0	0	1	1		NODE_0000000	G11083T,C14805T,G26144T,G28842T		N:S190I,ORF1a:L3606F,ORF3a:G251V		NODE_0000000	G11083T,C14805T,G26144T,G28842T		N:S190I,ORF1a:L3606F,ORF3a:G251V		N/A	N/A	N/A	N/A	N/A	N/A	N/A	N/A	N/A	N/A			3000	0	good	0	10	0	good	0	24	-7	0	good	1		0	good	0		0		0	0	good		0	0	good	0				
318	MT811568.1 Severe acute respiratory syndrome coronavirus 2 isolate SARS-CoV-2/human/JOR/SEARCH-0335-JOR/2020, complete genome	20A	20A		20A	B.1	B.1	0	good	7	0	0	0	0	0	3	0	0	0	88199	266	29674	0.9834799184028359	E:1,M:1,N:1,ORF1a:1,ORF1b:1,ORF3a:1,ORF6:1,ORF7a:1,ORF7b:1,ORF8:1,ORF9b:1,S:1	false	C3037T,C14408T,C18877T,A23403G,G25563T,C26735T,C27923T				ORF1b:P314L,ORF3a:Q57H,S:D614G					C27923T	0	0	1	1				0	0	0	0		NODE_0000764	C18877T,G25563T,C26735T,C27923T		ORF3a:Q57H		NODE_0000764	C18877T,G25563T,C26735T,C27923T		ORF3a:Q57H		N/A	N/A	N/A	N/A	N/A	N/A	N/A	N/A	N/A	N/A			3000	0	good	0	10	0	good	0	24	-7	0	good	1		0	good	0		0		0	0	good		0	0	good	0				
319	MT811569.1 Severe acute respiratory syndrome coronavirus 2 isolate SARS-CoV-2/human/JOR/SEARCH-0336-JOR/2020, complete genome	19B	19B		19B	A	A	0	good	5	0	0	0	0	0	3	0	0	0	88207	266	29674	0.9834799184028359	E:1,M:1,N:1,ORF1a:1,ORF1b:1,ORF3a:1,ORF6:1,ORF7a:1,ORF7b:1,ORF8:1,ORF9b:1,S:1	false	C8782T,C9223T,G11230T,T28144C,G28878A				N:S202N,ORF1a:M3655I,ORF8:L84S			A28167G		C9223T	1	0	1	2	ORF8:K92E			1	0	0	1		internal_b384	C9223T,G11230T,G28878A		N:S202N,ORF1a:M3655I		internal_b384	C9223T,G11230T,G28878A		N:S202N,ORF1a:M3655I		N/A	N/A	N/A	N/A	N/A	N/A	N/A	N/A	N/A	N/A			3000	0	good	0	10	0	good	0	24	-1	0	good	7		0	good	0		0		0	0	good		0	0	good	0				
321	MT820466.1 Severe acute respiratory syndrome coronavirus 2 isolate SARS-CoV-2/human/SAU/KAIMRC09/2020, complete genome	20C	20C		20C	B.1	B.1	0	good	7	0	0	0	0	0	5	0	0	0	89384	40	29843	0.9966892953884225	E:1,M:1,N:1,ORF1a:1,ORF1b:1,ORF3a:1,ORF6:1,ORF7a:1,ORF7b:1,ORF8:1,ORF9b:1,S:1	false	C241T,C1059T,C3037T,C14408T,A23403G,G24368T,G25563T				ORF1a:T265I,ORF1b:P314L,ORF3a:Q57H,S:D614G,S:D936Y					G24368T	0	0	1	1			S:D936Y	0	0	1	1		NODE_0000826	G24368T		S:D936Y		NODE_0000764	C1059T,G24368T,G25563T		ORF1a:T265I,ORF3a:Q57H,S:D936Y		N/A	N/A	N/A	N/A	N/A	N/A	N/A	N/A	N/A	N/A			3000	0	good	0	10	0	good	0	24	-7	0	good	1		0	good	0		0		0	0	good		0	0	good	0				
320	MT820461.1 Severe acute respiratory syndrome coronavirus 2 isolate SARS-CoV-2/human/SAU/KAIMRC01/2020, complete genome	19A	19A		19A	B.6	B.6	0	good	6	0	0	0	0	0	6	0	0	0	89436	17	29836	0.9972243587599906	E:1,M:1,N:1,ORF1a:1,ORF1b:1,ORF3a:1,ORF6:1,ORF7a:1,ORF7b:1,ORF8:1,ORF9b:1,S:1	false	C6312A,G11083T,C13730T,C23929T,A25615G,C28311T				N:P13L,ORF1a:T2016K,ORF1a:L3606F,ORF1b:A88V,ORF3a:K75E,ORF9b:P10S					A25615G	0	0	1	1			ORF3a:K75E	0	0	1	1		NODE_0000000	C6312A,G11083T,C13730T,C23929T,A25615G,C28311T		N:P13L,ORF1a:T2016K,ORF1a:L3606F,ORF1b:A88V,ORF3a:K75E,ORF9b:P10S		NODE_0000755	A25615G		ORF3a:K75E		N/A	N/A	N/A	N/A	N/A	N/A	N/A	N/A	N/A	N/A			3000	0	good	0	10	0	good	0	24	-7	0	good	1		0	good	0		0		0	0	good		0	0	good	0				
322	MT820469.1 Severe acute respiratory syndrome coronavirus 2 isolate SARS-CoV-2/human/SAU/KAIMRC12/2020, complete genome	20B	20B		20B	B.1.1	B.1.1	0	good	7	0	0	0	0	0	4	0	0	0	89369	39	29837	0.9965220880848076	E:1,M:1,N:1,ORF1a:1,ORF1b:1,ORF3a:1,ORF6:1,ORF7a:1,ORF7b:1,ORF8:1,ORF9b:1,S:1	false	C241T,C3037T,C14408T,A23403G,G28881A,G28882A,G28883C				N:R203K,N:G204R,ORF1b:P314L,S:D614G						0	0	0	0				0	0	0	0		NODE_0000922					NODE_0000922					N/A	N/A	N/A	N/A	N/A	N/A	N/A	N/A	N/A	N/A			3000	0	good	0	10	0	good	0	24	-8	0	good	0		0	good	0		0		0	0	good		0	0	good	0				
323	MT820473.1 Severe acute respiratory syndrome coronavirus 2 isolate SARS-CoV-2/human/SAU/KAIMRC17/2020, complete genome	20B	20B		20B	B.1.1	B.1.1	0	good	7	0	0	0	0	0	4	0	0	0	89411	24	29836	0.9969902685349296	E:1,M:1,N:1,ORF1a:1,ORF1b:1,ORF3a:1,ORF6:1,ORF7a:1,ORF7b:1,ORF8:1,ORF9b:1,S:1	false	C241T,C3037T,C14408T,A23403G,G28881A,G28882A,G28883C				N:R203K,N:G204R,ORF1b:P314L,S:D614G						0	0	0	0				0	0	0	0		NODE_0000922					NODE_0000922					N/A	N/A	N/A	N/A	N/A	N/A	N/A	N/A	N/A	N/A			3000	0	good	0	10	0	good	0	24	-8	0	good	0		0	good	0		0		0	0	good		0	0	good	0				
324	MT820474.1 Severe acute respiratory syndrome coronavirus 2 isolate SARS-CoV-2/human/SAU/KAIMRC18/2020, complete genome	20B	20B		20B	B.1.1	B.1.1	0	good	9	0	0	0	0	0	5	0	0	0	89358	39	29836	0.9964886466240845	E:1,M:1,N:1,ORF1a:1,ORF1b:1,ORF3a:1,ORF6:1,ORF7a:1,ORF7b:1,ORF8:1,ORF9b:1,S:1	false	C241T,C1973T,C3037T,C14408T,G19276A,A23403G,G28881A,G28882A,G28883C				N:R203K,N:G204R,ORF1b:P314L,ORF1b:G1937S,S:D614G				C1973T|23G	G19276A	0	1	1	2			ORF1b:G1937S	0	0	1	1		NODE_0000922	C1973T,G19276A		ORF1b:G1937S		NODE_0000922	C1973T,G19276A		ORF1b:G1937S		N/A	N/A	N/A	N/A	N/A	N/A	N/A	N/A	N/A	N/A			3000	0	good	0	10	0	good	0	24	-3	0	good	5		0	good	0		0		0	0	good		0	0	good	0				
325	MT820477.1 Severe acute respiratory syndrome coronavirus 2 isolate SARS-CoV-2/human/SAU/KFSHRC31/2020, complete genome	20B	20B		20B	B.1.1	B.1.1	0	good	9	0	0	0	0	0	5	0	0	0	89466	23	29856	0.9976925392101127	E:1,M:1,N:1,ORF1a:1,ORF1b:1,ORF3a:1,ORF6:1,ORF7a:1,ORF7b:1,ORF8:1,ORF9b:1,S:1	false	C241T,C3037T,C14408T,A23403G,C24374T,T27484C,G28881A,G28882A,G28883C				N:R203K,N:G204R,ORF1b:P314L,S:D614G,S:L938F				T27484C|25E	C24374T	0	1	1	2			S:L938F	0	0	1	1		NODE_0000922	C24374T,T27484C		S:L938F		NODE_0000922	C24374T,T27484C		S:L938F		N/A	N/A	N/A	N/A	N/A	N/A	N/A	N/A	N/A	N/A			3000	0	good	0	10	0	good	0	24	-3	0	good	5		0	good	0		0		0	0	good		0	0	good	0				
326	MT820480.1 Severe acute respiratory syndrome coronavirus 2 isolate SARS-CoV-2/human/SAU/KFSHRC44/2020, complete genome	20B	20B		20B	B.1.1	B.1.1	0	good	9	0	0	0	0	0	4	0	0	0	89484	23	29862	0.9978931879744507	E:1,M:1,N:1,ORF1a:1,ORF1b:1,ORF3a:1,ORF6:1,ORF7a:1,ORF7b:1,ORF8:1,ORF9b:1,S:1	false	C241T,C3037T,A11869G,C14408T,A23403G,T27484C,G28881A,G28882A,G28883C				N:R203K,N:G204R,ORF1b:P314L,S:D614G				T27484C|25E	A11869G	0	1	1	2				0	0	0	0		NODE_0000922	A11869G,T27484C				NODE_0000922	A11869G,T27484C				N/A	N/A	N/A	N/A	N/A	N/A	N/A	N/A	N/A	N/A			3000	0	good	0	10	0	good	0	24	-3	0	good	5		0	good	0		0		0	0	good		0	0	good	0				
327	MT820484.1 Severe acute respiratory syndrome coronavirus 2 isolate SARS-CoV-2/human/SAU/KAIMRC62/2020, complete genome	20A	20A		20A	B.1	B.1	0	good	7	0	0	0	0	0	3	0	0	0	89339	48	29836	0.9961876734775775	E:1,M:1,N:1,ORF1a:1,ORF1b:1,ORF3a:1,ORF6:1,ORF7a:1,ORF7b:1,ORF8:1,ORF9b:1,S:1	false	C241T,C3037T,C14408T,C18877T,A23403G,G25563T,C26735T				ORF1b:P314L,ORF3a:Q57H,S:D614G						0	0	0	0				0	0	0	0		NODE_0000764	C18877T,G25563T,C26735T		ORF3a:Q57H		NODE_0000764	C18877T,G25563T,C26735T		ORF3a:Q57H		N/A	N/A	N/A	N/A	N/A	N/A	N/A	N/A	N/A	N/A			3000	0	good	0	10	0	good	0	24	-8	0	good	0		0	good	0		0		0	0	good		0	0	good	0				
329	MT844023.1 Severe acute respiratory syndrome coronavirus 2 isolate SARS-CoV-2/human/Belize/UN-CDC-3595760-001/2020, complete genome	20B	20B		20B	B.1.1	B.1.1	0	good	9	0	0	0	0	0	5	0	0	0	89610	1	29882	0.9992977293248169	E:1,M:1,N:1,ORF1a:1,ORF1b:1,ORF3a:1,ORF6:1,ORF7a:1,ORF7b:1,ORF8:1,ORF9b:1,S:1	false	C241T,C313T,C3037T,C14408T,A23403G,G25456T,G28881A,G28882A,G28883C				N:R203K,N:G204R,ORF1b:P314L,ORF3a:D22Y,S:D614G					G25456T	0	0	1	1			ORF3a:D22Y	0	0	1	1		NODE_0000922	C313T,G25456T		ORF3a:D22Y		NODE_0000922	C313T,G25456T		ORF3a:D22Y		N/A	N/A	N/A	N/A	N/A	N/A	N/A	N/A	N/A	N/A			3000	0	good	0	10	0	good	0	24	-7	0	good	1		0	good	0		0		0	0	good		0	0	good	0				
328	MT820487.1 Severe acute respiratory syndrome coronavirus 2 isolate SARS-CoV-2/human/SAU/KAIMRC67/2020, complete genome	20B	20B		20B	B.1.1	B.1.1	0	good	10	0	0	0	0	0	4	0	0	0	89432	23	29846	0.9973581246028826	E:1,M:1,N:1,ORF1a:1,ORF1b:1,ORF3a:1,ORF6:1,ORF7a:1,ORF7b:1,ORF8:1,ORF9b:1,S:1	false	C241T,C3037T,A11869G,C14408T,A23403G,T27484C,G28881A,G28882A,G28883C,G29422T				N:R203K,N:G204R,ORF1b:P314L,S:D614G				T27484C|25E	A11869G,G29422T	0	1	2	3				0	0	0	0		NODE_0000922	A11869G,T27484C,G29422T				NODE_0000922	A11869G,T27484C,G29422T				N/A	N/A	N/A	N/A	N/A	N/A	N/A	N/A	N/A	N/A			3000	0	good	0	10	0	good	0	24	-2	0	good	6		0	good	0		0		0	0	good		0	0	good	0				
331	MT844026.1 Severe acute respiratory syndrome coronavirus 2 isolate SARS-CoV-2/human/Belize/UN-CDC-3595771-001/2020, complete genome	20C	20C		20C	B.1	B.1	0	good	11	9	0	0	0	0	8	3	0	0	89568	1	29882	0.9992977293248169	E:1,M:1,N:1,ORF1a:1,ORF1b:1,ORF3a:1,ORF6:1,ORF7a:1,ORF7b:1,ORF8:1,ORF9b:1,S:1	false	C241T,C1059T,G2808A,C3037T,G3965A,C14408T,G16935T,G22781A,A23403G,G25563T,A26433G	686-694			ORF1a:T265I,ORF1a:R848K,ORF1a:A1234T,ORF1b:P314L,ORF1b:M1156I,ORF3a:Q57H,S:V407I,S:D614G	ORF1a:K141-,ORF1a:S142-,ORF1a:F143-				G2808A,G3965A,G16935T,G22781A,A26433G	0	0	5	5			ORF1a:R848K,ORF1a:A1234T,ORF1b:M1156I,S:V407I	0	0	4	4		NODE_0000826	G2808A,G3965A,G16935T,G22781A,A26433G	686-694	ORF1a:R848K,ORF1a:A1234T,ORF1b:M1156I,S:V407I	ORF1a:K141-,ORF1a:S142-,ORF1a:F143-	NODE_0000764	C1059T,G2808A,G3965A,G16935T,G22781A,G25563T,A26433G	686-694	ORF1a:T265I,ORF1a:R848K,ORF1a:A1234T,ORF1b:M1156I,ORF3a:Q57H,S:V407I	ORF1a:K141-,ORF1a:S142-,ORF1a:F143-	N/A	N/A	N/A	N/A	N/A	N/A	N/A	N/A	N/A	N/A			3000	0	good	0	10	0	good	0	24	-2	0	good	6		0	good	0		0		0	0	good		0	0	good	0				
330	MT844024.1 Severe acute respiratory syndrome coronavirus 2 isolate SARS-CoV-2/human/Belize/UN-CDC-3595766-001/2020, complete genome	20B	20B		20B	B.1.1	B.1.1	0	good	9	0	0	0	0	0	5	0	0	0	89610	1	29882	0.9992977293248169	E:1,M:1,N:1,ORF1a:1,ORF1b:1,ORF3a:1,ORF6:1,ORF7a:1,ORF7b:1,ORF8:1,ORF9b:1,S:1	false	C241T,C313T,C3037T,C14408T,A23403G,G25456T,G28881A,G28882A,G28883C				N:R203K,N:G204R,ORF1b:P314L,ORF3a:D22Y,S:D614G					G25456T	0	0	1	1			ORF3a:D22Y	0	0	1	1		NODE_0000922	C313T,G25456T		ORF3a:D22Y		NODE_0000922	C313T,G25456T		ORF3a:D22Y		N/A	N/A	N/A	N/A	N/A	N/A	N/A	N/A	N/A	N/A			3000	0	good	0	10	0	good	0	24	-7	0	good	1		0	good	0		0		0	0	good		0	0	good	0				
334	MT844031.1 Severe acute respiratory syndrome coronavirus 2 isolate SARS-CoV-2/human/Guatemala/UN-CDC-3536655-001/2020, complete genome	20A	20A		20A	B.1	B.1	0	good	5	0	0	0	0	0	2	0	0	0	89626	1	29882	0.9992977293248169	E:1,M:1,N:1,ORF1a:1,ORF1b:1,ORF3a:1,ORF6:1,ORF7a:1,ORF7b:1,ORF8:1,ORF9b:1,S:1	false	C241T,C3037T,C14408T,A20268G,A23403G				ORF1b:P314L,S:D614G						0	0	0	0				0	0	0	0		NODE_0000764	A20268G				NODE_0000764	A20268G				N/A	N/A	N/A	N/A	N/A	N/A	N/A	N/A	N/A	N/A			3000	0	good	0	10	0	good	0	24	-8	0	good	0		0	good	0		0		0	0	good		0	0	good	0				
333	MT844029.1 Severe acute respiratory syndrome coronavirus 2 isolate SARS-CoV-2/human/Guatemala/UN-CDC-3536653-001/2020, complete genome	20C	20C		20C	B.1	B.1	1	good	5	0	0	0	0	1	3	0	0	1	89626	1	29882	0.9992642878640939	E:1,M:1,N:1,ORF1a:0.9997727789138832,ORF1b:1,ORF3a:1,ORF6:1,ORF7a:1,ORF7b:1,ORF8:1,ORF9b:1,S:1	false	C241T,C3037T,C14408T,A23403G,G25563T				ORF1b:P314L,ORF3a:Q57H,S:D614G			T1059C			1	0	0	1	ORF1a:I265T			1	0	0	1		NODE_0000826	T1059C		ORF1a:I265T		NODE_0000764	G25563T		ORF3a:Q57H		N/A	N/A	N/A	N/A	N/A	N/A	N/A	N/A	N/A	N/A	ORF1a:375	R:1388	3000	0	good	0	10	10	good	1	24	-2	0	good	6		0	good	0		0		0	0	good		0	0	good	0				
332	MT844027.1 Severe acute respiratory syndrome coronavirus 2 isolate SARS-CoV-2/human/Belize/UN-CDC-3595772-001/2020, complete genome	20C	20C		20C	B.1	B.1	4.694444	good	10	0	0	0	0	2	6	0	0	2	89606	1	29882	0.9992308464033709	E:0.9868421052631579,M:1,N:1,ORF1a:1,ORF1b:1,ORF3a:1,ORF6:1,ORF7a:1,ORF7b:1,ORF8:1,ORF9b:1,S:0.9992150706436421	false	C241T,C1059T,C3037T,C14408T,C14925T,A23403G,C23525T,G25563T,A26041G,G29179T				ORF1a:T265I,ORF1b:P314L,ORF3a:Q57H,ORF3a:T217A,S:D614G,S:H655Y				C14925T|25F,C23525T|21K&21L&22B&22E&23A&22C&24A&22A&23F&23D&20J&23B&22D&24E&22F&rec&25C&23C&24C&24F&23E&24B&23H&25B&25A&23I&24G&23G&24H&24D&21M&25D&24I&25G&25E&25I&25H&25F	A26041G,G29179T	0	2	2	4			ORF3a:T217A,S:H655Y	0	0	2	2		NODE_0000826	C14925T,C23525T,A26041G,G29179T		ORF3a:T217A,S:H655Y		NODE_0000764	C1059T,C14925T,C23525T,G25563T,A26041G,G29179T		ORF1a:T265I,ORF3a:Q57H,ORF3a:T217A,S:H655Y		N/A	N/A	N/A	N/A	N/A	N/A	N/A	N/A	N/A	N/A	S:567,E:54	W:23261,Y:26404	3000	0	good	0	10	20	good	2	24	2	8.333333	good	10		0	good	0		0		0	0	good		0	0	good	0				
336	MT844033.1 Severe acute respiratory syndrome coronavirus 2 isolate SARS-CoV-2/human/Guatemala/UN-CDC-3536657-001/2020, complete genome	20A	20A		20A	B.1	B.1	0	good	4	0	0	0	0	0	2	0	0	0	89630	1	29882	0.9992977293248169	E:1,M:1,N:1,ORF1a:1,ORF1b:1,ORF3a:1,ORF6:1,ORF7a:1,ORF7b:1,ORF8:1,ORF9b:1,S:1	false	C241T,C14408T,A20268G,A23403G				ORF1b:P314L,S:D614G			T3037C			1	0	0	1				0	0	0	0		NODE_0000764	T3037C,A20268G				NODE_0000764	T3037C,A20268G				N/A	N/A	N/A	N/A	N/A	N/A	N/A	N/A	N/A	N/A			3000	0	good	0	10	0	good	0	24	-2	0	good	6		0	good	0		0		0	0	good		0	0	good	0				
335	MT844032.1 Severe acute respiratory syndrome coronavirus 2 isolate SARS-CoV-2/human/Guatemala/UN-CDC-3536656-001/2020, complete genome	20A	20A		20A	B.1	B.1	0	good	4	0	0	0	0	0	2	0	0	0	89630	1	29882	0.9992977293248169	E:1,M:1,N:1,ORF1a:1,ORF1b:1,ORF3a:1,ORF6:1,ORF7a:1,ORF7b:1,ORF8:1,ORF9b:1,S:1	false	C241T,C14408T,A20268G,A23403G				ORF1b:P314L,S:D614G			T3037C			1	0	0	1				0	0	0	0		NODE_0000764	T3037C,A20268G				NODE_0000764	T3037C,A20268G				N/A	N/A	N/A	N/A	N/A	N/A	N/A	N/A	N/A	N/A			3000	0	good	0	10	0	good	0	24	-2	0	good	6		0	good	0		0		0	0	good		0	0	good	0				
337	MT844034.1 Severe acute respiratory syndrome coronavirus 2 isolate SARS-CoV-2/human/Guatemala/UN-CDC-3536658-001/2020, complete genome	19B	19B		19B	A.3	A.3	29.340278	good	12	0	0	0	0	0	8	0	0	0	89598	1	29882	0.9992977293248169	E:1,M:1,N:1,ORF1a:1,ORF1b:1,ORF3a:1,ORF6:1,ORF7a:1,ORF7b:1,ORF8:1,ORF9b:1,S:1	false	T490A,G1590A,C3177T,C8782T,T18736C,G19684T,C24034T,T26729C,C27635T,G28077C,T28144C,A29700G				ORF1a:D75E,ORF1a:G442D,ORF1a:P971L,ORF1b:F1757L,ORF1b:V2073L,ORF7a:S81L,ORF8:V62L,ORF8:L84S			T6040C,A12478G,G28896C		G1590A,G19684T,C27635T	3	0	3	6	N:G208A,ORF1a:I4071M		ORF1a:G442D,ORF1b:V2073L,ORF7a:S81L	2	0	3	5		internal_b384	T490A,G1590A,C3177T,T18736C,G19684T,C24034T,T26729C,C27635T,G28077C,A29700G		ORF1a:D75E,ORF1a:G442D,ORF1a:P971L,ORF1b:F1757L,ORF1b:V2073L,ORF7a:S81L,ORF8:V62L		A.3	G1590A,T6040C,A12478G,G19684T,C27635T,G28896C		N:G208A,ORF1a:G442D,ORF1a:I4071M,ORF1b:V2073L,ORF7a:S81L		N/A	N/A	N/A	N/A	N/A	N/A	N/A	N/A	N/A	N/A			3000	0	good	0	10	0	good	0	24	13	54.166667	mediocre	21		0	good	0		0		0	0	good		0	0	good	0				
339	MT844038.1 Severe acute respiratory syndrome coronavirus 2 isolate SARS-CoV-2/human/Guatemala/UN-CDC-3536660-001/2020, complete genome	20A	20A		20A	B.1	B.1	0	good	6	0	0	0	0	0	3	0	0	0	89622	1	29882	0.9992977293248169	E:1,M:1,N:1,ORF1a:1,ORF1b:1,ORF3a:1,ORF6:1,ORF7a:1,ORF7b:1,ORF8:1,ORF9b:1,S:1	false	C241T,C3037T,C14408T,A20268G,A23403G,C25624T				ORF1b:P314L,ORF3a:H78Y,S:D614G					C25624T	0	0	1	1			ORF3a:H78Y	0	0	1	1		NODE_0000764	A20268G,C25624T		ORF3a:H78Y		NODE_0000764	A20268G,C25624T		ORF3a:H78Y		N/A	N/A	N/A	N/A	N/A	N/A	N/A	N/A	N/A	N/A			3000	0	good	0	10	0	good	0	24	-7	0	good	1		0	good	0		0		0	0	good		0	0	good	0				
338	MT844036.1 Severe acute respiratory syndrome coronavirus 2 isolate SARS-CoV-2/human/Guatemala/UN-CDC-3536659-001/2020, complete genome	20A	20A		20A	B.1	B.1	0	good	6	0	0	0	0	0	3	0	0	0	89622	1	29882	0.9992977293248169	E:1,M:1,N:1,ORF1a:1,ORF1b:1,ORF3a:1,ORF6:1,ORF7a:1,ORF7b:1,ORF8:1,ORF9b:1,S:1	false	C241T,C3037T,C11379T,C14408T,A20268G,A23403G				ORF1a:A3705V,ORF1b:P314L,S:D614G					C11379T	0	0	1	1			ORF1a:A3705V	0	0	1	1		NODE_0000764	C11379T,A20268G		ORF1a:A3705V		NODE_0000764	C11379T,A20268G		ORF1a:A3705V		N/A	N/A	N/A	N/A	N/A	N/A	N/A	N/A	N/A	N/A			3000	0	good	0	10	0	good	0	24	-7	0	good	1		0	good	0		0		0	0	good		0	0	good	0				
340	MT844047.1 Severe acute respiratory syndrome coronavirus 2 isolate SARS-CoV-2/human/Guatemala/UN-CDC-3536651-001/2020, complete genome	20A	20A		20A	B.1	B.1	0	good	4	0	0	0	0	0	2	0	0	0	89630	1	29882	0.9992977293248169	E:1,M:1,N:1,ORF1a:1,ORF1b:1,ORF3a:1,ORF6:1,ORF7a:1,ORF7b:1,ORF8:1,ORF9b:1,S:1	false	C241T,C14408T,A20268G,A23403G				ORF1b:P314L,S:D614G			T3037C			1	0	0	1				0	0	0	0		NODE_0000764	T3037C,A20268G				NODE_0000764	T3037C,A20268G				N/A	N/A	N/A	N/A	N/A	N/A	N/A	N/A	N/A	N/A			3000	0	good	0	10	0	good	0	24	-2	0	good	6		0	good	0		0		0	0	good		0	0	good	0				
341	MT844048.1 Severe acute respiratory syndrome coronavirus 2 isolate SARS-CoV-2/human/Guatemala/UN-CDC-3536652-001/2020, complete genome	20A	20A		20A	B.1	B.1	0	good	4	0	0	0	0	0	2	0	0	0	89630	1	29882	0.9992977293248169	E:1,M:1,N:1,ORF1a:1,ORF1b:1,ORF3a:1,ORF6:1,ORF7a:1,ORF7b:1,ORF8:1,ORF9b:1,S:1	false	C241T,C14408T,A20268G,A23403G				ORF1b:P314L,S:D614G			T3037C			1	0	0	1				0	0	0	0		NODE_0000764	T3037C,A20268G				NODE_0000764	T3037C,A20268G				N/A	N/A	N/A	N/A	N/A	N/A	N/A	N/A	N/A	N/A			3000	0	good	0	10	0	good	0	24	-2	0	good	6		0	good	0		0		0	0	good		0	0	good	0				
342	MT844049.1 Severe acute respiratory syndrome coronavirus 2 isolate SARS-CoV-2/human/Guatemala/UN-CDC-3536654-001/2020, complete genome	20A	20A		20A	B.1	B.1	0	good	5	0	0	0	0	0	2	0	0	0	89626	1	29882	0.9992977293248169	E:1,M:1,N:1,ORF1a:1,ORF1b:1,ORF3a:1,ORF6:1,ORF7a:1,ORF7b:1,ORF8:1,ORF9b:1,S:1	false	C241T,C3037T,C14408T,A20268G,A23403G				ORF1b:P314L,S:D614G						0	0	0	0				0	0	0	0		NODE_0000764	A20268G				NODE_0000764	A20268G				N/A	N/A	N/A	N/A	N/A	N/A	N/A	N/A	N/A	N/A			3000	0	good	0	10	0	good	0	24	-8	0	good	0		0	good	0		0		0	0	good		0	0	good	0				
343	MT845878.1 Severe acute respiratory syndrome coronavirus 2 isolate SARS-CoV-2/human/DEU/SC2_REGS25578139L/2020, complete genome	20C	20C		20C	B.1	B.1	0	good	9	0	0	0	0	0	6	0	0	0	89469	26	29860	0.9977259806708357	E:1,M:1,N:1,ORF1a:1,ORF1b:1,ORF3a:1,ORF6:1,ORF7a:1,ORF7b:1,ORF8:1,ORF9b:1,S:1	false	C241T,C1059T,C3037T,C13329T,C14408T,C18788T,A23403G,G25563T,A29860C				ORF1a:T265I,ORF1a:T4355I,ORF1b:P314L,ORF1b:T1774I,ORF3a:Q57H,S:D614G					C13329T,C18788T,A29860C	0	0	3	3			ORF1a:T4355I,ORF1b:T1774I	0	0	2	2		NODE_0000826	C13329T,C18788T,A29860C		ORF1a:T4355I,ORF1b:T1774I		NODE_0000764	C1059T,C13329T,C18788T,G25563T,A29860C		ORF1a:T265I,ORF1a:T4355I,ORF1b:T1774I,ORF3a:Q57H		N/A	N/A	N/A	N/A	N/A	N/A	N/A	N/A	N/A	N/A			3000	0	good	0	10	0	good	0	24	-5	0	good	3		0	good	0		0		0	0	good		0	0	good	0				
344	MT872492.1 Severe acute respiratory syndrome coronavirus 2 isolate SARS-CoV-2/human/SLE/KGH-G-8626/2020, complete genome	19B	19B		19B	A	A	0	good	11	0	0	0	5	0	6	0	0	0	89642	7	29903	0.9996321439320469	E:1,M:1,N:1,ORF1a:1,ORF1b:1,ORF3a:1,ORF6:1,ORF7a:1,ORF7b:1,ORF8:1,ORF9b:1,S:1	false	C8782T,G9802A,C10818T,A16512G,C19951T,G22468T,C25702T,G26428T,T28144C,G28878A,G29742A				E:V62F,N:S202N,ORF1a:A3518V,ORF1b:P2162S,ORF3a:P104S,ORF8:L84S					G9802A,C10818T,A16512G,C19951T,C25702T,G26428T	0	0	6	6			E:V62F,ORF1a:A3518V,ORF1b:P2162S,ORF3a:P104S	0	0	4	4	29865-29869	internal_b384	G9802A,C10818T,A16512G,C19951T,G22468T,C25702T,G26428T,G28878A,G29742A		E:V62F,N:S202N,ORF1a:A3518V,ORF1b:P2162S,ORF3a:P104S		internal_b384	G9802A,C10818T,A16512G,C19951T,G22468T,C25702T,G26428T,G28878A,G29742A		E:V62F,N:S202N,ORF1a:A3518V,ORF1b:P2162S,ORF3a:P104S		N/A	N/A	N/A	N/A	N/A	N/A	N/A	N/A	N/A	N/A			3000	0	good	5	10	0	good	0	24	-2	0	good	6		0	good	0		0		0	0	good		0	0	good	0				
345	MT872493.1 Severe acute respiratory syndrome coronavirus 2 isolate SARS-CoV-2/human/SLE/KGH-G-8604/2020, complete genome	19A	19A		19A	B.6	B.6	0	good	5	0	0	0	0	0	5	0	0	0	89551	6	29862	0.9984616928067418	E:1,M:1,N:1,ORF1a:1,ORF1b:1,ORF3a:1,ORF6:1,ORF7a:1,ORF7b:1,ORF8:1,ORF9b:1,S:1	false	C6312A,G11083T,C13730T,C23929T,C28311T				N:P13L,ORF1a:T2016K,ORF1a:L3606F,ORF1b:A88V,ORF9b:P10S						0	0	0	0				0	0	0	0		NODE_0000000	C6312A,G11083T,C13730T,C23929T,C28311T		N:P13L,ORF1a:T2016K,ORF1a:L3606F,ORF1b:A88V,ORF9b:P10S		NODE_0000755					N/A	N/A	N/A	N/A	N/A	N/A	N/A	N/A	N/A	N/A			3000	0	good	0	10	0	good	0	24	-8	0	good	0		0	good	0		0		0	0	good		0	0	good	0				
347	MT872495.1 Severe acute respiratory syndrome coronavirus 2 isolate SARS-CoV-2/human/SLE/KGH-G-8627/2020, complete genome	20A	20A		20A	B.1.379	B.1.379	0	good	6	0	0	0	5	0	2	0	0	0	89662	6	29902	0.9996321439320469	E:1,M:1,N:1,ORF1a:1,ORF1b:1,ORF3a:1,ORF6:1,ORF7a:1,ORF7b:1,ORF8:1,ORF9b:1,S:1	false	C241T,C3037T,A11782G,C14408T,A23403G,C26801G				ORF1b:P314L,S:D614G				C26801G|20E		0	1	0	1				0	0	0	0	29865-29869	NODE_0000764	A11782G,C26801G				B.1.379	C26801G				N/A	N/A	N/A	N/A	N/A	N/A	N/A	N/A	N/A	N/A			3000	0	good	5	10	0	good	0	24	-4	0	good	4		0	good	0		0		0	0	good		0	0	good	0				
346	MT872494.1 Severe acute respiratory syndrome coronavirus 2 isolate SARS-CoV-2/human/SLE/KGH-G-8607/2020, complete genome	20B	20B		20B	B.1.1	B.1.1	0	good	8	0	0	0	46	0	5	0	0	0	89574	20	29903	0.9978263050530047	E:1,M:1,N:1,ORF1a:1,ORF1b:1,ORF3a:1,ORF6:1,ORF7a:1,ORF7b:1,ORF8:1,ORF9b:1,S:1	false	C241T,C3037T,C14408T,A23403G,A25397G,G28881A,G28882A,G28883C				N:R203K,N:G204R,ORF1b:P314L,ORF3a:D2G,S:D614G					A25397G	0	0	1	1			ORF3a:D2G	0	0	1	1	29825-29870	NODE_0000922	A25397G		ORF3a:D2G		NODE_0000922	A25397G		ORF3a:D2G		N/A	N/A	N/A	N/A	N/A	N/A	N/A	N/A	N/A	N/A			3000	0	good	46	10	0	good	0	24	-7	0	good	1		0	good	0		0		0	0	good		0	0	good	0				
348	MT872496.1 Severe acute respiratory syndrome coronavirus 2 isolate SARS-CoV-2/human/SLE/KGH-G-8625/2020, complete genome	19B	19B		19B	A	A	0.694444	good	15	0	0	0	8	0	7	0	0	0	89626	6	29903	0.999565261010601	E:1,M:1,N:1,ORF1a:1,ORF1b:1,ORF3a:1,ORF6:1,ORF7a:1,ORF7b:1,ORF8:1,ORF9b:1,S:1	false	A6T,G315T,C8782T,C8950T,G9802A,C10818T,C14184T,A16512G,C19951T,G22468T,G24992C,G26428T,T28144C,G28878A,G29742A				E:V62F,N:S202N,ORF1a:S17I,ORF1a:A3518V,ORF1b:P2162S,ORF8:L84S,S:E1144Q					A6T,G315T,C8950T,G9802A,C10818T,C14184T,A16512G,C19951T,G24992C,G26428T	0	0	10	10			E:V62F,ORF1a:S17I,ORF1a:A3518V,ORF1b:P2162S,S:E1144Q	0	0	5	5	29863-29870	internal_b384	A6T,G315T,C8950T,G9802A,C10818T,C14184T,A16512G,C19951T,G22468T,G24992C,G26428T,G28878A,G29742A		E:V62F,N:S202N,ORF1a:S17I,ORF1a:A3518V,ORF1b:P2162S,S:E1144Q		internal_b384	A6T,G315T,C8950T,G9802A,C10818T,C14184T,A16512G,C19951T,G22468T,G24992C,G26428T,G28878A,G29742A		E:V62F,N:S202N,ORF1a:S17I,ORF1a:A3518V,ORF1b:P2162S,S:E1144Q		N/A	N/A	N/A	N/A	N/A	N/A	N/A	N/A	N/A	N/A			3000	0	good	8	10	0	good	0	24	2	8.333333	good	10		0	good	0		0		0	0	good		0	0	good	0				
349	MT872497.1 Severe acute respiratory syndrome coronavirus 2 isolate SARS-CoV-2/human/SLE/KGH-G-8548/2020, complete genome	20C	20C		20C	B.1	B.1	0	good	8	0	0	0	32	0	6	0	0	0	89624	8	29903	0.9986957830318028	E:1,M:1,N:1,ORF1a:1,ORF1b:1,ORF3a:1,ORF6:1,ORF7a:1,ORF7b:1,ORF8:1,ORF9b:1,S:1	false	C241T,C1059T,C3037T,G4454T,C14408T,A20755C,A23403G,G25563T				ORF1a:T265I,ORF1a:A1397S,ORF1b:P314L,ORF1b:S2430R,ORF3a:Q57H,S:D614G					G4454T,A20755C	0	0	2	2			ORF1a:A1397S,ORF1b:S2430R	0	0	2	2	29838-29869	NODE_0000826	G4454T,A20755C		ORF1a:A1397S,ORF1b:S2430R		NODE_0000764	C1059T,G4454T,A20755C,G25563T		ORF1a:T265I,ORF1a:A1397S,ORF1b:S2430R,ORF3a:Q57H		N/A	N/A	N/A	N/A	N/A	N/A	N/A	N/A	N/A	N/A			3000	0	good	32	10	0	good	0	24	-6	0	good	2		0	good	0		0		0	0	good		0	0	good	0				
353	MT872502.1 Severe acute respiratory syndrome coronavirus 2 isolate SARS-CoV-2/human/SLE/KGH-G-8549/2020, complete genome	20B	20B		20B	B.1.1	B.1.1	0	good	7	0	0	0	2	0	4	0	0	0	89667	5	29903	0.999799351235662	E:1,M:1,N:1,ORF1a:1,ORF1b:1,ORF3a:1,ORF6:1,ORF7a:1,ORF7b:1,ORF8:1,ORF9b:1,S:1	false	C241T,C3037T,C14408T,A23403G,G28881A,G28882A,G28883C				N:R203K,N:G204R,ORF1b:P314L,S:D614G						0	0	0	0				0	0	0	0	29868-29869	NODE_0000922					NODE_0000922					N/A	N/A	N/A	N/A	N/A	N/A	N/A	N/A	N/A	N/A			3000	0	good	2	10	0	good	0	24	-8	0	good	0		0	good	0		0		0	0	good		0	0	good	0				
354	MT880877.1 Severe acute respiratory syndrome coronavirus 2 isolate SARS-CoV-2/human/USA/Navy-CDC-3539459-001/2020, complete genome	20B	20B		20B	B.1.1	B.1.1	0	good	8	0	0	0	0	0	5	0	0	0	89614	1	29882	0.9992977293248169	E:1,M:1,N:1,ORF1a:1,ORF1b:1,ORF3a:1,ORF6:1,ORF7a:1,ORF7b:1,ORF8:1,ORF9b:1,S:1	false	C241T,C3037T,A7929G,C14408T,A23403G,G28881A,G28882A,G28883C				N:R203K,N:G204R,ORF1a:K2555R,ORF1b:P314L,S:D614G					A7929G	0	0	1	1			ORF1a:K2555R	0	0	1	1		NODE_0000922	A7929G		ORF1a:K2555R		NODE_0000922	A7929G		ORF1a:K2555R		N/A	N/A	N/A	N/A	N/A	N/A	N/A	N/A	N/A	N/A			3000	0	good	0	10	0	good	0	24	-7	0	good	1		0	good	0		0		0	0	good		0	0	good	0				
351	MT872499.1 Severe acute respiratory syndrome coronavirus 2 isolate SARS-CoV-2/human/SLE/KGH-G-8603/2020, complete genome	20C	20C		20C	B.1	B.1	0	good	8	0	0	0	3	0	5	0	0	0	89425	7	29826	0.9971240343778216	E:1,M:1,N:1,ORF1a:1,ORF1b:1,ORF3a:1,ORF6:1,ORF7a:1,ORF7b:1,ORF8:1,ORF9b:1,S:1	false	C241T,C1059T,C3037T,C6040T,C14408T,A23403G,G25563T,A27520T				ORF1a:T265I,ORF1b:P314L,ORF3a:Q57H,ORF7a:N43Y,S:D614G					C6040T,A27520T	0	0	2	2			ORF7a:N43Y	0	0	1	1	29816-29817,29820	NODE_0000826	C6040T,A27520T		ORF7a:N43Y		NODE_0000764	C1059T,C6040T,G25563T,A27520T		ORF1a:T265I,ORF3a:Q57H,ORF7a:N43Y		N/A	N/A	N/A	N/A	N/A	N/A	N/A	N/A	N/A	N/A			3000	0	good	3	10	0	good	0	24	-6	0	good	2		0	good	0		0		0	0	good		0	0	good	0				
350	MT872498.1 Severe acute respiratory syndrome coronavirus 2 isolate SARS-CoV-2/human/SLE/KGH-G-8669/2020, complete genome	19B	19B		19B	A	A	0	good	12	0	0	0	4	0	7	0	0	0	89651	3	29903	0.999799351235662	E:1,M:1,N:1,ORF1a:1,ORF1b:1,ORF3a:1,ORF6:1,ORF7a:1,ORF7b:1,ORF8:1,ORF9b:1,S:1	false	C8782T,G9802A,C10818T,A16512G,G19735T,C19951T,G22468T,C26299T,G26428T,T28144C,G28878A,G29742A				E:L19F,E:V62F,N:S202N,ORF1a:A3518V,ORF1b:D2090Y,ORF1b:P2162S,ORF8:L84S					G9802A,C10818T,A16512G,G19735T,C19951T,C26299T,G26428T	0	0	7	7			E:L19F,E:V62F,ORF1a:A3518V,ORF1b:D2090Y,ORF1b:P2162S	0	0	5	5	29865-29868	internal_b384	G9802A,C10818T,A16512G,G19735T,C19951T,G22468T,C26299T,G26428T,G28878A,G29742A		E:L19F,E:V62F,N:S202N,ORF1a:A3518V,ORF1b:D2090Y,ORF1b:P2162S		internal_b384	G9802A,C10818T,A16512G,G19735T,C19951T,G22468T,C26299T,G26428T,G28878A,G29742A		E:L19F,E:V62F,N:S202N,ORF1a:A3518V,ORF1b:D2090Y,ORF1b:P2162S		N/A	N/A	N/A	N/A	N/A	N/A	N/A	N/A	N/A	N/A			3000	0	good	4	10	0	good	0	24	-1	0	good	7		0	good	0		0		0	0	good		0	0	good	0				
355	MT883499.1 Severe acute respiratory syndrome coronavirus 2 isolate SARS-CoV-2/human/SRB/UE16-22-04/2020, complete genome	20D	20D		20D	B.1.1.1	B.1.1.1	0	good	14	0	0	0	0	0	9	0	0	0	89290	55	29836	0.9959535832525165	E:1,M:1,N:1,ORF1a:1,ORF1b:1,ORF3a:1,ORF6:1,ORF7a:1,ORF7b:1,ORF8:1,ORF9b:1,S:1	false	C241T,C3037T,C4002T,G10097A,C13536T,C14408T,A23403G,C23731T,G24776C,G26529T,C28057T,G28881A,G28882A,G28883C				M:D3Y,N:R203K,N:G204R,ORF1a:T1246I,ORF1a:G3278S,ORF1b:P314L,ORF8:A55V,S:D614G,S:E1072Q					G24776C,G26529T,C28057T	0	0	3	3			M:D3Y,ORF8:A55V,S:E1072Q	0	0	3	3		NODE_0000960	G24776C,G26529T,C28057T		M:D3Y,ORF8:A55V,S:E1072Q		NODE_0000960	G24776C,G26529T,C28057T		M:D3Y,ORF8:A55V,S:E1072Q		N/A	N/A	N/A	N/A	N/A	N/A	N/A	N/A	N/A	N/A			3000	0	good	0	10	0	good	0	24	-5	0	good	3		0	good	0		0		0	0	good		0	0	good	0				
356	MT883500.1 Severe acute respiratory syndrome coronavirus 2 isolate SARS-CoV-2/human/SRB/UE06-28-04/2020, complete genome	20B	20B		20B	B.1.1.70	B.1.1.70	0	good	11	0	0	0	0	0	6	0	0	0	89302	55	29836	0.9959535832525165	E:1,M:1,N:1,ORF1a:1,ORF1b:1,ORF3a:1,ORF6:1,ORF7a:1,ORF7b:1,ORF8:1,ORF9b:1,S:1	false	C241T,C3037T,G10265A,C14408T,A15972G,C19718T,A23403G,T28759C,G28881A,G28882A,G28883C				N:R203K,N:G204R,ORF1a:G3334S,ORF1b:P314L,ORF1b:T2084I,S:D614G						0	0	0	0				0	0	0	0		NODE_0000922	G10265A,A15972G,C19718T,T28759C		ORF1a:G3334S,ORF1b:T2084I		B.1.1.70					N/A	N/A	N/A	N/A	N/A	N/A	N/A	N/A	N/A	N/A			3000	0	good	0	10	0	good	0	24	-8	0	good	0		0	good	0		0		0	0	good		0	0	good	0				
352	MT872501.1 Severe acute respiratory syndrome coronavirus 2 isolate SARS-CoV-2/human/SLE/KGH-G-8790/2020, complete genome	19B	19B		19B	A	A	8.506944	good	17	0	0	0	17	0	11	0	0	0	89606	7	29903	0.9992308464033709	E:1,M:1,N:1,ORF1a:1,ORF1b:1,ORF3a:1,ORF6:1,ORF7a:1,ORF7b:1,ORF8:1,ORF9b:1,S:1	false	C8782T,G9802A,C10818T,G13900T,T14394A,A16512G,C19951T,G22468T,G26428T,G26849T,T27374C,G27703T,C27942T,T28144C,G28878A,C28887T,G29742A				E:V62F,M:M109I,N:S202N,N:T205I,ORF1a:A3518V,ORF1b:D145Y,ORF1b:P2162S,ORF6:M58T,ORF7a:V104F,ORF8:H17Y,ORF8:L84S				C28887T|21C&20H&21H&21D	G9802A,C10818T,G13900T,T14394A,A16512G,C19951T,G26428T,G26849T,T27374C,G27703T,C27942T	0	1	11	12			E:V62F,M:M109I,N:T205I,ORF1a:A3518V,ORF1b:D145Y,ORF1b:P2162S,ORF6:M58T,ORF7a:V104F,ORF8:H17Y	0	0	9	9	29852-29868	internal_b384	G9802A,C10818T,G13900T,T14394A,A16512G,C19951T,G22468T,G26428T,G26849T,T27374C,G27703T,C27942T,G28878A,C28887T,G29742A		E:V62F,M:M109I,N:S202N,N:T205I,ORF1a:A3518V,ORF1b:D145Y,ORF1b:P2162S,ORF6:M58T,ORF7a:V104F,ORF8:H17Y		internal_b384	G9802A,C10818T,G13900T,T14394A,A16512G,C19951T,G22468T,G26428T,G26849T,T27374C,G27703T,C27942T,G28878A,C28887T,G29742A		E:V62F,M:M109I,N:S202N,N:T205I,ORF1a:A3518V,ORF1b:D145Y,ORF1b:P2162S,ORF6:M58T,ORF7a:V104F,ORF8:H17Y		N/A	N/A	N/A	N/A	N/A	N/A	N/A	N/A	N/A	N/A			3000	0	good	17	10	0	good	0	24	7	29.166667	good	15		0	good	0		0		0	0	good		0	0	good	0				
358	MT890462.1 Severe acute respiratory syndrome coronavirus 2 isolate SARS-CoV-2/human/RUS/20200417_10/2020, complete genome	20B	20B		20B	B.1.1	B.1.1	0	good	8	0	0	0	0	0	4	0	0	0	89677	1	29903	1	E:1,M:1,N:1,ORF1a:1,ORF1b:1,ORF3a:1,ORF6:1,ORF7a:1,ORF7b:1,ORF8:1,ORF9b:1,S:1	false	C241T,C3037T,C14408T,T19839C,A23403G,G28881A,G28882A,G28883C				N:R203K,N:G204R,ORF1b:P314L,S:D614G						0	0	0	0				0	0	0	0		NODE_0000922	T19839C				NODE_0000922	T19839C				N/A	N/A	N/A	N/A	N/A	N/A	N/A	N/A	N/A	N/A			3000	0	good	0	10	0	good	0	24	-8	0	good	0		0	good	0		0		0	0	good		0	0	good	0				
359	MT907515.1 Severe acute respiratory syndrome coronavirus 2 isolate SARS-CoV-2/human/VEN/1Z/2020, complete genome	19B	19B		19B	A.2	A.2	0	good	11	0	0	0	0	0	7	0	0	0	89386	52	29861	0.9968899441527606	E:1,M:1,N:1,ORF1a:1,ORF1b:1,ORF3a:1,ORF6:1,ORF7a:1,ORF7b:1,ORF8:1,ORF9b:1,S:1	false	T1116C,C8782T,T9477A,C14805T,A15498G,G23516A,G23724T,G25979T,T28144C,C28657T,C28863T				N:S197L,ORF1a:I284T,ORF1a:F3071Y,ORF3a:G196V,ORF8:L84S,S:G652R,S:S721I					T1116C,A15498G,G23516A,G23724T	0	0	4	4			ORF1a:I284T,S:G652R,S:S721I	0	0	3	3		internal_b384	T1116C,T9477A,C14805T,A15498G,G23516A,G23724T,G25979T,C28657T,C28863T		N:S197L,ORF1a:I284T,ORF1a:F3071Y,ORF3a:G196V,S:G652R,S:S721I		NODE_0000757	T1116C,A15498G,G23516A,G23724T		ORF1a:I284T,S:G652R,S:S721I		N/A	N/A	N/A	N/A	N/A	N/A	N/A	N/A	N/A	N/A			3000	0	good	0	10	0	good	0	24	-4	0	good	4		0	good	0		0		0	0	good		0	0	good	0				
360	MT907516.1 Severe acute respiratory syndrome coronavirus 2 isolate SARS-CoV-2/human/VEN/3NE/2020, complete genome	20C	20C		20C	B.1	B.1	2.777778	good	11	9	0	0	0	0	8	3	0	0	89402	40	29866	0.9974584489850516	E:1,M:1,N:1,ORF1a:1,ORF1b:1,ORF3a:1,ORF6:1,ORF7a:1,ORF7b:1,ORF8:1,ORF9b:1,S:1	false	C241T,C635T,C1059T,G2101T,C3037T,T7425C,T10504C,C14408T,A23403G,G25563T,C28253T	510-518			ORF1a:M85V,ORF1a:R124C,ORF1a:T265I,ORF1a:W612C,ORF1a:F2387S,ORF1b:P314L,ORF3a:Q57H,S:D614G	ORF1a:G82-,ORF1a:H83-,ORF1a:V84-			C635T|25I,C28253T|20H&21G	G2101T,T7425C,T10504C	0	2	3	5			ORF1a:M85V,ORF1a:R124C,ORF1a:W612C,ORF1a:F2387S	0	0	4	4		NODE_0000826	C635T,G2101T,T7425C,T10504C,C28253T	510-518	ORF1a:M85V,ORF1a:R124C,ORF1a:W612C,ORF1a:F2387S	ORF1a:G82-,ORF1a:H83-,ORF1a:V84-	NODE_0000764	C635T,C1059T,G2101T,T7425C,T10504C,G25563T,C28253T	510-518	ORF1a:M85V,ORF1a:R124C,ORF1a:T265I,ORF1a:W612C,ORF1a:F2387S,ORF3a:Q57H	ORF1a:G82-,ORF1a:H83-,ORF1a:V84-	N/A	N/A	N/A	N/A	N/A	N/A	N/A	N/A	N/A	N/A			3000	0	good	0	10	0	good	0	24	4	16.666667	good	12		0	good	0		0		0	0	good		0	0	good	0				
357	MT890240.1 Severe acute respiratory syndrome coronavirus 2 isolate SARS-CoV-2/human/GHA/2709_S25/2020, complete genome	20A	20A		20A	B.1	B.1	0	good	10	0	0	0	28	0	6	0	0	11	89407	40	29864	0.9964552051633615	E:1,M:1,N:1,ORF1a:1,ORF1b:1,ORF3a:0.9855072463768116,ORF6:1,ORF7a:1,ORF7b:1,ORF8:1,ORF9b:1,S:0.9945054945054945	false	C241T,T1873G,C3037T,C14408T,C16699T,A20268G,C20629T,A23403G,C27211A,G29734C				ORF1a:F536L,ORF1b:P314L,ORF1b:R1078C,ORF1b:H2388Y,ORF6:L4I,S:D614G					T1873G,C16699T,C20629T,C27211A,G29734C	0	0	5	5			ORF1a:F536L,ORF1b:R1078C,ORF1b:H2388Y,ORF6:L4I	0	0	4	4	22338-22346,22517-22523,25704-25715	NODE_0000764	T1873G,C16699T,A20268G,C20629T,C27211A,G29734C		ORF1a:F536L,ORF1b:R1078C,ORF1b:H2388Y,ORF6:L4I		NODE_0000764	T1873G,C16699T,A20268G,C20629T,C27211A,G29734C		ORF1a:F536L,ORF1b:R1078C,ORF1b:H2388Y,ORF6:L4I		N/A	N/A	N/A	N/A	N/A	N/A	N/A	N/A	N/A	N/A	S:259-262,S:319-321,ORF3a:105-108		3000	0	good	28	10	0	good	0	24	-3	0	good	5		0	good	0		0		0	0	good		0	0	good	0				
362	MT907519.1 Severe acute respiratory syndrome coronavirus 2 isolate SARS-CoV-2/human/VEN/17M/2020, complete genome	20A	20A		20A	B.1	B.1	0	good	9	0	0	0	0	0	4	0	0	0	89415	47	29863	0.9971240343778216	E:1,M:1,N:1,ORF1a:1,ORF1b:1,ORF3a:1,ORF6:1,ORF7a:1,ORF7b:1,ORF8:1,ORF9b:1,S:1	false	C241T,G564T,C3037T,T10162C,C14408T,A20268G,A23403G,G29210T,G29734C				N:A313S,ORF1a:S100I,ORF1b:P314L,S:D614G					G564T,T10162C,G29210T,G29734C	0	0	4	4			N:A313S,ORF1a:S100I	0	0	2	2		NODE_0000764	G564T,T10162C,A20268G,G29210T,G29734C		N:A313S,ORF1a:S100I		NODE_0000764	G564T,T10162C,A20268G,G29210T,G29734C		N:A313S,ORF1a:S100I		N/A	N/A	N/A	N/A	N/A	N/A	N/A	N/A	N/A	N/A			3000	0	good	0	10	0	good	0	24	-4	0	good	4		0	good	0		0		0	0	good		0	0	good	0				
363	MT913119.1 Severe acute respiratory syndrome coronavirus 2 isolate SARS-CoV-2/human/DEU/SCoV2_2O/2020, complete genome	20B	20B		20B	B.1.1	B.1.1	0	good	8	0	0	0	0	0	5	0	0	0	89578	1	29870	0.9988964317961408	E:1,M:1,N:1,ORF1a:1,ORF1b:1,ORF3a:1,ORF6:1,ORF7a:1,ORF7b:1,ORF8:1,ORF9b:1,S:1	false	C241T,C3037T,C3373A,C14408T,A23403G,G28881A,G28882A,G28883C				N:R203K,N:G204R,ORF1a:D1036E,ORF1b:P314L,S:D614G					C3373A	0	0	1	1			ORF1a:D1036E	0	0	1	1		NODE_0000922	C3373A		ORF1a:D1036E		NODE_0000922	C3373A		ORF1a:D1036E		N/A	N/A	N/A	N/A	N/A	N/A	N/A	N/A	N/A	N/A			3000	0	good	0	10	0	good	0	24	-7	0	good	1		0	good	0		0		0	0	good		0	0	good	0				
361	MT907517.1 Severe acute respiratory syndrome coronavirus 2 isolate SARS-CoV-2/human/VEN/8LR/2020, complete genome	20B	20B		20B	B.1.1	B.1.1	0	good	11	0	0	0	0	0	8	0	0	0	89335	71	29863	0.9963214393204696	E:1,M:1,N:1,ORF1a:1,ORF1b:1,ORF3a:1,ORF6:1,ORF7a:1,ORF7b:1,ORF8:1,ORF9b:1,S:1	false	C241T,C3037T,T8336C,T9357C,C14408T,A23403G,T24736G,A26434G,G28881A,G28882A,G28883C				E:N64D,N:R203K,N:G204R,ORF1a:C2691R,ORF1a:F3031S,ORF1b:P314L,S:D614G,S:H1058Q					T8336C,T9357C,T24736G,A26434G	0	0	4	4			E:N64D,ORF1a:C2691R,ORF1a:F3031S,S:H1058Q	0	0	4	4		NODE_0000922	T8336C,T9357C,T24736G,A26434G		E:N64D,ORF1a:C2691R,ORF1a:F3031S,S:H1058Q		NODE_0000922	T8336C,T9357C,T24736G,A26434G		E:N64D,ORF1a:C2691R,ORF1a:F3031S,S:H1058Q		N/A	N/A	N/A	N/A	N/A	N/A	N/A	N/A	N/A	N/A			3000	0	good	0	10	0	good	0	24	-4	0	good	4		0	good	0		0		0	0	good		0	0	good	0				
364	MT919768.1 Severe acute respiratory syndrome coronavirus 2 isolate SARS-CoV-2/human/PHL/GS/2020, complete genome	19A	19A		19A	B.6	B.6	0	good	7	0	0	0	0	0	5	0	0	0	89411	39	29851	0.9969902685349296	E:1,M:1,N:1,ORF1a:1,ORF1b:1,ORF3a:1,ORF6:1,ORF7a:1,ORF7b:1,ORF8:1,ORF9b:1,S:1	false	C66T,C6312A,G11083T,C13730T,C23929T,C26224T,C28311T				N:P13L,ORF1a:T2016K,ORF1a:L3606F,ORF1b:A88V,ORF9b:P10S					C66T,C26224T	0	0	2	2				0	0	0	0		NODE_0000000	C66T,C6312A,G11083T,C13730T,C23929T,C26224T,C28311T		N:P13L,ORF1a:T2016K,ORF1a:L3606F,ORF1b:A88V,ORF9b:P10S		NODE_0000755	C66T,C26224T				N/A	N/A	N/A	N/A	N/A	N/A	N/A	N/A	N/A	N/A			3000	0	good	0	10	0	good	0	24	-6	0	good	2		0	good	0		0		0	0	good		0	0	good	0				
366	LR877918.1 Severe acute respiratory syndrome coronavirus 2 isolate hCov-19/Netherlands/ZuidHolland_79/2020 genome assembly, complete genome: monopartite	20C	20C		20C	B.1	B.1	225	bad	7	3	0	2	0	0	4	2	0	4407	89300	44	29829	0.9960873490954085	E:1,M:1,N:1,ORF1a:0.11747330152238128,ORF1b:0.8060089020771514,ORF3a:1,ORF6:1,ORF7a:1,ORF7b:1,ORF8:1,ORF9b:1,S:1	false	C241T,C1059T,C3037T,C14408T,C18894T,A23403G,G25563T	1814,11075,19984		ORF1a:518-4401,ORF1b:2174-2696	ORF1a:T265I,ORF1b:P314L,ORF3a:Q57H,S:D614G	ORF1a:K517-,ORF1b:F2173-			C18894T|24A&24E&25C&24C&24F&24B&25A&24G&rec&24H&25D&25G&24I&25E&25H&25F		0	1	0	1				0	0	0	0		NODE_0000826	C18894T	1814,11075,19984		ORF1a:K517-,ORF1b:F2173-	NODE_0000764	C1059T,C18894T,G25563T	1814,11075,19984	ORF1a:T265I,ORF3a:Q57H	ORF1a:K517-,ORF1b:F2173-	N/A	N/A	N/A	N/A	N/A	N/A	N/A	N/A	N/A	N/A	ORF1a:518-4401,ORF1b:2174-2696		3000	0	good	0	10	0	good	0	24	-1	0	good	7		0	good	0	ORF1a:518-4401,ORF1b:2174-2696	2		0	150	bad		0	0	good	0				
371	MT956911.1 Severe acute respiratory syndrome coronavirus 2 isolate SARS-CoV-2/human/ESP/HUD-70064673/2020, complete genome	19B	19B		19B	A.2	A.2	0	good	6	0	0	0	0	0	3	0	0	0	89685	1	29903	1	E:1,M:1,N:1,ORF1a:1,ORF1b:1,ORF3a:1,ORF6:1,ORF7a:1,ORF7b:1,ORF8:1,ORF9b:1,S:1	false	C8782T,T9477A,C14805T,T28144C,C28657T,C28863T				N:S197L,ORF1a:F3071Y,ORF8:L84S			T25979G			1	0	0	1	ORF3a:V196G			1	0	0	1		internal_b384	T9477A,C14805T,C28657T,C28863T		N:S197L,ORF1a:F3071Y		NODE_0000757	T25979G		ORF3a:V196G		N/A	N/A	N/A	N/A	N/A	N/A	N/A	N/A	N/A	N/A			3000	0	good	0	10	0	good	0	24	-2	0	good	6		0	good	0		0		0	0	good		0	0	good	0				
367	LR877779.1 Severe acute respiratory syndrome coronavirus 2 isolate hCov-19/Netherlands/NA_177/2020 genome assembly, complete genome: monopartite	20A	20A		20A	B.1	B.1	507.812500	bad	8	4	0	3	0	0	5	3	0	3479	89286	44	29829	0.9960873490954085	E:1,M:0.06278026905829596,N:1,ORF1a:0.37582367643717335,ORF1b:0.8060089020771514,ORF3a:1,ORF6:1,ORF7a:1,ORF7b:1,ORF8:1,ORF9b:1,S:1	false	C241T,C3037T,G11596T,C14408T,G23126T,A23403G,G25606T,A26530G	5225,11075,19984,26562		ORF1a:1655-4401,ORF1b:2174-2696,M:15-223	M:D3G,ORF1b:P314L,ORF3a:A72S,S:A522S,S:D614G	M:K14-,ORF1a:K1654-,ORF1b:F2173-			A26530G|21K	G11596T,G23126T,G25606T	0	1	3	4			M:D3G,ORF3a:A72S,S:A522S	0	0	3	3		NODE_0000764	G11596T,G23126T,G25606T,A26530G	5225,11075,19984,26562	M:D3G,ORF3a:A72S,S:A522S	M:K14-,ORF1a:K1654-,ORF1b:F2173-	NODE_0000764	G11596T,G23126T,G25606T,A26530G	5225,11075,19984,26562	M:D3G,ORF3a:A72S,S:A522S	M:K14-,ORF1a:K1654-,ORF1b:F2173-	N/A	N/A	N/A	N/A	N/A	N/A	N/A	N/A	N/A	N/A	ORF1a:1655-4401,ORF1b:2174-2696,M:15-223		3000	0	good	0	10	0	good	0	24	3	12.500000	good	11		0	good	0	ORF1a:1655-4401,ORF1b:2174-2696,M:15-223	3		0	225	bad		0	0	good	0				
370	MT955161.1 Severe acute respiratory syndrome coronavirus 2 isolate SARS-CoV-2/human/TUR/Trabzon_1708-2020/2020, complete genome	20C	20C		20C	B.1	B.1	0	good	9	0	0	0	0	0	6	0	0	0	89520	1	29852	0.9982944855031268	E:1,M:1,N:1,ORF1a:1,ORF1b:1,ORF3a:1,ORF6:1,ORF7a:1,ORF7b:1,ORF8:1,ORF9b:1,S:1	false	C241T,C1059T,C3037T,A6018G,C14408T,A16998T,A23403G,G25563T,C25721T				ORF1a:T265I,ORF1a:Q1918R,ORF1b:P314L,ORF3a:Q57H,ORF3a:A110V,S:D614G				C25721T|23C	A6018G,A16998T	0	1	2	3			ORF1a:Q1918R,ORF3a:A110V	0	0	2	2		NODE_0000826	A6018G,A16998T,C25721T		ORF1a:Q1918R,ORF3a:A110V		NODE_0000764	C1059T,A6018G,A16998T,G25563T,C25721T		ORF1a:T265I,ORF1a:Q1918R,ORF3a:Q57H,ORF3a:A110V		N/A	N/A	N/A	N/A	N/A	N/A	N/A	N/A	N/A	N/A			3000	0	good	0	10	0	good	0	24	-2	0	good	6		0	good	0		0		0	0	good		0	0	good	0				
365	LR877905.1 Severe acute respiratory syndrome coronavirus 2 isolate hCov-19/Netherlands/NA_210/2020 genome assembly, complete genome: monopartite	20A	20A		20A	B.1.22	B.1.22	1407.812500	bad	8	7	0	5	0	0	5	6	0	4079	89256	44	29829	0.9960873490954085	E:1,M:0.06278026905829596,N:0.8785714285714286,ORF1a:0.298795728243581,ORF1b:0.8060089020771514,ORF3a:0.2391304347826087,ORF6:1,ORF7a:1,ORF7b:1,ORF8:1,ORF9b:1,S:1	false	C241T,C1594T,C3037T,C11109T,C14408T,G16852T,A23403G,G25563T	1814,9812,11075,19984,25588,26562,29378		ORF1a:518-3603,ORF1b:2174-2696,ORF3a:67-276,M:15-223,N:370-420	ORF1a:A3615V,ORF1b:P314L,ORF1b:G1129C,ORF3a:Q57H,S:D614G	M:K14-,N:K369-,ORF1a:K517-,ORF1a:F3604-,ORF1b:F2173-,ORF3a:K66-			G16852T|21B		0	1	0	1			ORF1b:G1129C	0	0	1	1		NODE_0000764	C1594T,C11109T,G16852T,G25563T	1814,9812,11075,19984,25588,26562,29378	ORF1a:A3615V,ORF1b:G1129C,ORF3a:Q57H	M:K14-,N:K369-,ORF1a:K517-,ORF1a:F3604-,ORF1b:F2173-,ORF3a:K66-	B.1.22	G16852T	1814,9812,11075,19984,25588,26562,29378	ORF1b:G1129C	M:K14-,N:K369-,ORF1a:K517-,ORF1a:F3604-,ORF1b:F2173-,ORF3a:K66-	N/A	N/A	N/A	N/A	N/A	N/A	N/A	N/A	N/A	N/A	ORF1a:518-3603,ORF1b:2174-2696,ORF3a:67-276,M:15-223,N:370-420		3000	0	good	0	10	0	good	0	24	3	12.500000	good	11		0	good	0	ORF1a:518-3603,ORF1b:2174-2696,ORF3a:67-276,M:15-223,N:370-420	5		0	375	bad		0	0	good	0				
368	LR878098.1 Severe acute respiratory syndrome coronavirus 2 isolate hCov-19/Netherlands/NoordBrabant_66/2020 genome assembly, complete genome: monopartite	19A	19A		19A	B.55	B.55	2790.277778	bad	3	19	0	7	0	0	0	12	0	4818	89169	44	29829	0.9960873490954085	E:1,M:0.06278026905829596,N:0.8785714285714286,ORF1a:0.47739150193137925,ORF1b:0.25,ORF3a:1,ORF6:1,ORF7a:1,ORF7b:1,ORF8:1,ORF9b:1,S:0.814756671899529	false	T514C,C17410T,C18647T	1605-1607,1631,1814,3413,5225,8465,8906,9629,9812,11075,13915,16633,19984,24674,25103,26562,29378		ORF1a:457-1049,ORF1a:1655-2880,ORF1a:3123-3603,ORF1b:151-2172,S:1039-1274,M:15-223,N:370-420		M:K14-,N:K369-,ORF1a:D448-,ORF1a:K456-,ORF1a:K1050-,ORF1a:K1654-,ORF1a:F2881-,ORF1a:F3122-,ORF1a:F3604-,ORF1b:K150-,ORF1b:F2173-,S:K1038-			C17410T|21L&22B&22E&23A&22C&24A&22A&23F&23D&23B&22D&24E&22F&25C&rec&23C&24C&24F&23E&24B&23H&25B&25A&24G&23I&23G&24H&24D&25D&24I&25G&25E&25H&25F	C18647T	0	1	1	2				0	0	0	0		NODE_0000000	T514C,C17410T,C18647T	1605-1607,1631,1814,3413,5225,8465,8906,9629,9812,11075,13915,16633,19984,24674,25103,26562,29378		M:K14-,N:K369-,ORF1a:D448-,ORF1a:K456-,ORF1a:K1050-,ORF1a:K1654-,ORF1a:F2881-,ORF1a:F3122-,ORF1a:F3604-,ORF1b:K150-,ORF1b:F2173-,S:K1038-	B.55	C17410T,C18647T	1605-1607,1631,1814,3413,5225,8465,8906,9629,9812,11075,13915,16633,19984,24674,25103,26562,29378		M:K14-,N:K369-,ORF1a:D448-,ORF1a:K456-,ORF1a:K1050-,ORF1a:K1654-,ORF1a:F2881-,ORF1a:F3122-,ORF1a:F3604-,ORF1b:K150-,ORF1b:F2173-,S:K1038-	N/A	N/A	N/A	N/A	N/A	N/A	N/A	N/A	N/A	N/A	ORF1a:457-1049,ORF1a:1655-2880,ORF1a:3123-3603,ORF1b:151-2172,S:1039-1274,M:15-223,N:370-420		3000	0	good	0	10	0	good	0	24	14	58.333333	mediocre	22		0	good	0	ORF1a:457-1049,ORF1a:1655-2880,ORF1a:3123-3603,ORF1b:151-2172,S:1039-1274,M:15-223,N:370-420	7		0	525	bad		0	0	good	0				
373	MT970783.1 Severe acute respiratory syndrome coronavirus 2 isolate SARS-CoV-2/human/AUS/VIC4473/2020, complete genome	20F	20F		20F	B.1.1.25.2	D.2	0	good	15	0	0	0	0	0	6	0	0	0	89361	39	29845	0.9967896197705916	E:1,M:1,N:1,ORF1a:1,ORF1b:1,ORF3a:1,ORF6:1,ORF7a:1,ORF7b:1,ORF8:1,ORF9b:1,S:1	false	C241T,A1163T,C3037T,T7540C,C14408T,G16647T,C18555T,G22992A,G23401A,A23403G,G28881A,G28882A,G28883C,G29692T,G29777T				N:R203K,N:G204R,ORF1a:I300F,ORF1b:P314L,S:S477N,S:D614G					G29692T,G29777T	0	0	2	2				0	0	0	0		D.2	G29692T,G29777T				D.2	G29692T,G29777T				N/A	N/A	N/A	N/A	N/A	N/A	N/A	N/A	N/A	N/A			3000	0	good	0	10	0	good	0	24	-6	0	good	2		0	good	0		0		0	0	good		0	0	good	0				
372	MT969490.1 Severe acute respiratory syndrome coronavirus 2 isolate SARS-CoV-2/human/AUS/VIC2496/2020, complete genome	20F	20F		20F	B.1.1.25.2	D.2	0	good	13	0	0	0	0	0	6	0	0	0	89393	39	29853	0.9970571514563756	E:1,M:1,N:1,ORF1a:1,ORF1b:1,ORF3a:1,ORF6:1,ORF7a:1,ORF7b:1,ORF8:1,ORF9b:1,S:1	false	C241T,A1163T,C3037T,T7540C,C14408T,G16647T,C18555T,G22992A,G23401A,A23403G,G28881A,G28882A,G28883C				N:R203K,N:G204R,ORF1a:I300F,ORF1b:P314L,S:S477N,S:D614G						0	0	0	0				0	0	0	0		D.2					D.2					N/A	N/A	N/A	N/A	N/A	N/A	N/A	N/A	N/A	N/A			3000	0	good	0	10	0	good	0	24	-8	0	good	0		0	good	0		0		0	0	good		0	0	good	0				
375	MT970788.1 Severe acute respiratory syndrome coronavirus 2 isolate SARS-CoV-2/human/AUS/VIC4523/2020, complete genome	20F	20F		20F	B.1.1.25.2	D.2	0	good	14	0	0	0	0	0	6	0	0	0	89335	48	29844	0.9964552051633615	E:1,M:1,N:1,ORF1a:1,ORF1b:1,ORF3a:1,ORF6:1,ORF7a:1,ORF7b:1,ORF8:1,ORF9b:1,S:1	false	C241T,A1163T,C3037T,T7540C,C12784T,C14408T,G16647T,C18555T,G22992A,G23401A,A23403G,G28881A,G28882A,G28883C				N:R203K,N:G204R,ORF1a:I300F,ORF1b:P314L,S:S477N,S:D614G					C12784T	0	0	1	1				0	0	0	0		D.2	C12784T				D.2	C12784T				N/A	N/A	N/A	N/A	N/A	N/A	N/A	N/A	N/A	N/A			3000	0	good	0	10	0	good	0	24	-7	0	good	1		0	good	0		0		0	0	good		0	0	good	0				
369	LR878302.1 Severe acute respiratory syndrome coronavirus 2 isolate hCoV-19/Netherlands/Overijssel_2/2020 genome assembly, complete genome: monopartite	19A	19A		19A	B.55	B.55	1416.201032	bad	2	12	0	5	1082	0	1	6	0	3333	88082	44	29803	0.9590342106143196	E:1,M:0.06278026905829596,N:0.8785714285714286,ORF1a:0.5287434673937741,ORF1b:0.9061572700296736,ORF3a:1,ORF6:1,ORF7a:1,ORF7b:1,ORF8:1,ORF9b:1,S:0.41444270015698587	false	T514C,C18647T	1605-1607,1814,3413,4383,9812,11075,23144,23966,26562,29378		ORF1a:518-1373,ORF1a:3184-4401,S:529-1274,M:15-223,N:370-420	ORF1b:P1727L	M:K14-,N:K369-,ORF1a:D448-,ORF1a:K517-,ORF1a:F3183-,S:K528-				C18647T	0	0	1	1			ORF1b:P1727L	0	0	1	1	44-84,3231-3235,13085-13354,13785-14036,19815-20075,20431-20675,29796-29803	NODE_0000000	T514C,C18647T	1605-1607,1814,3413,4383,9812,11075,23144,23966,26562,29378	ORF1b:P1727L	M:K14-,N:K369-,ORF1a:D448-,ORF1a:K517-,ORF1a:F3183-,S:K528-	B.55	C18647T	1605-1607,1814,3413,4383,9812,11075,23144,23966,26562,29378	ORF1b:P1727L	M:K14-,N:K369-,ORF1a:D448-,ORF1a:K517-,ORF1a:F3183-,S:K528-	N/A	N/A	N/A	N/A	N/A	N/A	N/A	N/A	N/A	N/A	ORF1a:518-1373,ORF1a:3184-4401,ORF1b:107-190,ORF1b:2117-2203,ORF1b:2322-2403,S:529-1274,M:15-223,N:370-420		3000	28.962963	good	1082	10	0	good	0	24	3	12.500000	good	11		0	good	0	ORF1a:518-1373,ORF1a:3184-4401,S:529-1274,M:15-223,N:370-420	5		0	375	bad		0	0	good	0				
374	MT970784.1 Severe acute respiratory syndrome coronavirus 2 isolate SARS-CoV-2/human/AUS/VIC4521/2020, complete genome	20F	20F		20F	B.1.1.25.2	D.2	0	good	15	0	0	0	0	0	6	0	0	0	89352	50	29853	0.9966892953884225	E:1,M:1,N:1,ORF1a:1,ORF1b:1,ORF3a:1,ORF6:1,ORF7a:1,ORF7b:1,ORF8:1,ORF9b:1,S:1	false	C241T,A1163T,C3037T,T7540C,C14408T,G16647T,C18555T,G22992A,G23401A,A23403G,G28881A,G28882A,G28883C,G29692T,G29777T				N:R203K,N:G204R,ORF1a:I300F,ORF1b:P314L,S:S477N,S:D614G					G29692T,G29777T	0	0	2	2				0	0	0	0		D.2	G29692T,G29777T				D.2	G29692T,G29777T				N/A	N/A	N/A	N/A	N/A	N/A	N/A	N/A	N/A	N/A			3000	0	good	0	10	0	good	0	24	-6	0	good	2		0	good	0		0		0	0	good		0	0	good	0				
376	MT971209.1 Severe acute respiratory syndrome coronavirus 2 isolate SARS-CoV-2/human/AUS/VIC5274/2020, complete genome	20F	20F		20F	B.1.1.25.2	D.2	0	good	15	0	0	0	0	0	8	0	0	0	89415	27	29851	0.9973915660636057	E:1,M:1,N:1,ORF1a:1,ORF1b:1,ORF3a:1,ORF6:1,ORF7a:1,ORF7b:1,ORF8:1,ORF9b:1,S:1	false	C241T,A1163T,C3037T,T7540C,C14408T,C15352T,G16647T,C18555T,G22992A,G23401A,A23403G,A26162G,G28881A,G28882A,G28883C				N:R203K,N:G204R,ORF1a:I300F,ORF1b:P314L,ORF1b:L629F,ORF3a:N257S,S:S477N,S:D614G					C15352T,A26162G	0	0	2	2			ORF1b:L629F,ORF3a:N257S	0	0	2	2		D.2	C15352T,A26162G		ORF1b:L629F,ORF3a:N257S		D.2	C15352T,A26162G		ORF1b:L629F,ORF3a:N257S		N/A	N/A	N/A	N/A	N/A	N/A	N/A	N/A	N/A	N/A			3000	0	good	0	10	0	good	0	24	-6	0	good	2		0	good	0		0		0	0	good		0	0	good	0				
377	MT971775.1 Severe acute respiratory syndrome coronavirus 2 isolate SARS-CoV-2/human/AUS/VIC5967/2020, complete genome	20B	20B		20B	B.1.1.25	B.1.1.25	0	good	12	0	0	0	0	0	7	0	0	0	89343	55	29851	0.9964552051633615	E:1,M:1,N:1,ORF1a:1,ORF1b:1,ORF3a:1,ORF6:1,ORF7a:1,ORF7b:1,ORF8:1,ORF9b:1,S:1	false	C241T,C506T,A1163T,C3037T,C7600T,G7798T,C14408T,A23403G,T23548C,G28881A,G28882A,G28883C				N:R203K,N:G204R,ORF1a:H81Y,ORF1a:I300F,ORF1a:K2511N,ORF1b:P314L,S:D614G					C506T,C7600T,G7798T,T23548C	0	0	4	4			ORF1a:H81Y,ORF1a:K2511N	0	0	2	2		NODE_0000922	C506T,A1163T,C7600T,G7798T,T23548C		ORF1a:H81Y,ORF1a:I300F,ORF1a:K2511N		B.1.1.25	C506T,C7600T,G7798T,T23548C		ORF1a:H81Y,ORF1a:K2511N		N/A	N/A	N/A	N/A	N/A	N/A	N/A	N/A	N/A	N/A			3000	0	good	0	10	0	good	0	24	-4	0	good	4		0	good	0		0		0	0	good		0	0	good	0				
380	MT973409.1 Severe acute respiratory syndrome coronavirus 2 isolate SARS-CoV-2/human/AUS/TAS77/2020, complete genome	19B	19B		19B	A.2	A.2	0	good	11	0	0	0	0	0	7	0	0	0	89395	39	29851	0.9969902685349296	E:1,M:1,N:1,ORF1a:1,ORF1b:1,ORF3a:1,ORF6:1,ORF7a:1,ORF7b:1,ORF8:1,ORF9b:1,S:1	false	C4540T,A4624G,C8782T,T9477A,C14805T,G25979T,G26062T,T28144C,C28311T,C28657T,C28863T				N:P13L,N:S197L,ORF1a:F3071Y,ORF3a:G196V,ORF3a:G224C,ORF8:L84S,ORF9b:P10S				C28311T|21K&21L&22B&22E&23A&24A&22C&22A&23F&23D&23B&24E&22D&22F&25C&rec&23C&24C&24F&23E&24B&23H&25B&25A&24G&23I&23G&24H&21G&24D&21M&25D&24I&25G&25E&25H&25I&25F	C4540T,A4624G,G26062T	0	1	3	4			N:P13L,ORF3a:G224C,ORF9b:P10S	0	0	3	3		internal_b384	C4540T,A4624G,T9477A,C14805T,G25979T,G26062T,C28311T,C28657T,C28863T		N:P13L,N:S197L,ORF1a:F3071Y,ORF3a:G196V,ORF3a:G224C,ORF9b:P10S		NODE_0000757	C4540T,A4624G,G26062T,C28311T		N:P13L,ORF3a:G224C,ORF9b:P10S		N/A	N/A	N/A	N/A	N/A	N/A	N/A	N/A	N/A	N/A			3000	0	good	0	10	0	good	0	24	-1	0	good	7		0	good	0		0		0	0	good		0	0	good	0				
378	MT973381.1 Severe acute respiratory syndrome coronavirus 2 isolate SARS-CoV-2/human/AUS/TAS46/2020, complete genome	19B	19B		19B	A.1	A.1	0	good	7	0	0	0	206	0	5	0	0	70	89205	39	29851	0.9901013276259907	E:1,M:1,N:0.9047619047619048,ORF1a:1,ORF1b:1,ORF3a:1,ORF6:1,ORF7a:1,ORF7b:1,ORF8:1,ORF9b:1,S:0.9764521193092621	false	G374A,C8782T,C17747T,A17858G,C18060T,G24095T,T28144C				ORF1a:E37K,ORF1b:P1427L,ORF1b:Y1464C,ORF8:L84S,S:A845S					G374A,G24095T	0	0	2	2			ORF1a:E37K,S:A845S	0	0	2	2	22334-22423,29042-29074,29076-29140,29142-29159	internal_b384	G374A,C17747T,A17858G,C18060T,G24095T		ORF1a:E37K,ORF1b:P1427L,ORF1b:Y1464C,S:A845S		A.1	G374A,G24095T		ORF1a:E37K,S:A845S		N/A	N/A	N/A	N/A	N/A	N/A	N/A	N/A	N/A	N/A	S:258-287,N:257-296		3000	0	good	206	10	0	good	0	24	-6	0	good	2		0	good	0		0		0	0	good		0	0	good	0				
382	MW011768.1 Severe acute respiratory syndrome coronavirus 2 isolate SARS-CoV-2/human/CHN/P11-SARS-CoV-2/2020, complete genome	19A	19A		19A	B	B	0	good	2	0	0	0	0	0	1	0	0	0	89701	1	29903	1	E:1,M:1,N:1,ORF1a:1,ORF1b:1,ORF3a:1,ORF6:1,ORF7a:1,ORF7b:1,ORF8:1,ORF9b:1,S:1	false	C15951T,T25525A				ORF3a:W45R					C15951T,T25525A	0	0	2	2			ORF3a:W45R	0	0	1	1		NODE_0000000	C15951T,T25525A		ORF3a:W45R		NODE_0000000	C15951T,T25525A		ORF3a:W45R		N/A	N/A	N/A	N/A	N/A	N/A	N/A	N/A	N/A	N/A			3000	0	good	0	10	0	good	0	24	-6	0	good	2		0	good	0		0		0	0	good		0	0	good	0				
383	MW023935.1 Severe acute respiratory syndrome coronavirus 2 isolate SARS-CoV-2/human/PER/cov001/2020, complete genome	20D	20D		20D	B.1.1.1	B.1.1.1	0	good	12	1	0	0	0	0	6	0	0	0	88506	176	29696	0.9872253620038123	E:1,M:1,N:1,ORF1a:1,ORF1b:1,ORF3a:1,ORF6:1,ORF7a:1,ORF7b:1,ORF8:1,ORF9b:1,S:1	false	C241T,C442T,C3037T,C4002T,G10097A,C13536T,C14408T,A23403G,C23731T,G28881A,G28882A,G28883C	29675			N:R203K,N:G204R,ORF1a:T1246I,ORF1a:G3278S,ORF1b:P314L,S:D614G					C442T	0	0	1	1				0	0	0	0		NODE_0000960	C442T	29675			NODE_0000960	C442T	29675			N/A	N/A	N/A	N/A	N/A	N/A	N/A	N/A	N/A	N/A			3000	0	good	0	10	0	good	0	24	-6	0	good	2		0	good	0		0		0	0	good		0	0	good	0				
384	MW030195.1 Severe acute respiratory syndrome coronavirus 2 isolate SARS-CoV-2/human/PER/covper051/2020, complete genome	20A	20A		20A	B.1	B.1	49	mediocre	8	1	0	0	102	7	6	0	0	39	88420	176	29696	0.9835802427850049	E:1,M:1,N:0.9952380952380953,ORF1a:0.9959100204498977,ORF1b:0.9929525222551929,ORF3a:1,ORF6:1,ORF7a:1,ORF7b:1,ORF8:1,ORF9b:1,S:1	false	C241T,A2952G,C3037T,C4002T,A7025G,C14408T,C22596T,A23403G	29675			ORF1a:D896G,ORF1a:T1246I,ORF1a:M2254V,ORF1b:P314L,S:T345I,S:D614G				C4002T|20D&21G	A2952G,A7025G,C22596T	0	1	3	4			ORF1a:D896G,ORF1a:T1246I,ORF1a:M2254V,S:T345I	0	0	4	4	5158-5195,5215-5221,19369-19425	NODE_0000764	A2952G,C4002T,A7025G,C22596T	29675	ORF1a:D896G,ORF1a:T1246I,ORF1a:M2254V,S:T345I		NODE_0000764	A2952G,C4002T,A7025G,C22596T	29675	ORF1a:D896G,ORF1a:T1246I,ORF1a:M2254V,S:T345I		N/A	N/A	N/A	N/A	N/A	N/A	N/A	N/A	N/A	N/A	ORF1a:1544,ORF1a:1632-1644,ORF1a:1650-1652,ORF1a:3278,ORF1b:1968-1986,N:203-204	Y:4896,Y:6634,R:10097,Y:23731,R:28881-28882,S:28883	3000	0	good	102	10	70	mediocre	7	24	0	0	good	8		0	good	0		0		0	0	good		0	0	good	0				
379	MT973395.1 Severe acute respiratory syndrome coronavirus 2 isolate SARS-CoV-2/human/AUS/TAS60/2020, complete genome	20C	20C		20C	B.1	B.1	0	good	9	0	0	0	210	0	5	0	0	71	89193	39	29851	0.9899675617830986	E:1,M:1,N:0.9095238095238095,ORF1a:1,ORF1b:1,ORF3a:1,ORF6:1,ORF7a:1,ORF7b:1,ORF8:1,ORF9b:1,S:0.9740973312401884	false	C241T,C1059T,C3037T,C6196T,T13408C,C14408T,A23403G,G25563T,C27503T				ORF1a:T265I,ORF1b:P314L,ORF3a:Q57H,ORF7a:S37F,S:D614G					C6196T,T13408C,C27503T	0	0	3	3			ORF7a:S37F	0	0	1	1	22339-22436,29078-29124,29150-29214	NODE_0000826	C6196T,T13408C,C27503T		ORF7a:S37F		NODE_0000764	C1059T,C6196T,T13408C,G25563T,C27503T		ORF1a:T265I,ORF3a:Q57H,ORF7a:S37F		N/A	N/A	N/A	N/A	N/A	N/A	N/A	N/A	N/A	N/A	S:260-292,N:269-284,N:293-314		3000	0	good	210	10	0	good	0	24	-5	0	good	3		0	good	0		0		0	0	good		0	0	good	0				
386	MW030197.1 Severe acute respiratory syndrome coronavirus 2 isolate SARS-CoV-2/human/PER/covper054/2020, complete genome	20D	20D		20D	B.1.1.1	B.1.1.1	0	good	11	1	0	0	0	0	6	0	0	0	88510	176	29696	0.9872253620038123	E:1,M:1,N:1,ORF1a:1,ORF1b:1,ORF3a:1,ORF6:1,ORF7a:1,ORF7b:1,ORF8:1,ORF9b:1,S:1	false	C241T,C3037T,C4002T,G10097A,C13536T,C14408T,A23403G,C23731T,G28881A,G28882A,G28883C	29675			N:R203K,N:G204R,ORF1a:T1246I,ORF1a:G3278S,ORF1b:P314L,S:D614G						0	0	0	0				0	0	0	0		NODE_0000960		29675			NODE_0000960		29675			N/A	N/A	N/A	N/A	N/A	N/A	N/A	N/A	N/A	N/A			3000	0	good	0	10	0	good	0	24	-7	0	good	1		0	good	0		0		0	0	good		0	0	good	0				
381	MT994707.1 Severe acute respiratory syndrome coronavirus 2 isolate SARS-CoV-2/human/NGA/NG57839/2020, complete genome	20B	20B		20B	B.1.1.487	B.1.1.487	0	good	10	0	0	0	0	0	5	0	0	0	89291	25	29801	0.9957863759489014	E:1,M:1,N:1,ORF1a:1,ORF1b:1,ORF3a:1,ORF6:1,ORF7a:1,ORF7b:1,ORF8:1,ORF9b:1,S:1	false	C241T,C3037T,C14408T,C16575T,A20374G,A23403G,G28881A,G28882A,G28883C,C29801A				N:R203K,N:G204R,ORF1b:P314L,ORF1b:I2303V,S:D614G					C16575T,C29801A	0	0	2	2				0	0	0	0		NODE_0000922	C16575T,A20374G,C29801A		ORF1b:I2303V		B.1.1.487	C16575T,C29801A				N/A	N/A	N/A	N/A	N/A	N/A	N/A	N/A	N/A	N/A			3000	0	good	0	10	0	good	0	24	-6	0	good	2		0	good	0		0		0	0	good		0	0	good	0				
385	MW030196.1 Severe acute respiratory syndrome coronavirus 2 isolate SARS-CoV-2/human/PER/covper052/2020, complete genome	20A	20A		20A	B.1	B.1	81.377997	mediocre	9	1	0	0	466	9	5	0	0	163	88052	176	29696	0.9713406681603852	E:1,M:0.9955156950672646,N:1,ORF1a:0.9822767552828903,ORF1b:0.9881305637982196,ORF3a:1,ORF6:1,ORF7a:1,ORF7b:1,ORF8:1,ORF9b:1,S:0.9591836734693877	false	C241T,C3037T,C14408T,G14446A,T15531C,G20126A,T20135C,A20268G,A23403G	29675			ORF1b:P314L,ORF1b:D327N,ORF1b:G2220E,ORF1b:V2223A,S:D614G					G14446A,T15531C,G20126A,T20135C	0	0	4	4			ORF1b:D327N,ORF1b:G2220E,ORF1b:V2223A	0	0	3	3	2955-3012,5158-5222,6652-6673,6686-6703,9836-9897,14512-14602,22640-22721,22840-22907	NODE_0000764	G14446A,T15531C,G20126A,T20135C,A20268G	29675	ORF1b:D327N,ORF1b:G2220E,ORF1b:V2223A		NODE_0000764	G14446A,T15531C,G20126A,T20135C,A20268G	29675	ORF1b:D327N,ORF1b:G2220E,ORF1b:V2223A		N/A	N/A	N/A	N/A	N/A	N/A	N/A	N/A	N/A	N/A	ORF1a:743,ORF1a:897-916,ORF1a:1632-1653,ORF1a:2130-2136,ORF1a:2141-2146,ORF1a:2401,ORF1a:3191-3211,ORF1b:349-379,ORF1b:1710,S:360-387,S:427-449,S:964,M:45	R:2493,Y:6643,R:7466,R:18596,R:20220,R:24453,Y:25162,Y:26656,K:29688	3000	6.148148	good	466	10	90	mediocre	9	24	-3	0	good	5		0	good	0		0		0	0	good		0	0	good	0				
387	MW030199.1 Severe acute respiratory syndrome coronavirus 2 isolate SARS-CoV-2/human/PER/covper056/2020, complete genome	20D	20D		20D	B.1.1.1	B.1.1.1	0	good	11	1	0	0	0	0	6	0	0	0	88510	176	29696	0.9872253620038123	E:1,M:1,N:1,ORF1a:1,ORF1b:1,ORF3a:1,ORF6:1,ORF7a:1,ORF7b:1,ORF8:1,ORF9b:1,S:1	false	C241T,C3037T,C4002T,G10097A,C13536T,C14408T,A23403G,C23731T,G28881A,G28882A,G28883C	29675			N:R203K,N:G204R,ORF1a:T1246I,ORF1a:G3278S,ORF1b:P314L,S:D614G						0	0	0	0				0	0	0	0		NODE_0000960		29675			NODE_0000960		29675			N/A	N/A	N/A	N/A	N/A	N/A	N/A	N/A	N/A	N/A			3000	0	good	0	10	0	good	0	24	-7	0	good	1		0	good	0		0		0	0	good		0	0	good	0				
391	MW030214.1 Severe acute respiratory syndrome coronavirus 2 isolate SARS-CoV-2/human/PER/covper074/2020, complete genome	19A	19A		19A	B	B	0	good	4	1	0	0	0	0	2	0	0	0	88535	177	29696	0.9871919205430894	E:1,M:1,N:1,ORF1a:1,ORF1b:1,ORF3a:1,ORF6:1,ORF7a:1,ORF7b:1,ORF8:1,ORF9b:1,S:1	false	G11083T,C14805T,T17247C,G26144T	29675			ORF1a:L3606F,ORF3a:G251V					T17247C	0	0	1	1				0	0	0	0		NODE_0000000	G11083T,C14805T,T17247C,G26144T	29675	ORF1a:L3606F,ORF3a:G251V		NODE_0000000	G11083T,C14805T,T17247C,G26144T	29675	ORF1a:L3606F,ORF3a:G251V		N/A	N/A	N/A	N/A	N/A	N/A	N/A	N/A	N/A	N/A			3000	0	good	0	10	0	good	0	24	-6	0	good	2		0	good	0		0		0	0	good		0	0	good	0				
392	MW030215.1 Severe acute respiratory syndrome coronavirus 2 isolate SARS-CoV-2/human/PER/covper079/2020, complete genome	20A	20A		20A	B.1	B.1	0	good	6	1	0	0	0	0	3	0	0	0	88530	176	29696	0.9872253620038123	E:1,M:1,N:1,ORF1a:1,ORF1b:1,ORF3a:1,ORF6:1,ORF7a:1,ORF7b:1,ORF8:1,ORF9b:1,S:1	false	C241T,C3037T,C14408T,C18877T,A23403G,G25563T	29675			ORF1b:P314L,ORF3a:Q57H,S:D614G						0	0	0	0				0	0	0	0		NODE_0000764	C18877T,G25563T	29675	ORF3a:Q57H		NODE_0000764	C18877T,G25563T	29675	ORF3a:Q57H		N/A	N/A	N/A	N/A	N/A	N/A	N/A	N/A	N/A	N/A			3000	0	good	0	10	0	good	0	24	-7	0	good	1		0	good	0		0		0	0	good		0	0	good	0				
393	MW030217.1 Severe acute respiratory syndrome coronavirus 2 isolate SARS-CoV-2/human/PER/covper081/2020, complete genome	20B	20B		20B	B.1.1	B.1.1	0	good	8	1	0	0	0	0	5	0	0	0	88522	176	29696	0.9872253620038123	E:1,M:1,N:1,ORF1a:1,ORF1b:1,ORF3a:1,ORF6:1,ORF7a:1,ORF7b:1,ORF8:1,ORF9b:1,S:1	false	C241T,C3037T,G10265A,C14408T,A23403G,G28881A,G28882A,G28883C	29675			N:R203K,N:G204R,ORF1a:G3334S,ORF1b:P314L,S:D614G						0	0	0	0				0	0	0	0		NODE_0000922	G10265A	29675	ORF1a:G3334S		NODE_0000922	G10265A	29675	ORF1a:G3334S		N/A	N/A	N/A	N/A	N/A	N/A	N/A	N/A	N/A	N/A			3000	0	good	0	10	0	good	0	24	-7	0	good	1		0	good	0		0		0	0	good		0	0	good	0				
394	MW030218.1 Severe acute respiratory syndrome coronavirus 2 isolate SARS-CoV-2/human/PER/covper082/2020, complete genome	20A	20A		20A	B.1	B.1	4	good	6	1	0	0	0	2	3	0	0	2	88527	177	29696	0.9871250376216433	E:1,M:1,N:1,ORF1a:1,ORF1b:1,ORF3a:1,ORF6:1,ORF7a:1,ORF7b:1,ORF8:1,ORF9b:1,S:0.9984301412872841	false	C241T,C3037T,C14408T,A20268G,A23403G,C27689T	29675			ORF1b:P314L,ORF7a:P99L,S:D614G					C27689T	0	0	1	1			ORF7a:P99L	0	0	1	1		NODE_0000764	A20268G,C27689T	29675	ORF7a:P99L		NODE_0000764	A20268G,C27689T	29675	ORF7a:P99L		N/A	N/A	N/A	N/A	N/A	N/A	N/A	N/A	N/A	N/A	S:847,S:1052	K:24102,Y:24716	3000	0	good	0	10	20	good	2	24	-6	0	good	2		0	good	0		0		0	0	good		0	0	good	0				
390	MW030213.1 Severe acute respiratory syndrome coronavirus 2 isolate SARS-CoV-2/human/PER/covper073/2020, complete genome	20A	20A		20A	B.1	B.1	1	good	7	1	0	0	185	1	4	0	0	64	88341	176	29696	0.9810052503093335	E:1,M:1,N:1,ORF1a:0.9947739150193138,ORF1b:0.9996290801186943,ORF3a:1,ORF6:1,ORF7a:1,ORF7b:1,ORF8:1,ORF9b:1,S:0.9686028257456829	false	C241T,C3037T,G8796T,C14408T,A20268G,A23403G,G26173A	29675			ORF1a:S2844I,ORF1b:P314L,ORF3a:E261K,S:D614G					G8796T,G26173A	0	0	2	2			ORF1a:S2844I,ORF3a:E261K	0	0	2	2	5158-5222,14512-14513,22580-22629,22920-22926,22951-23011	NODE_0000764	G8796T,A20268G,G26173A	29675	ORF1a:S2844I,ORF3a:E261K		NODE_0000764	G8796T,A20268G,G26173A	29675	ORF1a:S2844I,ORF3a:E261K		N/A	N/A	N/A	N/A	N/A	N/A	N/A	N/A	N/A	N/A	ORF1a:1567,ORF1a:1632-1653,ORF1b:349,S:340-356,S:453-455,S:464-483	Y:4965	3000	0	good	185	10	10	good	1	24	-5	0	good	3		0	good	0		0		0	0	good		0	0	good	0				
395	MW030221.1 Severe acute respiratory syndrome coronavirus 2 isolate SARS-CoV-2/human/PER/covper085/2020, complete genome	20B	20B		20B	B.1.1	B.1.1	0	good	9	1	0	0	0	0	6	0	0	0	88518	176	29696	0.9872253620038123	E:1,M:1,N:1,ORF1a:1,ORF1b:1,ORF3a:1,ORF6:1,ORF7a:1,ORF7b:1,ORF8:1,ORF9b:1,S:1	false	C241T,C3037T,G10265A,C14408T,G14829T,A23403G,G28881A,G28882A,G28883C	29675			N:R203K,N:G204R,ORF1a:G3334S,ORF1b:P314L,ORF1b:M454I,S:D614G					G14829T	0	0	1	1			ORF1b:M454I	0	0	1	1		NODE_0000922	G10265A,G14829T	29675	ORF1a:G3334S,ORF1b:M454I		NODE_0000922	G10265A,G14829T	29675	ORF1a:G3334S,ORF1b:M454I		N/A	N/A	N/A	N/A	N/A	N/A	N/A	N/A	N/A	N/A			3000	0	good	0	10	0	good	0	24	-6	0	good	2		0	good	0		0		0	0	good		0	0	good	0				
396	MW030224.1 Severe acute respiratory syndrome coronavirus 2 isolate SARS-CoV-2/human/PER/covper088/2020, complete genome	20A	20A		20A	B.1	B.1	0	good	5	10	0	0	0	0	3	3	0	0	88499	176	29696	0.9872253620038123	E:1,M:1,N:1,ORF1a:1,ORF1b:1,ORF3a:1,ORF6:1,ORF7a:1,ORF7b:1,ORF8:1,ORF9b:1,S:1	false	C241T,C3037T,C14408T,A20268G,A23403G	510-518,29675			ORF1a:M85V,ORF1b:P314L,S:D614G	ORF1a:G82-,ORF1a:H83-,ORF1a:V84-					0	0	0	0			ORF1a:M85V	0	0	1	1		NODE_0000764	A20268G	510-518,29675	ORF1a:M85V	ORF1a:G82-,ORF1a:H83-,ORF1a:V84-	NODE_0000764	A20268G	510-518,29675	ORF1a:M85V	ORF1a:G82-,ORF1a:H83-,ORF1a:V84-	N/A	N/A	N/A	N/A	N/A	N/A	N/A	N/A	N/A	N/A			3000	0	good	0	10	0	good	0	24	-6	0	good	2		0	good	0		0		0	0	good		0	0	good	0				
388	MW030204.1 Severe acute respiratory syndrome coronavirus 2 isolate SARS-CoV-2/human/PER/covper064/2020, complete genome	20B	20B		20B	B.1.1	B.1.1	81.587778	mediocre	9	1	0	0	507	9	3	0	0	185	88011	176	29696	0.9699695682707421	E:1,M:0.9641255605381166,N:1,ORF1a:0.9809134287661895,ORF1b:0.9721810089020771,ORF3a:1,ORF6:1,ORF7a:1,ORF7b:1,ORF8:1,ORF9b:1,S:0.9858712715855573	false	C241T,C313T,C3037T,C14408T,A20223G,C23086T,G28881A,G28882A,G28883C	29675			N:R203K,N:G204R,ORF1b:P314L					A20223G,C23086T	0	0	2	2				0	0	0	0	2278-2298,2958-2987,3320-3331,3482-3540,6000-6003,6823-6838,6978-7006,9553-9596,9606-9620,15520-15586,19159-19218,19245-19247,19370-19401,20547-20561,20579-20602,21455-21465,22665-22690,23069-23085,26643-26664	NODE_0000922	C313T,A20223G,C23086T	29675			NODE_0000922	C313T,A20223G,C23086T	29675			N/A	N/A	N/A	N/A	N/A	N/A	N/A	N/A	N/A	N/A	ORF1a:671-678,ORF1a:898-908,ORF1a:1019-1022,ORF1a:1073-1092,ORF1a:1545,ORF1a:1912-1913,ORF1a:2187-2191,ORF1a:2238-2247,ORF1a:2373,ORF1a:3097-3111,ORF1a:3114-3119,ORF1a:3237,ORF1b:685-707,ORF1b:1898-1917,ORF1b:1926-1927,ORF1b:1968-1978,ORF1b:2360-2365,ORF1b:2371-2379,ORF1b:2663-2666,S:368-376,S:503-508,S:614,S:724,S:729,M:41-48	R:4899,R:7383,R:9974,R:18462,R:23403,W:23732,W:23734,K:23747,R:29617	3000	7.666667	good	507	10	90	mediocre	9	24	-5	0	good	3		0	good	0		0		0	0	good		0	0	good	0				
397	MW030225.1 Severe acute respiratory syndrome coronavirus 2 isolate SARS-CoV-2/human/PER/covper089/2020, complete genome	20A	20A		20A	B.1	B.1	0	good	7	1	0	0	0	0	4	0	0	0	88526	176	29696	0.9872253620038123	E:1,M:1,N:1,ORF1a:1,ORF1b:1,ORF3a:1,ORF6:1,ORF7a:1,ORF7b:1,ORF8:1,ORF9b:1,S:1	false	C241T,C884T,C3037T,C5869T,C14408T,A23403G,G25429T	29675			ORF1a:R207C,ORF1b:P314L,ORF3a:V13L,S:D614G					C884T,C5869T,G25429T	0	0	3	3			ORF1a:R207C,ORF3a:V13L	0	0	2	2		NODE_0000764	C884T,C5869T,G25429T	29675	ORF1a:R207C,ORF3a:V13L		NODE_0000764	C884T,C5869T,G25429T	29675	ORF1a:R207C,ORF3a:V13L		N/A	N/A	N/A	N/A	N/A	N/A	N/A	N/A	N/A	N/A			3000	0	good	0	10	0	good	0	24	-4	0	good	4		0	good	0		0		0	0	good		0	0	good	0				
389	MW030205.1 Severe acute respiratory syndrome coronavirus 2 isolate SARS-CoV-2/human/PER/covper065/2020, complete genome	19A	19A		19A	B	B	38.065075	mediocre	3	1	0	0	688	6	1	0	0	232	87854	176	29696	0.9640169882620473	E:0.868421052631579,M:1,N:1,ORF1a:0.9777323335605544,ORF1b:0.9632789317507419,ORF3a:1,ORF6:1,ORF7a:1,ORF7b:1,ORF8:1,ORF9b:1,S:0.9803767660910518	false	G11083T,C14805T,T17247C	29675			ORF1a:L3606F			T26144G		T17247C	1	0	1	2	ORF3a:V251G			1	0	0	1	406,928-956,2450-2463,3484-3538,3691-3725,4557-4558,4712-4729,5960-5974,6990-7005,7509-7555,9553-9596,15524-15580,18447-18508,19189-19218,19370-19401,20555-20602,20755-20769,21270-21303,21455-21465,22670-22714,23905-23921,26297-26323,26475-26491,29610-29626	NODE_0000000	G11083T,C14805T,T17247C	29675	ORF1a:L3606F		NODE_0000000	G11083T,C14805T,T17247C	29675	ORF1a:L3606F		N/A	N/A	N/A	N/A	N/A	N/A	N/A	N/A	N/A	N/A	ORF1a:47,ORF1a:221-231,ORF1a:518,ORF1a:729-733,ORF1a:1074-1091,ORF1a:1142-1154,ORF1a:1431,ORF1a:1483-1488,ORF1a:1899-1903,ORF1a:2242-2247,ORF1a:2415-2430,ORF1a:3097-3111,ORF1b:686-705,ORF1b:1661-1681,ORF1b:1908-1917,ORF1b:1968-1978,ORF1b:2363-2379,ORF1b:2430-2434,ORF1b:2602-2612,ORF1b:2663-2666,S:370-384,S:726,S:782-787,S:895,S:898,S:964,E:18-27	R:1817,W:23739,M:24241,Y:24245,Y:24254,R:24453	3000	14.370370	good	688	10	60	mediocre	6	24	0	0	good	8		0	good	0		0		0	0	good		0	0	good	0				
399	MW030229.1 Severe acute respiratory syndrome coronavirus 2 isolate SARS-CoV-2/human/PER/covper093/2020, complete genome	20D	20D		20D	B.1.1.1.14	C.14	0	good	13	1	0	0	0	0	7	0	0	0	88502	176	29696	0.9872253620038123	E:1,M:1,N:1,ORF1a:1,ORF1b:1,ORF3a:1,ORF6:1,ORF7a:1,ORF7b:1,ORF8:1,ORF9b:1,S:1	false	C241T,C3037T,C4002T,C6255T,G10097A,C13536T,C14408T,A23403G,C23731T,G28881A,G28882A,G28883C,G29179T	29675			N:R203K,N:G204R,ORF1a:T1246I,ORF1a:A1997V,ORF1a:G3278S,ORF1b:P314L,S:D614G				C6255T|25A&25G&25F		0	1	0	1			ORF1a:A1997V	0	0	1	1		NODE_0000960	C6255T,G29179T	29675	ORF1a:A1997V		C.14	C6255T	29675	ORF1a:A1997V		N/A	N/A	N/A	N/A	N/A	N/A	N/A	N/A	N/A	N/A			3000	0	good	0	10	0	good	0	24	-3	0	good	5		0	good	0		0		0	0	good		0	0	good	0				
400	MW064537.1 Severe acute respiratory syndrome coronavirus 2 isolate SARS-CoV-2/human/USA/MI-QDX-505/2020, complete genome	20C	20C		20C	B.1	B.1	0	good	6	0	0	0	0	0	4	0	0	0	89322	55	29836	0.9959535832525165	E:1,M:1,N:1,ORF1a:1,ORF1b:1,ORF3a:1,ORF6:1,ORF7a:1,ORF7b:1,ORF8:1,ORF9b:1,S:1	false	C241T,C1059T,C3037T,C14408T,A23403G,G25563T				ORF1a:T265I,ORF1b:P314L,ORF3a:Q57H,S:D614G						0	0	0	0				0	0	0	0		NODE_0000826					NODE_0000764	C1059T,G25563T		ORF1a:T265I,ORF3a:Q57H		N/A	N/A	N/A	N/A	N/A	N/A	N/A	N/A	N/A	N/A			3000	0	good	0	10	0	good	0	24	-8	0	good	0		0	good	0		0		0	0	good		0	0	good	0				
398	MW030226.1 Severe acute respiratory syndrome coronavirus 2 isolate SARS-CoV-2/human/PER/covper090/2020, complete genome	20B	20B		20B	B.1.1	B.1.1	0	good	9	1	0	0	0	0	6	0	0	0	88518	176	29696	0.9872253620038123	E:1,M:1,N:1,ORF1a:1,ORF1b:1,ORF3a:1,ORF6:1,ORF7a:1,ORF7b:1,ORF8:1,ORF9b:1,S:1	false	C241T,C3037T,G10265A,G11535T,C14408T,A23403G,G28881A,G28882A,G28883C	29675			N:R203K,N:G204R,ORF1a:G3334S,ORF1a:G3757V,ORF1b:P314L,S:D614G					G11535T	0	0	1	1			ORF1a:G3757V	0	0	1	1		NODE_0000922	G10265A,G11535T	29675	ORF1a:G3334S,ORF1a:G3757V		NODE_0000922	G10265A,G11535T	29675	ORF1a:G3334S,ORF1a:G3757V		N/A	N/A	N/A	N/A	N/A	N/A	N/A	N/A	N/A	N/A			3000	0	good	0	10	0	good	0	24	-6	0	good	2		0	good	0		0		0	0	good		0	0	good	0				
402	MW079429.1 Severe acute respiratory syndrome coronavirus 2 isolate SARS-CoV-2/human/MYS/IIUM316/2020, complete genome	19A	19A		19A	B.6.6	B.6.6	0	good	8	0	0	0	2	0	6	0	0	1	89312	55	29836	0.9958867003310704	E:1,M:1,N:1,ORF1a:0.9997727789138832,ORF1b:1,ORF3a:1,ORF6:1,ORF7a:1,ORF7b:1,ORF8:1,ORF9b:1,S:1	false	C6312A,G11083T,C13730T,C19524T,G22021T,C23929T,C25665T,C28311T				N:P13L,ORF1a:T2016K,ORF1a:L3606F,ORF1b:A88V,ORF9b:P10S,S:M153I			A6310C		G22021T,C25665T	1	0	2	3	ORF1a:R2015S		S:M153I	1	0	1	2	10733-10734	NODE_0000000	C6312A,G11083T,C13730T,C19524T,G22021T,C23929T,C25665T,C28311T		N:P13L,ORF1a:T2016K,ORF1a:L3606F,ORF1b:A88V,ORF9b:P10S,S:M153I		B.6.6	A6310C,G22021T,C25665T		ORF1a:R2015S,S:M153I		N/A	N/A	N/A	N/A	N/A	N/A	N/A	N/A	N/A	N/A	ORF1a:3490		3000	0	good	2	10	0	good	0	24	0	0	good	8		0	good	0		0		0	0	good		0	0	good	0				
404	LR883981.1 Severe acute respiratory syndrome coronavirus 2 isolate H12_2902 genome assembly, complete genome: monopartite	20A	20A		20A	B.1	B.1	0	good	8	0	0	0	4	0	4	0	0	2	89217	55	29805	0.9947831321272114	E:1,M:1,N:1,ORF1a:1,ORF1b:0.9996290801186943,ORF3a:1,ORF6:1,ORF7a:1,ORF7b:1,ORF8:1,ORF9b:1,S:0.9992150706436421	false	C241T,C3037T,C14408T,C17639T,A20268G,A23403G,C28638T,C29640T				N:P122L,ORF1b:P314L,ORF1b:S1391L,S:D614G					C17639T,C28638T,C29640T	0	0	3	3			N:P122L,ORF1b:S1391L	0	0	2	2	16255-16256,24981-24982	NODE_0000764	C17639T,A20268G,C28638T,C29640T		N:P122L,ORF1b:S1391L		NODE_0000764	C17639T,A20268G,C28638T,C29640T		N:P122L,ORF1b:S1391L		N/A	N/A	N/A	N/A	N/A	N/A	N/A	N/A	N/A	N/A	ORF1b:930,S:1140		3000	0	good	4	10	0	good	0	24	-5	0	good	3		0	good	0		0		0	0	good		0	0	good	0				
405	LR883986.1 Severe acute respiratory syndrome coronavirus 2 isolate H12_3203 genome assembly, complete genome: monopartite	20A	20A		20A	B.1	B.1	0	good	6	0	0	0	1	0	2	0	0	1	88808	55	29665	0.9902016520081597	E:1,M:1,N:1,ORF1a:1,ORF1b:0.9996290801186943,ORF3a:1,ORF6:1,ORF7a:1,ORF7b:1,ORF8:1,ORF9b:1,S:1	false	C241T,C751T,C3037T,C14408T,A20268G,A23403G				ORF1b:P314L,S:D614G					C751T	0	0	1	1				0	0	0	0	19484	NODE_0000764	C751T,A20268G				NODE_0000764	C751T,A20268G				N/A	N/A	N/A	N/A	N/A	N/A	N/A	N/A	N/A	N/A	ORF1b:2006		3000	0	good	1	10	0	good	0	24	-7	0	good	1		0	good	0		0		0	0	good		0	0	good	0				
409	LR884032.1 Severe acute respiratory syndrome coronavirus 2 isolate H12_72 genome assembly, complete genome: monopartite	20A	20A		20A	B.1	B.1	0	good	6	0	0	0	0	0	3	0	0	0	89229	55	29805	0.9949168979701033	E:1,M:1,N:1,ORF1a:1,ORF1b:1,ORF3a:1,ORF6:1,ORF7a:1,ORF7b:1,ORF8:1,ORF9b:1,S:1	false	C241T,C3037T,C14408T,A20268G,A23403G,A27307G				ORF1b:P314L,ORF6:I36V,S:D614G					A27307G	0	0	1	1			ORF6:I36V	0	0	1	1		NODE_0000764	A20268G,A27307G		ORF6:I36V		NODE_0000764	A20268G,A27307G		ORF6:I36V		N/A	N/A	N/A	N/A	N/A	N/A	N/A	N/A	N/A	N/A			3000	0	good	0	10	0	good	0	24	-7	0	good	1		0	good	0		0		0	0	good		0	0	good	0				
406	LR883998.1 Severe acute respiratory syndrome coronavirus 2 isolate H12_39 genome assembly, complete genome: monopartite	20A	20A		20A	B.1	B.1	0.173611	good	10	3	0	0	0	0	6	1	0	0	89197	55	29805	0.9949168979701033	E:1,M:1,N:1,ORF1a:1,ORF1b:1,ORF3a:1,ORF6:1,ORF7a:1,ORF7b:1,ORF8:1,ORF9b:1,S:1	false	C241T,C3037T,C4002T,A6248C,C6813T,C14408T,A20268G,A23403G,G26834T,G28230T	1967-1969			ORF1a:T1246I,ORF1a:N1995H,ORF1a:T2183I,ORF1b:P314L,ORF8:D113Y,S:D614G	ORF1a:T568-			C4002T|20D&21G	A6248C,C6813T,G26834T,G28230T	0	1	4	5			ORF1a:T1246I,ORF1a:N1995H,ORF1a:T2183I,ORF8:D113Y	0	0	4	4		NODE_0000764	C4002T,A6248C,C6813T,A20268G,G26834T,G28230T	1967-1969	ORF1a:T1246I,ORF1a:N1995H,ORF1a:T2183I,ORF8:D113Y	ORF1a:T568-	NODE_0000764	C4002T,A6248C,C6813T,A20268G,G26834T,G28230T	1967-1969	ORF1a:T1246I,ORF1a:N1995H,ORF1a:T2183I,ORF8:D113Y	ORF1a:T568-	N/A	N/A	N/A	N/A	N/A	N/A	N/A	N/A	N/A	N/A			3000	0	good	0	10	0	good	0	24	1	4.166667	good	9		0	good	0		0		0	0	good		0	0	good	0				
403	LR883974.1 Severe acute respiratory syndrome coronavirus 2 isolate H12_2501 genome assembly, complete genome: monopartite	19B	19B		19B	A.5	A.5	0	good	7	0	0	0	7	0	2	0	0	4	89218	55	29805	0.9946828077450423	E:1,M:1,N:1,ORF1a:0.9995455578277664,ORF1b:0.9996290801186943,ORF3a:1,ORF6:1,ORF7a:1,ORF7b:1,ORF8:1,ORF9b:1,S:0.9992150706436421	false	C3874T,C8782T,T12364A,C18401T,A19719T,C26088T,T28144C				ORF1b:P1645L,ORF8:L84S					C3874T,T12364A,C18401T,A19719T	0	0	4	4			ORF1b:P1645L	0	0	1	1	1001,9026-9027,16255-16256,24981-24982	internal_b384	C3874T,T12364A,C18401T,A19719T,C26088T		ORF1b:P1645L		A.5	C3874T,T12364A,C18401T,A19719T		ORF1b:P1645L		N/A	N/A	N/A	N/A	N/A	N/A	N/A	N/A	N/A	N/A	ORF1a:246,ORF1a:2921,ORF1b:930,S:1140		3000	0	good	7	10	0	good	0	24	-4	0	good	4		0	good	0		0		0	0	good		0	0	good	0				
407	LR883999.1 Severe acute respiratory syndrome coronavirus 2 isolate H12_3910 genome assembly, complete genome: monopartite	20A	20A		20A	B.1	B.1	0	good	7	0	0	0	4	0	2	0	0	2	89221	55	29805	0.9947831321272114	E:1,M:1,N:1,ORF1a:1,ORF1b:0.9996290801186943,ORF3a:1,ORF6:1,ORF7a:1,ORF7b:1,ORF8:1,ORF9b:1,S:0.9992150706436421	false	C241T,C3037T,C14408T,A20268G,G22132A,A23403G,G29734C				ORF1b:P314L,S:D614G					G22132A,G29734C	0	0	2	2				0	0	0	0	16255-16256,24981-24982	NODE_0000764	A20268G,G22132A,G29734C				NODE_0000764	A20268G,G22132A,G29734C				N/A	N/A	N/A	N/A	N/A	N/A	N/A	N/A	N/A	N/A	ORF1b:930,S:1140		3000	0	good	4	10	0	good	0	24	-6	0	good	2		0	good	0		0		0	0	good		0	0	good	0				
401	MW079428.1 Severe acute respiratory syndrome coronavirus 2 isolate SARS-CoV-2/human/MYS/IIUM91/2020, complete genome	20A	20A		20A	B.1	B.1	1	good	9	0	0	0	159	1	4	0	0	60	89151	55	29836	0.9906029495368358	E:1,M:1,N:1,ORF1a:0.9943194728470802,ORF1b:0.9944362017804155,ORF3a:1,ORF6:1,ORF7a:1,ORF7b:1,ORF8:1,ORF9b:1,S:0.9843014128728415	false	C241T,C3037T,C14408T,C18877T,C22444T,A23403G,G25563T,C26735T,C28093T				ORF1b:P314L,ORF3a:Q57H,ORF8:S67F,S:D614G				C28093T|21H		0	1	0	1			ORF8:S67F	0	0	1	1	2883-2932,2938,2941,2948,2950,2956,2958,2961,2972,2984,2988,3524,19276-19315,22507-22542,25280-25301	NODE_0000764	C18877T,C22444T,G25563T,C26735T,C28093T		ORF3a:Q57H,ORF8:S67F		NODE_0000764	C18877T,C22444T,G25563T,C26735T,C28093T		ORF3a:Q57H,ORF8:S67F		N/A	N/A	N/A	N/A	N/A	N/A	N/A	N/A	N/A	N/A	ORF1a:873-889,ORF1a:895,ORF1a:897-899,ORF1a:903,ORF1a:907-908,ORF1a:1087,ORF1b:1937-1950,ORF1b:1961,S:316-327,S:1240-1247	Y:19349	3000	0	good	159	10	10	good	1	24	-4	0	good	4		0	good	0		0		0	0	good		0	0	good	0				
408	LR884011.1 Severe acute respiratory syndrome coronavirus 2 isolate H12_50 genome assembly, complete genome: monopartite	19B	19B		19B	A.2	A.2	0	good	8	0	0	0	0	0	5	0	0	0	89221	55	29805	0.9949168979701033	E:1,M:1,N:1,ORF1a:1,ORF1b:1,ORF3a:1,ORF6:1,ORF7a:1,ORF7b:1,ORF8:1,ORF9b:1,S:1	false	C8782T,T9477A,C14805T,A22151G,G25979T,T28144C,C28657T,C28863T				N:S197L,ORF1a:F3071Y,ORF3a:G196V,ORF8:L84S,S:I197V					A22151G	0	0	1	1			S:I197V	0	0	1	1		internal_b384	T9477A,C14805T,A22151G,G25979T,C28657T,C28863T		N:S197L,ORF1a:F3071Y,ORF3a:G196V,S:I197V		NODE_0000757	A22151G		S:I197V		N/A	N/A	N/A	N/A	N/A	N/A	N/A	N/A	N/A	N/A			3000	0	good	0	10	0	good	0	24	-7	0	good	1		0	good	0		0		0	0	good		0	0	good	0				
411	LR884058.1 Severe acute respiratory syndrome coronavirus 2 isolate H7_36 genome assembly, complete genome: monopartite	19B	19B		19B	A.2	A.2	0	good	8	0	0	0	0	0	4	0	0	0	89221	55	29805	0.9949168979701033	E:1,M:1,N:1,ORF1a:1,ORF1b:1,ORF3a:1,ORF6:1,ORF7a:1,ORF7b:1,ORF8:1,ORF9b:1,S:1	false	C4540T,C8782T,T9477A,C14805T,G25979T,T28144C,C28657T,C28863T				N:S197L,ORF1a:F3071Y,ORF3a:G196V,ORF8:L84S					C4540T	0	0	1	1				0	0	0	0		internal_b384	C4540T,T9477A,C14805T,G25979T,C28657T,C28863T		N:S197L,ORF1a:F3071Y,ORF3a:G196V		NODE_0000757	C4540T				N/A	N/A	N/A	N/A	N/A	N/A	N/A	N/A	N/A	N/A			3000	0	good	0	10	0	good	0	24	-7	0	good	1		0	good	0		0		0	0	good		0	0	good	0				
412	LR884060.1 Severe acute respiratory syndrome coronavirus 2 isolate H9_38 genome assembly, complete genome: monopartite	19B	19B		19B	A.2	A.2	0	good	8	0	0	0	0	0	4	0	0	0	89221	55	29805	0.9949168979701033	E:1,M:1,N:1,ORF1a:1,ORF1b:1,ORF3a:1,ORF6:1,ORF7a:1,ORF7b:1,ORF8:1,ORF9b:1,S:1	false	C8782T,T9477A,C14805T,G25979T,C26681T,T28144C,C28657T,C28863T				N:S197L,ORF1a:F3071Y,ORF3a:G196V,ORF8:L84S				C26681T|24A&24E&25C&21C&24C&24F&24B&25B&25A&24G&23I&rec&24H&24D&21B&25D&25G&24I&25E&25H&25F		0	1	0	1				0	0	0	0		internal_b384	T9477A,C14805T,G25979T,C26681T,C28657T,C28863T		N:S197L,ORF1a:F3071Y,ORF3a:G196V		NODE_0000757	C26681T				N/A	N/A	N/A	N/A	N/A	N/A	N/A	N/A	N/A	N/A			3000	0	good	0	10	0	good	0	24	-4	0	good	4		0	good	0		0		0	0	good		0	0	good	0				
410	LR884041.1 Severe acute respiratory syndrome coronavirus 2 isolate H12_83 genome assembly, complete genome: monopartite	20A	20A		20A	B.1	B.1	0	good	8	0	0	0	0	0	3	0	0	0	89221	55	29805	0.9949168979701033	E:1,M:1,N:1,ORF1a:1,ORF1b:1,ORF3a:1,ORF6:1,ORF7a:1,ORF7b:1,ORF8:1,ORF9b:1,S:1	false	C241T,C3037T,C7945T,C14408T,A20268G,G21296A,A23403G,G26918T				ORF1b:P314L,ORF1b:G2610D,S:D614G					C7945T,G21296A,G26918T	0	0	3	3			ORF1b:G2610D	0	0	1	1		NODE_0000764	C7945T,A20268G,G21296A,G26918T		ORF1b:G2610D		NODE_0000764	C7945T,A20268G,G21296A,G26918T		ORF1b:G2610D		N/A	N/A	N/A	N/A	N/A	N/A	N/A	N/A	N/A	N/A			3000	0	good	0	10	0	good	0	24	-5	0	good	3		0	good	0		0		0	0	good		0	0	good	0				
416	LR884135.1 Severe acute respiratory syndrome coronavirus 2 isolate R67 genome assembly, complete genome: monopartite	20A	20A		20A	B.1	B.1	0	good	6	0	0	0	0	0	3	0	0	0	89229	55	29805	0.9949168979701033	E:1,M:1,N:1,ORF1a:1,ORF1b:1,ORF3a:1,ORF6:1,ORF7a:1,ORF7b:1,ORF8:1,ORF9b:1,S:1	false	C241T,C3037T,C14408T,A20268G,A23403G,G28881A				N:R203K,ORF1b:P314L,S:D614G				G28881A|21K&21L&22B&20I&22E&23A&22C&24A&20B&22A&23F&23D&23B&20J&22D&24E&22F&25C&rec&23C&24C&24F&23E&24B&23H&25B&25A&24G&23I&23G&20D&20F&24H&21G&24D&21M&25D&24I&25G&25E&25I&25H&25F&21E		0	1	0	1			N:R203K	0	0	1	1		NODE_0000764	A20268G,G28881A		N:R203K		NODE_0000764	A20268G,G28881A		N:R203K		N/A	N/A	N/A	N/A	N/A	N/A	N/A	N/A	N/A	N/A			3000	0	good	0	10	0	good	0	24	-4	0	good	4		0	good	0		0		0	0	good		0	0	good	0				
413	LR884077.1 Severe acute respiratory syndrome coronavirus 2 isolate LP41 genome assembly, complete genome: monopartite	20A	20A		20A	B.1	B.1	0	good	5	0	0	0	0	0	2	0	0	0	89233	55	29805	0.9949168979701033	E:1,M:1,N:1,ORF1a:1,ORF1b:1,ORF3a:1,ORF6:1,ORF7a:1,ORF7b:1,ORF8:1,ORF9b:1,S:1	false	C241T,C3037T,C14408T,A20268G,A23403G				ORF1b:P314L,S:D614G						0	0	0	0				0	0	0	0		NODE_0000764	A20268G				NODE_0000764	A20268G				N/A	N/A	N/A	N/A	N/A	N/A	N/A	N/A	N/A	N/A			3000	0	good	0	10	0	good	0	24	-8	0	good	0		0	good	0		0		0	0	good		0	0	good	0				
414	LR884094.1 Severe acute respiratory syndrome coronavirus 2 isolate LP59 genome assembly, complete genome: monopartite	20B	20B		20B	B.1.1	B.1.1	0	good	8	0	0	0	0	0	4	0	0	0	89221	55	29805	0.9949168979701033	E:1,M:1,N:1,ORF1a:1,ORF1b:1,ORF3a:1,ORF6:1,ORF7a:1,ORF7b:1,ORF8:1,ORF9b:1,S:1	false	C241T,C3037T,C14408T,T19839C,A23403G,G28881A,G28882A,G28883C				N:R203K,N:G204R,ORF1b:P314L,S:D614G						0	0	0	0				0	0	0	0		NODE_0000922	T19839C				NODE_0000922	T19839C				N/A	N/A	N/A	N/A	N/A	N/A	N/A	N/A	N/A	N/A			3000	0	good	0	10	0	good	0	24	-8	0	good	0		0	good	0		0		0	0	good		0	0	good	0				
415	LR884098.1 Severe acute respiratory syndrome coronavirus 2 isolate LP64 genome assembly, complete genome: monopartite	20A	20A		20A	B.1	B.1	0	good	7	0	0	0	0	0	3	0	0	0	89225	55	29805	0.9949168979701033	E:1,M:1,N:1,ORF1a:1,ORF1b:1,ORF3a:1,ORF6:1,ORF7a:1,ORF7b:1,ORF8:1,ORF9b:1,S:1	false	C241T,C3037T,C14408T,T18358C,A20268G,A23403G,G27626T				ORF1b:P314L,ORF7a:R78L,S:D614G					T18358C,G27626T	0	0	2	2			ORF7a:R78L	0	0	1	1		NODE_0000764	T18358C,A20268G,G27626T		ORF7a:R78L		NODE_0000764	T18358C,A20268G,G27626T		ORF7a:R78L		N/A	N/A	N/A	N/A	N/A	N/A	N/A	N/A	N/A	N/A			3000	0	good	0	10	0	good	0	24	-6	0	good	2		0	good	0		0		0	0	good		0	0	good	0				
417	LR884176.1 Severe acute respiratory syndrome coronavirus 2 isolate R5_8 genome assembly, complete genome: monopartite	19B	19B		19B	A.5	A.5	0	good	5	0	0	0	0	0	1	0	0	0	89233	55	29805	0.9949168979701033	E:1,M:1,N:1,ORF1a:1,ORF1b:1,ORF3a:1,ORF6:1,ORF7a:1,ORF7b:1,ORF8:1,ORF9b:1,S:1	false	C8782T,T12364A,A19719T,C26088T,T28144C				ORF8:L84S					T12364A,A19719T	0	0	2	2				0	0	0	0		internal_b384	T12364A,A19719T,C26088T				A.5	T12364A,A19719T				N/A	N/A	N/A	N/A	N/A	N/A	N/A	N/A	N/A	N/A			3000	0	good	0	10	0	good	0	24	-6	0	good	2		0	good	0		0		0	0	good		0	0	good	0				
418	LR884187.1 Severe acute respiratory syndrome coronavirus 2 isolate H12_1804 genome assembly, complete genome: monopartite	20A	20A		20A	B.1	B.1	0	good	8	0	0	0	0	0	4	0	0	0	89221	55	29805	0.9949168979701033	E:1,M:1,N:1,ORF1a:1,ORF1b:1,ORF3a:1,ORF6:1,ORF7a:1,ORF7b:1,ORF8:1,ORF9b:1,S:1	false	C241T,C3037T,G11801A,C14408T,A20268G,A23403G,G25218T,G29734C				ORF1a:G3846S,ORF1b:P314L,S:D614G,S:G1219V					G11801A,G25218T,G29734C	0	0	3	3			ORF1a:G3846S,S:G1219V	0	0	2	2		NODE_0000764	G11801A,A20268G,G25218T,G29734C		ORF1a:G3846S,S:G1219V		NODE_0000764	G11801A,A20268G,G25218T,G29734C		ORF1a:G3846S,S:G1219V		N/A	N/A	N/A	N/A	N/A	N/A	N/A	N/A	N/A	N/A			3000	0	good	0	10	0	good	0	24	-5	0	good	3		0	good	0		0		0	0	good		0	0	good	0				
419	LC581365.1 Severe acute respiratory syndrome coronavirus 2 TKYE63557_2020 genomic RNA, complete genome	19A	19A		19A	B	B	0	good	5	0	0	0	0	0	2	0	0	0	89680	4	29903	0.999899675617831	E:1,M:1,N:1,ORF1a:1,ORF1b:1,ORF3a:1,ORF6:1,ORF7a:1,ORF7b:1,ORF8:1,ORF9b:1,S:1	false	C11752T,C25665T,C26447T,A27700G,T28912C				E:S68F,ORF7a:I103V					C11752T,C25665T,C26447T,A27700G,T28912C	0	0	5	5			E:S68F,ORF7a:I103V	0	0	2	2		NODE_0000000	C11752T,C25665T,C26447T,A27700G,T28912C		E:S68F,ORF7a:I103V		NODE_0000000	C11752T,C25665T,C26447T,A27700G,T28912C		E:S68F,ORF7a:I103V		N/A	N/A	N/A	N/A	N/A	N/A	N/A	N/A	N/A	N/A			3000	0	good	0	10	0	good	0	24	-3	0	good	5		0	good	0		0		0	0	good		0	0	good	0				
420	MW127519.1 Severe acute respiratory syndrome coronavirus 2 isolate SARS-CoV-2/human/SRB/KS-0226-06-04/2020, complete genome	20B	20B		20B	B.1.1.70	B.1.1.70	0	good	12	0	0	0	0	0	6	0	0	0	89298	55	29836	0.9959535832525165	E:1,M:1,N:1,ORF1a:1,ORF1b:1,ORF3a:1,ORF6:1,ORF7a:1,ORF7b:1,ORF8:1,ORF9b:1,S:1	false	C241T,C3037T,G10265A,C14408T,A15972G,C19718T,C21622A,A23403G,T28759C,G28881A,G28882A,G28883C				N:R203K,N:G204R,ORF1a:G3334S,ORF1b:P314L,ORF1b:T2084I,S:D614G					C21622A	0	0	1	1				0	0	0	0		NODE_0000922	G10265A,A15972G,C19718T,C21622A,T28759C		ORF1a:G3334S,ORF1b:T2084I		B.1.1.70	C21622A				N/A	N/A	N/A	N/A	N/A	N/A	N/A	N/A	N/A	N/A			3000	0	good	0	10	0	good	0	24	-7	0	good	1		0	good	0		0		0	0	good		0	0	good	0				
421	MW127522.1 Severe acute respiratory syndrome coronavirus 2 isolate SARS-CoV-2/human/SRB/KS-0771-17-04/2020, complete genome	20B	20B		20B	B.1.1.70	B.1.1.70	0	good	13	0	0	0	0	0	8	0	0	0	89294	55	29836	0.9959535832525165	E:1,M:1,N:1,ORF1a:1,ORF1b:1,ORF3a:1,ORF6:1,ORF7a:1,ORF7b:1,ORF8:1,ORF9b:1,S:1	false	C241T,C3037T,G10265A,C14408T,A15972G,C19718T,G21121A,C21575T,A23403G,T28759C,G28881A,G28882A,G28883C				N:R203K,N:G204R,ORF1a:G3334S,ORF1b:P314L,ORF1b:T2084I,ORF1b:G2552R,S:L5F,S:D614G				C21575T|21F	G21121A	0	1	1	2			ORF1b:G2552R,S:L5F	0	0	2	2		NODE_0000922	G10265A,A15972G,C19718T,G21121A,C21575T,T28759C		ORF1a:G3334S,ORF1b:T2084I,ORF1b:G2552R,S:L5F		B.1.1.70	G21121A,C21575T		ORF1b:G2552R,S:L5F		N/A	N/A	N/A	N/A	N/A	N/A	N/A	N/A	N/A	N/A			3000	0	good	0	10	0	good	0	24	-3	0	good	5		0	good	0		0		0	0	good		0	0	good	0				
422	MW134563.1 Severe acute respiratory syndrome coronavirus 2 isolate SARS-CoV-2/human/ITA/Siena_21/2020, complete genome	20A	20A		20A	B.1	B.1	0	good	7	0	0	0	0	0	3	0	0	0	89471	4	29836	0.9976590977493897	E:1,M:1,N:1,ORF1a:1,ORF1b:1,ORF3a:1,ORF6:1,ORF7a:1,ORF7b:1,ORF8:1,ORF9b:1,S:1	false	C241T,C913T,C3037T,C5310T,C14408T,A23403G,G26196T				ORF1a:T1682I,ORF1b:P314L,S:D614G				C913T|20I	C5310T,G26196T	0	1	2	3			ORF1a:T1682I	0	0	1	1		NODE_0000764	C913T,C5310T,G26196T		ORF1a:T1682I		NODE_0000764	C913T,C5310T,G26196T		ORF1a:T1682I		N/A	N/A	N/A	N/A	N/A	N/A	N/A	N/A	N/A	N/A			3000	0	good	0	10	0	good	0	24	-2	0	good	6		0	good	0		0		0	0	good		0	0	good	0				
423	MW153049.1 Severe acute respiratory syndrome coronavirus 2 isolate SARS-CoV-2/human/AUS/VIC1293/2020, complete genome	19B	19B		19B	A.1	A.1	4.340278	good	12	0	0	0	6	0	7	0	0	3	89454	31	29866	0.9975587733672207	E:1,M:1,N:1,ORF1a:1,ORF1b:1,ORF3a:1,ORF6:1,ORF7a:1,ORF7b:1,ORF8:1,ORF9b:1,S:0.9976452119309263	false	C835T,G957A,A1547G,C8782T,C8947T,C11750T,C17747T,A17858G,C18060T,T24979C,G26660T,T28144C				M:L46F,ORF1a:C231Y,ORF1a:S428G,ORF1a:L3829F,ORF1b:P1427L,ORF1b:Y1464C,ORF8:L84S				C8947T|21C,C11750T|22E&23B	C835T,G957A,A1547G,T24979C,G26660T	0	2	5	7			M:L46F,ORF1a:C231Y,ORF1a:S428G,ORF1a:L3829F	0	0	4	4	22341-22346	internal_b384	C835T,G957A,A1547G,C8947T,C11750T,C17747T,A17858G,C18060T,T24979C,G26660T		M:L46F,ORF1a:C231Y,ORF1a:S428G,ORF1a:L3829F,ORF1b:P1427L,ORF1b:Y1464C		A.1	C835T,G957A,A1547G,C8947T,C11750T,T24979C,G26660T		M:L46F,ORF1a:C231Y,ORF1a:S428G,ORF1a:L3829F		N/A	N/A	N/A	N/A	N/A	N/A	N/A	N/A	N/A	N/A	S:260-262		3000	0	good	6	10	0	good	0	24	5	20.833333	good	13		0	good	0		0		0	0	good		0	0	good	0				
424	MW154238.1 Severe acute respiratory syndrome coronavirus 2 isolate SARS-CoV-2/human/AUS/VIC7514/2020, complete genome	20F	20F		20F	B.1.1.25.2	D.2	0	good	14	0	0	0	0	0	6	0	0	0	89386	39	29852	0.9970237099956526	E:1,M:1,N:1,ORF1a:1,ORF1b:1,ORF3a:1,ORF6:1,ORF7a:1,ORF7b:1,ORF8:1,ORF9b:1,S:1	false	C241T,A1163T,C3037T,C7162T,T7540C,C14408T,G16647T,C18555T,G22992A,G23401A,A23403G,G28881A,G28882A,G28883C				N:R203K,N:G204R,ORF1a:I300F,ORF1b:P314L,S:S477N,S:D614G					C7162T	0	0	1	1				0	0	0	0		D.2	C7162T				D.2	C7162T				N/A	N/A	N/A	N/A	N/A	N/A	N/A	N/A	N/A	N/A			3000	0	good	0	10	0	good	0	24	-7	0	good	1		0	good	0		0		0	0	good		0	0	good	0				
426	MW181804.1 Severe acute respiratory syndrome coronavirus 2 isolate SARS-CoV-2/human/IND/nimh-3948/2020, complete genome	20A	20A		20A	B.1.210	B.1.210	0	good	11	0	0	0	0	0	6	0	0	0	89398	31	29844	0.9970237099956526	E:1,M:1,N:1,ORF1a:1,ORF1b:1,ORF3a:1,ORF6:1,ORF7a:1,ORF7b:1,ORF8:1,ORF9b:1,S:1	false	C241T,C3037T,C3634T,A3742G,C5055T,C14408T,C15324T,G16945A,G20709T,A23403G,C23635T				ORF1a:I1159M,ORF1a:T1597I,ORF1b:P314L,ORF1b:A1160T,ORF1b:M2414I,S:D614G					A3742G,C5055T,G16945A,G20709T,C23635T	0	0	5	5			ORF1a:I1159M,ORF1a:T1597I,ORF1b:A1160T,ORF1b:M2414I	0	0	4	4		NODE_0000764	C3634T,A3742G,C5055T,C15324T,G16945A,G20709T,C23635T		ORF1a:I1159M,ORF1a:T1597I,ORF1b:A1160T,ORF1b:M2414I		B.1.210	A3742G,C5055T,G16945A,G20709T,C23635T		ORF1a:I1159M,ORF1a:T1597I,ORF1b:A1160T,ORF1b:M2414I		N/A	N/A	N/A	N/A	N/A	N/A	N/A	N/A	N/A	N/A			3000	0	good	0	10	0	good	0	24	-3	0	good	5		0	good	0		0		0	0	good		0	0	good	0				
425	MW180935.1 Severe acute respiratory syndrome coronavirus 2 isolate SARS-CoV-2/humans/USA/NM-LANL-2020016075/2020, complete genome	20A	20A		20A	B.1	B.1	0	good	0	0	0	0	12	0	0	0	0	11	89334	55	29836	0.9955522857238405	E:1,M:1,N:1,ORF1a:0.9993183367416496,ORF1b:0.9981454005934718,ORF3a:0.9963768115942029,ORF6:1,ORF7a:1,ORF7b:1,ORF8:1,ORF9b:1,S:0.9984301412872841	false											0	0	0	0				0	0	0	0	241,3037,4148,11417,14408,17245,17808,18877,21285,23124,23403,25563	NODE_0000764					NODE_0000764					N/A	N/A	N/A	N/A	N/A	N/A	N/A	N/A	N/A	N/A	ORF1a:924,ORF1a:1295,ORF1a:3718,ORF1b:314,ORF1b:1260,ORF1b:1447,ORF1b:1804,ORF1b:2606,S:521,S:614,ORF3a:57		3000	0	good	12	10	0	good	0	24	-8	0	good	0		0	good	0		0		0	0	good		0	0	good	0				
427	MW181811.1 Severe acute respiratory syndrome coronavirus 2 isolate SARS-CoV-2/human/IND/nimh-5297/2020, complete genome	19A	19A		19A	B.6	B.6	0.173611	good	14	0	0	0	0	0	12	0	0	0	89455	30	29866	0.9977928635922817	E:1,M:1,N:1,ORF1a:1,ORF1b:1,ORF3a:1,ORF6:1,ORF7a:1,ORF7b:1,ORF8:1,ORF9b:1,S:1	false	C1281T,C6312A,T8022G,G11083T,C13730T,C16092T,G16396A,G16943T,G23441C,A23442C,C23929T,G25437T,C28311T,G28946T				N:P13L,N:D225Y,ORF1a:A339V,ORF1a:T2016K,ORF1a:V2586G,ORF1a:L3606F,ORF1b:A88V,ORF1b:G977S,ORF1b:S1159I,ORF3a:L15F,ORF9b:P10S,S:D627P					C1281T,T8022G,C16092T,G16396A,G16943T,G23441C,A23442C,G25437T,G28946T	0	0	9	9			N:D225Y,ORF1a:A339V,ORF1a:V2586G,ORF1b:G977S,ORF1b:S1159I,ORF3a:L15F,S:D627P	0	0	7	7		NODE_0000000	C1281T,C6312A,T8022G,G11083T,C13730T,C16092T,G16396A,G16943T,G23441C,A23442C,C23929T,G25437T,C28311T,G28946T		N:P13L,N:D225Y,ORF1a:A339V,ORF1a:T2016K,ORF1a:V2586G,ORF1a:L3606F,ORF1b:A88V,ORF1b:G977S,ORF1b:S1159I,ORF3a:L15F,ORF9b:P10S,S:D627P		NODE_0000755	C1281T,T8022G,C16092T,G16396A,G16943T,G23441C,A23442C,G25437T,G28946T		N:D225Y,ORF1a:A339V,ORF1a:V2586G,ORF1b:G977S,ORF1b:S1159I,ORF3a:L15F,S:D627P		N/A	N/A	N/A	N/A	N/A	N/A	N/A	N/A	N/A	N/A			3000	0	good	0	10	0	good	0	24	1	4.166667	good	9		0	good	0		0		0	0	good		0	0	good	0				
428	MW185823.1 Severe acute respiratory syndrome coronavirus 2 isolate SARS-CoV-2/human/PER/CoV-19_HRL-224/2020, complete genome	20D	20D		20D	B.1.1.1.14	C.14	0	good	12	0	0	0	0	0	6	0	0	0	89556	5	29872	0.9988295488746949	E:1,M:1,N:1,ORF1a:1,ORF1b:1,ORF3a:1,ORF6:1,ORF7a:1,ORF7b:1,ORF8:1,ORF9b:1,S:1	false	C241T,C3037T,C4002T,G10097A,C13536T,C14408T,A23403G,C23731T,G28881A,G28882A,G28883C,G29179T				N:R203K,N:G204R,ORF1a:T1246I,ORF1a:G3278S,ORF1b:P314L,S:D614G						0	0	0	0				0	0	0	0		NODE_0000960	G29179T				C.14					N/A	N/A	N/A	N/A	N/A	N/A	N/A	N/A	N/A	N/A			3000	0	good	0	10	0	good	0	24	-8	0	good	0		0	good	0		0		0	0	good		0	0	good	0				
432	MW191121.1 Severe acute respiratory syndrome coronavirus 2 isolate SARS-CoV-2/human/USA/CO-QDX-2328/2020, complete genome	20C	20C		20C	B.1	B.1	0	good	8	0	0	0	0	0	6	0	0	0	89314	55	29836	0.9959535832525165	E:1,M:1,N:1,ORF1a:1,ORF1b:1,ORF3a:1,ORF6:1,ORF7a:1,ORF7b:1,ORF8:1,ORF9b:1,S:1	false	C241T,C1059T,C3037T,C8982T,C14408T,A23403G,G25563T,T28414C				ORF1a:T265I,ORF1a:T2906I,ORF1b:P314L,ORF3a:Q57H,ORF9b:I44T,S:D614G					C8982T,T28414C	0	0	2	2			ORF1a:T2906I,ORF9b:I44T	0	0	2	2		NODE_0000826	C8982T,T28414C		ORF1a:T2906I,ORF9b:I44T		NODE_0000764	C1059T,C8982T,G25563T,T28414C		ORF1a:T265I,ORF1a:T2906I,ORF3a:Q57H,ORF9b:I44T		N/A	N/A	N/A	N/A	N/A	N/A	N/A	N/A	N/A	N/A			3000	0	good	0	10	0	good	0	24	-6	0	good	2		0	good	0		0		0	0	good		0	0	good	0				
431	MW186669.1 Severe acute respiratory syndrome coronavirus 2 isolate SARS-CoV-2/human/EGY/Cairo-sample 19 MOH/2020, complete genome	20A	20A		20A	B.1	B.1	4	good	6	0	0	0	0	2	3	0	0	2	89541	8	29862	0.9983279269638498	E:1,M:1,N:1,ORF1a:0.9995455578277664,ORF1b:1,ORF3a:1,ORF6:1,ORF7a:1,ORF7b:1,ORF8:1,ORF9b:1,S:1	false	C241T,C3037T,C14408T,C18877T,A23403G,G25563T				ORF1b:P314L,ORF3a:Q57H,S:D614G						0	0	0	0				0	0	0	0		NODE_0000764	C18877T,G25563T		ORF3a:Q57H		NODE_0000764	C18877T,G25563T		ORF3a:Q57H		N/A	N/A	N/A	N/A	N/A	N/A	N/A	N/A	N/A	N/A	ORF1a:241-242	M:987,M:989	3000	0	good	0	10	20	good	2	24	-8	0	good	0		0	good	0		0		0	0	good		0	0	good	0				
430	MW185827.1 Severe acute respiratory syndrome coronavirus 2 isolate SARS-CoV-2/human/PER/CoV-19_HRL-235/2020, complete genome	20D	20D		20D	B.1.1.1.14	C.14	0	good	12	0	0	0	0	0	6	0	0	0	89580	5	29880	0.9990970805604789	E:1,M:1,N:1,ORF1a:1,ORF1b:1,ORF3a:1,ORF6:1,ORF7a:1,ORF7b:1,ORF8:1,ORF9b:1,S:1	false	C241T,C3037T,C4002T,G10097A,C13536T,C14408T,A23403G,C23731T,G28881A,G28882A,G28883C,G29179T				N:R203K,N:G204R,ORF1a:T1246I,ORF1a:G3278S,ORF1b:P314L,S:D614G						0	0	0	0				0	0	0	0		NODE_0000960	G29179T				C.14					N/A	N/A	N/A	N/A	N/A	N/A	N/A	N/A	N/A	N/A			3000	0	good	0	10	0	good	0	24	-8	0	good	0		0	good	0		0		0	0	good		0	0	good	0				
435	MW199186.1 Severe acute respiratory syndrome coronavirus 2 isolate SARS-CoV-2/human/TUR/KOC-IST-B316/2020, complete genome	20B	20B		20B	B.1.1	B.1.1	0	good	7	0	0	0	0	0	4	0	0	0	89627	17	29901	0.9993980537069859	E:1,M:1,N:1,ORF1a:1,ORF1b:1,ORF3a:1,ORF6:1,ORF7a:1,ORF7b:1,ORF8:1,ORF9b:1,S:1	false	C241T,C3037T,C14408T,A23403G,G28881A,G28882A,G28883C				N:R203K,N:G204R,ORF1b:P314L,S:D614G						0	0	0	0				0	0	0	0		NODE_0000922					NODE_0000922					N/A	N/A	N/A	N/A	N/A	N/A	N/A	N/A	N/A	N/A			3000	0	good	0	10	0	good	0	24	-8	0	good	0		0	good	0		0		0	0	good		0	0	good	0				
429	MW185824.1 Severe acute respiratory syndrome coronavirus 2 isolate SARS-CoV-2/human/PER/CoV-19_HRL-223/2020, complete genome	20D	20D		20D	B.1.1.1.14	C.14	0	good	14	0	0	0	0	0	8	0	0	0	89506	11	29864	0.9983613684245728	E:1,M:1,N:1,ORF1a:1,ORF1b:1,ORF3a:1,ORF6:1,ORF7a:1,ORF7b:1,ORF8:1,ORF9b:1,S:1	false	C241T,C3037T,C4002T,G10097A,A10323G,C13536T,C14408T,A23403G,C23731T,G27160T,G28881A,G28882A,G28883C,G29179T				M:S213I,N:R203K,N:G204R,ORF1a:T1246I,ORF1a:G3278S,ORF1a:K3353R,ORF1b:P314L,S:D614G				A10323G|20H&25D&25I	G27160T	0	1	1	2			M:S213I,ORF1a:K3353R	0	0	2	2		NODE_0000960	A10323G,G27160T,G29179T		M:S213I,ORF1a:K3353R		C.14	A10323G,G27160T		M:S213I,ORF1a:K3353R		N/A	N/A	N/A	N/A	N/A	N/A	N/A	N/A	N/A	N/A			3000	0	good	0	10	0	good	0	24	-3	0	good	5		0	good	0		0		0	0	good		0	0	good	0				
433	MW191501.1 Severe acute respiratory syndrome coronavirus 2 isolate SARS-CoV-2/human/IND/nimh-3033/2020, complete genome	20A	20A		20A	B.1.210	B.1.210	0	good	11	0	0	0	7	0	6	0	0	5	89343	46	29843	0.9962545563990235	E:1,M:1,N:1,ORF1a:1,ORF1b:0.9992581602373887,ORF3a:1,ORF6:1,ORF7a:1,ORF7b:1,ORF8:0.9754098360655737,ORF9b:1,S:1	false	C241T,C3037T,C3634T,A3742G,C5055T,C14408T,C15324T,G16945A,G20709T,A23403G,C23635T				ORF1a:I1159M,ORF1a:T1597I,ORF1b:P314L,ORF1b:A1160T,ORF1b:M2414I,S:D614G					A3742G,C5055T,G16945A,G20709T,C23635T	0	0	5	5			ORF1a:I1159M,ORF1a:T1597I,ORF1b:A1160T,ORF1b:M2414I	0	0	4	4	16822,21444,28250-28254	NODE_0000764	C3634T,A3742G,C5055T,C15324T,G16945A,G20709T,C23635T		ORF1a:I1159M,ORF1a:T1597I,ORF1b:A1160T,ORF1b:M2414I		B.1.210	A3742G,C5055T,G16945A,G20709T,C23635T		ORF1a:I1159M,ORF1a:T1597I,ORF1b:A1160T,ORF1b:M2414I		N/A	N/A	N/A	N/A	N/A	N/A	N/A	N/A	N/A	N/A	ORF1b:1119,ORF1b:2659,ORF8:119-121		3000	0	good	7	10	0	good	0	24	-3	0	good	5		0	good	0		0		0	0	good		0	0	good	0				
434	MW199150.1 Severe acute respiratory syndrome coronavirus 2 isolate SARS-CoV-2/human/TUR/KOC-IST-B288/2020, complete genome	20A	20A		20A	B.1.9	B.1.9	0	good	12	0	0	0	0	0	6	0	0	0	89520	15	29870	0.9984282513460188	E:1,M:1,N:1,ORF1a:1,ORF1b:1,ORF3a:1,ORF6:1,ORF7a:1,ORF7b:1,ORF8:1,ORF9b:1,S:1	false	C241T,C2113T,C3037T,T5080C,C7765T,C14408T,C17690T,C18877T,C19451T,T21784A,A23403G,G25563T				ORF1b:P314L,ORF1b:S1408L,ORF1b:A1995V,ORF3a:Q57H,S:N74K,S:D614G					T5080C,C19451T,T21784A	0	0	3	3			ORF1b:A1995V,S:N74K	0	0	2	2		NODE_0000764	C2113T,T5080C,C7765T,C17690T,C18877T,C19451T,T21784A,G25563T		ORF1b:S1408L,ORF1b:A1995V,ORF3a:Q57H,S:N74K		NODE_0000806	C2113T,T5080C,C19451T,T21784A		ORF1b:A1995V,S:N74K		N/A	N/A	N/A	N/A	N/A	N/A	N/A	N/A	N/A	N/A			3000	0	good	0	10	0	good	0	24	-5	0	good	3		0	good	0		0		0	0	good		0	0	good	0				
439	MW273794.1 Severe acute respiratory syndrome coronavirus 2 isolate SARS-CoV-2/human/POL/PL_MCB_12/2020, complete genome	19A	19A		19A	B.40	B.40	0	good	8	0	0	0	0	0	5	0	0	0	89371	26	29826	0.9965889710062535	E:1,M:1,N:1,ORF1a:1,ORF1b:1,ORF3a:1,ORF6:1,ORF7a:1,ORF7b:1,ORF8:1,ORF9b:1,S:1	false	A2480G,C2558T,C2644T,G11083T,C12525T,C14805T,C18885A,G26144T				ORF1a:I739V,ORF1a:P765S,ORF1a:L3606F,ORF1a:T4087I,ORF3a:G251V					C2644T,C12525T,C18885A	0	0	3	3			ORF1a:T4087I	0	0	1	1		NODE_0000000	A2480G,C2558T,C2644T,G11083T,C12525T,C14805T,C18885A,G26144T		ORF1a:I739V,ORF1a:P765S,ORF1a:L3606F,ORF1a:T4087I,ORF3a:G251V		B.40	C2644T,C12525T,C18885A		ORF1a:T4087I		N/A	N/A	N/A	N/A	N/A	N/A	N/A	N/A	N/A	N/A			3000	0	good	0	10	0	good	0	24	-5	0	good	3		0	good	0		0		0	0	good		0	0	good	0				
437	MW266956.1 Severe acute respiratory syndrome coronavirus 2 isolate SARS-CoV-2/human/SRB/UE0020-07-04/2020, complete genome	20D	20D		20D	B.1.1.1.35	C.35	0	good	15	0	0	0	0	0	9	0	0	0	89286	55	29836	0.9959535832525165	E:1,M:1,N:1,ORF1a:1,ORF1b:1,ORF3a:1,ORF6:1,ORF7a:1,ORF7b:1,ORF8:1,ORF9b:1,S:1	false	C241T,C3037T,C4002T,G5950T,C9857T,G10097A,C13536T,C14408T,G19677T,G19732T,A23403G,C23731T,G28881A,G28882A,G28883C				N:R203K,N:G204R,ORF1a:T1246I,ORF1a:K1895N,ORF1a:G3278S,ORF1b:P314L,ORF1b:Q2070H,ORF1b:V2089F,S:D614G				C9857T|21G	G19677T	0	1	1	2			ORF1b:Q2070H	0	0	1	1		NODE_0000960	G5950T,C9857T,G19677T,G19732T		ORF1a:K1895N,ORF1b:Q2070H,ORF1b:V2089F		C.35	C9857T,G19677T		ORF1b:Q2070H		N/A	N/A	N/A	N/A	N/A	N/A	N/A	N/A	N/A	N/A			3000	0	good	0	10	0	good	0	24	-3	0	good	5		0	good	0		0		0	0	good		0	0	good	0				
438	MW273784.1 Severe acute respiratory syndrome coronavirus 2 isolate SARS-CoV-2/human/POL/PL_MCB_2/2020, complete genome	20A	20A		20A	B.1	B.1	0	good	8	6	0	0	0	0	4	2	0	0	89346	26	29826	0.9965889710062535	E:1,M:1,N:1,ORF1a:1,ORF1b:1,ORF3a:1,ORF6:1,ORF7a:1,ORF7b:1,ORF8:1,ORF9b:1,S:1	false	C241T,C3037T,C5886T,G8179T,C14408T,C16178T,A23403G,C28139A	22289-22294			ORF1a:T1874I,ORF1b:P314L,ORF1b:S904L,S:D614G	S:L242-,S:A243-				C5886T,G8179T,C16178T,C28139A	0	0	4	4			ORF1a:T1874I,ORF1b:S904L	0	0	2	2		NODE_0000764	C5886T,G8179T,C16178T,C28139A	22289-22294	ORF1a:T1874I,ORF1b:S904L	S:L242-,S:A243-	NODE_0000764	C5886T,G8179T,C16178T,C28139A	22289-22294	ORF1a:T1874I,ORF1b:S904L	S:L242-,S:A243-	N/A	N/A	N/A	N/A	N/A	N/A	N/A	N/A	N/A	N/A			3000	0	good	0	10	0	good	0	24	-3	0	good	5		0	good	0		0		0	0	good		0	0	good	0				
436	MW219695.1 Severe acute respiratory syndrome coronavirus 2 isolate SARS-CoV-2/human/JPN/UT-NCGM02/2020, complete genome	19B	19B		19B	A	A	0	good	5	0	0	0	1	0	2	0	0	1	89325	55	29836	0.9959201417917934	E:1,M:1,N:1,ORF1a:0.9997727789138832,ORF1b:1,ORF3a:1,ORF6:1,ORF7a:1,ORF7b:1,ORF8:1,ORF9b:1,S:1	false	C2662T,C3792T,C8782T,T28144C,C29095T				ORF1a:A1176V,ORF8:L84S					C2662T,C3792T,C29095T	0	0	3	3			ORF1a:A1176V	0	0	1	1	3833	internal_b384	C2662T,C3792T,C29095T		ORF1a:A1176V		internal_b384	C2662T,C3792T,C29095T		ORF1a:A1176V		N/A	N/A	N/A	N/A	N/A	N/A	N/A	N/A	N/A	N/A	ORF1a:1190		3000	0	good	1	10	0	good	0	24	-5	0	good	3		0	good	0		0		0	0	good		0	0	good	0				
440	MW273796.1 Severe acute respiratory syndrome coronavirus 2 isolate SARS-CoV-2/human/POL/PL_MCB_14/2020, complete genome	20A	20A		20A	B.1	B.1	0	good	7	0	0	0	0	0	4	0	0	0	89369	26	29824	0.9965220880848076	E:1,M:1,N:1,ORF1a:1,ORF1b:1,ORF3a:1,ORF6:1,ORF7a:1,ORF7b:1,ORF8:1,ORF9b:1,S:1	false	C241T,C3037T,C8481T,C14408T,T18927C,A23403G,G23782T				ORF1a:P2739L,ORF1b:P314L,S:D614G,S:M740I					C8481T,T18927C,G23782T	0	0	3	3			ORF1a:P2739L,S:M740I	0	0	2	2		NODE_0000764	C8481T,T18927C,G23782T		ORF1a:P2739L,S:M740I		NODE_0000764	C8481T,T18927C,G23782T		ORF1a:P2739L,S:M740I		N/A	N/A	N/A	N/A	N/A	N/A	N/A	N/A	N/A	N/A			3000	0	good	0	10	0	good	0	24	-5	0	good	3		0	good	0		0		0	0	good		0	0	good	0				
441	MW273799.1 Severe acute respiratory syndrome coronavirus 2 isolate SARS-CoV-2/human/POL/PL_MCB_17/2020, complete genome	20A	20A		20A	B.1	B.1	1	good	6	0	0	0	0	1	3	0	0	0	89373	26	29824	0.9964886466240845	E:1,M:1,N:1,ORF1a:1,ORF1b:1,ORF3a:1,ORF6:1,ORF7a:1,ORF7b:1,ORF8:1,ORF9b:1,S:1	false	C241T,C3037T,C14408T,T18927C,A23403G,G23782T				ORF1b:P314L,S:D614G,S:M740I					T18927C,G23782T	0	0	2	2			S:M740I	0	0	1	1		NODE_0000764	T18927C,G23782T		S:M740I		NODE_0000764	T18927C,G23782T		S:M740I		N/A	N/A	N/A	N/A	N/A	N/A	N/A	N/A	N/A	N/A		Y:20823	3000	0	good	0	10	10	good	1	24	-6	0	good	2		0	good	0		0		0	0	good		0	0	good	0				
442	MW273821.1 Severe acute respiratory syndrome coronavirus 2 isolate SARS-CoV-2/human/POL/PL_MCB_39/2020, complete genome	20A	20A		20A	B.1	B.1	0	good	7	0	0	0	0	0	4	0	0	0	89381	22	29824	0.9966558539276995	E:1,M:1,N:1,ORF1a:1,ORF1b:1,ORF3a:1,ORF6:1,ORF7a:1,ORF7b:1,ORF8:1,ORF9b:1,S:1	false	C241T,A544G,C3037T,T7767C,A10286G,C14408T,A23403G				ORF1a:I2501T,ORF1a:I3341V,ORF1b:P314L,S:D614G					A544G,T7767C,A10286G	0	0	3	3			ORF1a:I2501T,ORF1a:I3341V	0	0	2	2		NODE_0000764	A544G,T7767C,A10286G		ORF1a:I2501T,ORF1a:I3341V		NODE_0000764	A544G,T7767C,A10286G		ORF1a:I2501T,ORF1a:I3341V		N/A	N/A	N/A	N/A	N/A	N/A	N/A	N/A	N/A	N/A			3000	0	good	0	10	0	good	0	24	-5	0	good	3		0	good	0		0		0	0	good		0	0	good	0				
443	MW273823.1 Severe acute respiratory syndrome coronavirus 2 isolate SARS-CoV-2/human/POL/PL_MCB_41/2020, complete genome	20B	20B		20B	B.1.1	B.1.1	0	good	12	0	0	0	0	0	6	0	0	0	89385	21	29831	0.9969233856134836	E:1,M:1,N:1,ORF1a:1,ORF1b:1,ORF3a:1,ORF6:1,ORF7a:1,ORF7b:1,ORF8:1,ORF9b:1,S:1	false	C241T,C3037T,C12025T,C14408T,G23213A,A23403G,T25554G,G28881A,G28882A,G28883C,C29249T,C29831T				N:R203K,N:G204R,N:P326S,ORF1b:P314L,S:V551I,S:D614G					C12025T,G23213A,T25554G,C29249T,C29831T	0	0	5	5			N:P326S,S:V551I	0	0	2	2		NODE_0000922	C12025T,G23213A,T25554G,C29249T,C29831T		N:P326S,S:V551I		NODE_0000922	C12025T,G23213A,T25554G,C29249T,C29831T		N:P326S,S:V551I		N/A	N/A	N/A	N/A	N/A	N/A	N/A	N/A	N/A	N/A			3000	0	good	0	10	0	good	0	24	-3	0	good	5		0	good	0		0		0	0	good		0	0	good	0				
445	MW273827.1 Severe acute respiratory syndrome coronavirus 2 isolate SARS-CoV-2/human/POL/PL_MCB_45/2020, complete genome	20A	20A		20A	B.1	B.1	0	good	6	0	0	0	0	0	3	0	0	0	89442	26	29847	0.9972912416814367	E:1,M:1,N:1,ORF1a:1,ORF1b:1,ORF3a:1,ORF6:1,ORF7a:1,ORF7b:1,ORF8:1,ORF9b:1,S:1	false	C241T,A544G,C3037T,T7767C,C14408T,A23403G				ORF1a:I2501T,ORF1b:P314L,S:D614G					A544G,T7767C	0	0	2	2			ORF1a:I2501T	0	0	1	1		NODE_0000764	A544G,T7767C		ORF1a:I2501T		NODE_0000764	A544G,T7767C		ORF1a:I2501T		N/A	N/A	N/A	N/A	N/A	N/A	N/A	N/A	N/A	N/A			3000	0	good	0	10	0	good	0	24	-6	0	good	2		0	good	0		0		0	0	good		0	0	good	0				
444	MW273824.1 Severe acute respiratory syndrome coronavirus 2 isolate SARS-CoV-2/human/POL/PL_MCB_42/2020, complete genome	20B	20B		20B	B.1.1	B.1.1	0	good	10	0	0	0	0	0	5	0	0	0	89381	25	29831	0.9967896197705916	E:1,M:1,N:1,ORF1a:1,ORF1b:1,ORF3a:1,ORF6:1,ORF7a:1,ORF7b:1,ORF8:1,ORF9b:1,S:1	false	C241T,C3037T,C14408T,A23403G,T25554G,G28881A,G28882A,G28883C,C29249T,C29831T				N:R203K,N:G204R,N:P326S,ORF1b:P314L,S:D614G					T25554G,C29249T,C29831T	0	0	3	3			N:P326S	0	0	1	1		NODE_0000922	T25554G,C29249T,C29831T		N:P326S		NODE_0000922	T25554G,C29249T,C29831T		N:P326S		N/A	N/A	N/A	N/A	N/A	N/A	N/A	N/A	N/A	N/A			3000	0	good	0	10	0	good	0	24	-5	0	good	3		0	good	0		0		0	0	good		0	0	good	0				
446	MW273855.1 Severe acute respiratory syndrome coronavirus 2 isolate SARS-CoV-2/human/POL/PL_MCB_73/2020, complete genome	20A	20A		20A	B.1	B.1	4	good	6	0	0	0	0	2	3	0	0	0	89379	26	29826	0.9965220880848076	E:1,M:1,N:1,ORF1a:1,ORF1b:1,ORF3a:1,ORF6:1,ORF7a:1,ORF7b:1,ORF8:1,ORF9b:1,S:1	false	C241T,A544G,C3037T,C14408T,C17104T,A23403G				ORF1b:P314L,ORF1b:H1213Y,S:D614G					A544G,C17104T	0	0	2	2			ORF1b:H1213Y	0	0	1	1		NODE_0000764	A544G,C17104T		ORF1b:H1213Y		NODE_0000764	A544G,C17104T		ORF1b:H1213Y		N/A	N/A	N/A	N/A	N/A	N/A	N/A	N/A	N/A	N/A		Y:19170,Y:28253	3000	0	good	0	10	20	good	2	24	-6	0	good	2		0	good	0		0		0	0	good		0	0	good	0				
447	MW276779.1 Severe acute respiratory syndrome coronavirus 2 isolate SARS-CoV-2/human/AUS/VIC16691/2020, complete genome	20F	20F		20F	B.1.1.25.2	D.2	0	good	14	0	0	0	0	0	7	0	0	0	89308	51	29838	0.9961542320168545	E:1,M:1,N:1,ORF1a:1,ORF1b:1,ORF3a:1,ORF6:1,ORF7a:1,ORF7b:1,ORF8:1,ORF9b:1,S:1	false	C241T,A1163T,C3037T,T7540C,C14408T,G16647T,C18555T,G22520A,G22992A,G23401A,A23403G,G28881A,G28882A,G28883C				N:R203K,N:G204R,ORF1a:I300F,ORF1b:P314L,S:V320I,S:S477N,S:D614G					G22520A	0	0	1	1			S:V320I	0	0	1	1		D.2	G22520A		S:V320I		D.2	G22520A		S:V320I		N/A	N/A	N/A	N/A	N/A	N/A	N/A	N/A	N/A	N/A			3000	0	good	0	10	0	good	0	24	-7	0	good	1		0	good	0		0		0	0	good		0	0	good	0				
452	MW306666.1 Severe acute respiratory syndrome coronavirus 2 isolate SARS-CoV-2/human/TUR/ETLKVET1/2020, complete genome	20A	20A		20A	B.1	B.1	0	good	8	0	0	0	0	0	4	0	0	0	89569	7	29873	0.9987961074139718	E:1,M:1,N:1,ORF1a:1,ORF1b:1,ORF3a:1,ORF6:1,ORF7a:1,ORF7b:1,ORF8:1,ORF9b:1,S:1	false	C241T,C3037T,C14408T,C18744T,T19839C,A23403G,C28054T,G28881C				N:R203T,ORF1b:P314L,ORF8:S54L,S:D614G					C18744T,T19839C,C28054T,G28881C	0	0	4	4			N:R203T,ORF8:S54L	0	0	2	2		NODE_0000764	C18744T,T19839C,C28054T,G28881C		N:R203T,ORF8:S54L		NODE_0000764	C18744T,T19839C,C28054T,G28881C		N:R203T,ORF8:S54L		N/A	N/A	N/A	N/A	N/A	N/A	N/A	N/A	N/A	N/A			3000	0	good	0	10	0	good	0	24	-4	0	good	4		0	good	0		0		0	0	good		0	0	good	0				
453	MW306667.1 Severe acute respiratory syndrome coronavirus 2 isolate SARS-CoV-2/human/TUR/ETLKVET2/2020, complete genome	20A	20A		20A	B.1.9	B.1.9	0	good	10	0	0	0	0	0	5	0	0	0	89561	7	29873	0.9987961074139718	E:1,M:1,N:1,ORF1a:1,ORF1b:1,ORF3a:1,ORF6:1,ORF7a:1,ORF7b:1,ORF8:1,ORF9b:1,S:1	false	C241T,C2113T,C3037T,C7765T,C14408T,G17014T,C17690T,C18877T,A23403G,G25563T				ORF1b:P314L,ORF1b:D1183Y,ORF1b:S1408L,ORF3a:Q57H,S:D614G				G17014T|21C		0	1	0	1			ORF1b:D1183Y	0	0	1	1		NODE_0000764	C2113T,C7765T,G17014T,C17690T,C18877T,G25563T		ORF1b:D1183Y,ORF1b:S1408L,ORF3a:Q57H		NODE_0000806	C2113T,G17014T		ORF1b:D1183Y		N/A	N/A	N/A	N/A	N/A	N/A	N/A	N/A	N/A	N/A			3000	0	good	0	10	0	good	0	24	-4	0	good	4		0	good	0		0		0	0	good		0	0	good	0				
449	MW302341.1 Severe acute respiratory syndrome coronavirus 2 isolate SARS-CoV-2/human/TUN/TUN-20203913/2020, complete genome	20B	20B		20B	B.1.1	B.1.1	0	good	10	0	0	0	12	0	4	0	0	4	89639	7	29903	0.9993980537069859	E:1,M:1,N:1,ORF1a:0.9990911156555329,ORF1b:1,ORF3a:1,ORF6:1,ORF7a:1,ORF7b:1,ORF8:1,ORF9b:1,S:1	false	C241T,C3037T,C14408T,C19269T,A23403G,G28881A,G28882A,G28883C,A29866C,A29875C				N:R203K,N:G204R,ORF1b:P314L,S:D614G					C19269T,A29866C,A29875C	0	0	3	3				0	0	0	0	11174-11185	NODE_0000922	C19269T,A29866C,A29875C				NODE_0000922	C19269T,A29866C,A29875C				N/A	N/A	N/A	N/A	N/A	N/A	N/A	N/A	N/A	N/A	ORF1a:3637-3640		3000	0	good	12	10	0	good	0	24	-5	0	good	3		0	good	0		0		0	0	good		0	0	good	0				
448	MW277656.1 Severe acute respiratory syndrome coronavirus 2 isolate SARS-CoV-2/human/AUS/VIC16038/2020, complete genome	20F	20F		20F	B.1.1.25.2	D.2	0	good	14	0	0	0	0	0	7	0	0	0	89356	48	29851	0.9966892953884225	E:1,M:1,N:1,ORF1a:1,ORF1b:1,ORF3a:1,ORF6:1,ORF7a:1,ORF7b:1,ORF8:1,ORF9b:1,S:1	false	C241T,A1163T,C3037T,T7540C,C14408T,G16647T,C18555T,G22992A,G23401A,A23403G,G26526T,G28881A,G28882A,G28883C				M:A2S,N:R203K,N:G204R,ORF1a:I300F,ORF1b:P314L,S:S477N,S:D614G					G26526T	0	0	1	1			M:A2S	0	0	1	1		D.2	G26526T		M:A2S		D.2	G26526T		M:A2S		N/A	N/A	N/A	N/A	N/A	N/A	N/A	N/A	N/A	N/A			3000	0	good	0	10	0	good	0	24	-7	0	good	1		0	good	0		0		0	0	good		0	0	good	0				
450	MW305250.1 Severe acute respiratory syndrome coronavirus 2 isolate SARS-CoV-2/human/RUS/d186e1521/2020, complete genome	20B	20B		20B	B.1.1	B.1.1	0	good	7	0	0	0	0	0	4	0	0	0	89177	34	29768	0.9943818345985352	E:1,M:1,N:1,ORF1a:1,ORF1b:1,ORF3a:1,ORF6:1,ORF7a:1,ORF7b:1,ORF8:1,ORF9b:1,S:1	false	C241T,C3037T,C14408T,A23403G,G28881A,G28882A,G28883C				N:R203K,N:G204R,ORF1b:P314L,S:D614G						0	0	0	0				0	0	0	0		NODE_0000922					NODE_0000922					N/A	N/A	N/A	N/A	N/A	N/A	N/A	N/A	N/A	N/A			3000	0	good	0	10	0	good	0	24	-8	0	good	0		0	good	0		0		0	0	good		0	0	good	0				
455	MW315975.1 Severe acute respiratory syndrome coronavirus 2 isolate SARS-CoV-2/human/SRB/KI00020-13-03/2020, complete genome	20B	20B		20B	B.1.1	B.1.1	0	good	8	0	0	0	0	0	4	0	0	0	89314	55	29836	0.9959535832525165	E:1,M:1,N:1,ORF1a:1,ORF1b:1,ORF3a:1,ORF6:1,ORF7a:1,ORF7b:1,ORF8:1,ORF9b:1,S:1	false	C241T,C3037T,C14408T,T17784C,A23403G,G28881A,G28882A,G28883C				N:R203K,N:G204R,ORF1b:P314L,S:D614G					T17784C	0	0	1	1				0	0	0	0		NODE_0000922	T17784C				NODE_0000922	T17784C				N/A	N/A	N/A	N/A	N/A	N/A	N/A	N/A	N/A	N/A			3000	0	good	0	10	0	good	0	24	-7	0	good	1		0	good	0		0		0	0	good		0	0	good	0				
451	MW305251.1 Severe acute respiratory syndrome coronavirus 2 isolate SARS-CoV-2/human/RUS/d186b1583/2020, complete genome	20C	20C		20C	B.1	B.1	0	good	8	0	0	0	0	0	5	0	0	0	89491	34	29874	0.9979266294351737	E:1,M:1,N:1,ORF1a:1,ORF1b:1,ORF3a:1,ORF6:1,ORF7a:1,ORF7b:1,ORF8:1,ORF9b:1,S:1	false	C241T,C1059T,T1993C,C3037T,C7164T,C14408T,A23403G,G25563T				ORF1a:T265I,ORF1a:T2300I,ORF1b:P314L,ORF3a:Q57H,S:D614G					T1993C,C7164T	0	0	2	2			ORF1a:T2300I	0	0	1	1		NODE_0000826	T1993C,C7164T		ORF1a:T2300I		NODE_0000764	C1059T,T1993C,C7164T,G25563T		ORF1a:T265I,ORF1a:T2300I,ORF3a:Q57H		N/A	N/A	N/A	N/A	N/A	N/A	N/A	N/A	N/A	N/A			3000	0	good	0	10	0	good	0	24	-6	0	good	2		0	good	0		0		0	0	good		0	0	good	0				
457	MW327513.1 Severe acute respiratory syndrome coronavirus 2 isolate SARS-CoV-2/human/SRB/BT00V72-03-04/2020, complete genome	20B	20B		20B	B.1.1.70	B.1.1.70	0	good	11	0	0	0	0	0	6	0	0	0	89302	55	29836	0.9959535832525165	E:1,M:1,N:1,ORF1a:1,ORF1b:1,ORF3a:1,ORF6:1,ORF7a:1,ORF7b:1,ORF8:1,ORF9b:1,S:1	false	C241T,C3037T,G10265A,C14408T,A15972G,C19718T,A23403G,T28759C,G28881A,G28882A,G28883C				N:R203K,N:G204R,ORF1a:G3334S,ORF1b:P314L,ORF1b:T2084I,S:D614G						0	0	0	0				0	0	0	0		NODE_0000922	G10265A,A15972G,C19718T,T28759C		ORF1a:G3334S,ORF1b:T2084I		B.1.1.70					N/A	N/A	N/A	N/A	N/A	N/A	N/A	N/A	N/A	N/A			3000	0	good	0	10	0	good	0	24	-8	0	good	0		0	good	0		0		0	0	good		0	0	good	0				
456	MW315985.1 Severe acute respiratory syndrome coronavirus 2 isolate SARS-CoV-2/human/SRB/PA00921-02-04/2020, complete genome	20A	20A		20A	B.1	B.1	0	good	5	0	0	0	0	0	3	0	0	0	89326	55	29836	0.9959535832525165	E:1,M:1,N:1,ORF1a:1,ORF1b:1,ORF3a:1,ORF6:1,ORF7a:1,ORF7b:1,ORF8:1,ORF9b:1,S:1	false	C241T,C3037T,T5046G,C14408T,A23403G				ORF1a:F1594C,ORF1b:P314L,S:D614G					T5046G	0	0	1	1			ORF1a:F1594C	0	0	1	1		NODE_0000764	T5046G		ORF1a:F1594C		NODE_0000764	T5046G		ORF1a:F1594C		N/A	N/A	N/A	N/A	N/A	N/A	N/A	N/A	N/A	N/A			3000	0	good	0	10	0	good	0	24	-7	0	good	1		0	good	0		0		0	0	good		0	0	good	0				
454	MW306668.1 Severe acute respiratory syndrome coronavirus 2 isolate SARS-CoV-2/human/TUR/ETLKVET3/2020, complete genome	20A	20A		20A	B.1	B.1	0	good	4	0	0	0	4	0	2	0	0	4	89581	7	29873	0.9986623415710798	E:1,M:1,N:0.9976190476190476,ORF1a:1,ORF1b:0.9992581602373887,ORF3a:1,ORF6:1,ORF7a:1,ORF7b:1,ORF8:0.9918032786885246,ORF9b:1,S:1	false	C241T,C3037T,C14408T,A23403G				ORF1b:P314L,S:D614G						0	0	0	0				0	0	0	0	18744,19839,28054,28881	NODE_0000764					NODE_0000764					N/A	N/A	N/A	N/A	N/A	N/A	N/A	N/A	N/A	N/A	ORF1b:1759,ORF1b:2124,ORF8:54,N:203		3000	0	good	4	10	0	good	0	24	-8	0	good	0		0	good	0		0		0	0	good		0	0	good	0				
459	MW327529.1 Severe acute respiratory syndrome coronavirus 2 isolate SARS-CoV-2/human/SRB/ZR03396-14-04/2020, complete genome	20A	20A		20A	B.1	B.1	0	good	4	0	0	0	0	0	2	0	0	0	89330	55	29836	0.9959535832525165	E:1,M:1,N:1,ORF1a:1,ORF1b:1,ORF3a:1,ORF6:1,ORF7a:1,ORF7b:1,ORF8:1,ORF9b:1,S:1	false	C241T,C3037T,C14408T,A23403G				ORF1b:P314L,S:D614G						0	0	0	0				0	0	0	0		NODE_0000764					NODE_0000764					N/A	N/A	N/A	N/A	N/A	N/A	N/A	N/A	N/A	N/A			3000	0	good	0	10	0	good	0	24	-8	0	good	0		0	good	0		0		0	0	good		0	0	good	0				
461	MW327536.1 Severe acute respiratory syndrome coronavirus 2 isolate SARS-CoV-2/human/SRB/PA07536-28-04/2020, complete genome	20A	20A		20A	B.1	B.1	0	good	7	0	0	0	0	0	3	0	0	0	89318	55	29836	0.9959535832525165	E:1,M:1,N:1,ORF1a:1,ORF1b:1,ORF3a:1,ORF6:1,ORF7a:1,ORF7b:1,ORF8:1,ORF9b:1,S:1	false	C241T,C337T,C3037T,C14408T,C15324T,A23403G,G28881T				N:R203M,ORF1b:P314L,S:D614G				G28881T|21J&21I&21A&21B	C337T	0	1	1	2			N:R203M	0	0	1	1		NODE_0000764	C337T,C15324T,G28881T		N:R203M		NODE_0000764	C337T,C15324T,G28881T		N:R203M		N/A	N/A	N/A	N/A	N/A	N/A	N/A	N/A	N/A	N/A			3000	0	good	0	10	0	good	0	24	-3	0	good	5		0	good	0		0		0	0	good		0	0	good	0				
458	MW327516.1 Severe acute respiratory syndrome coronavirus 2 isolate SARS-CoV-2/human/SRB/NS00446-07-04/2020, complete genome	20D	20D		20D	B.1.1.1	B.1.1.1	0	good	11	0	0	0	0	0	6	0	0	0	89302	55	29836	0.9959535832525165	E:1,M:1,N:1,ORF1a:1,ORF1b:1,ORF3a:1,ORF6:1,ORF7a:1,ORF7b:1,ORF8:1,ORF9b:1,S:1	false	C241T,C3037T,C4002T,G10097A,C13536T,C14408T,A23403G,C23731T,G28881A,G28882A,G28883C				N:R203K,N:G204R,ORF1a:T1246I,ORF1a:G3278S,ORF1b:P314L,S:D614G						0	0	0	0				0	0	0	0		NODE_0000960					NODE_0000960					N/A	N/A	N/A	N/A	N/A	N/A	N/A	N/A	N/A	N/A			3000	0	good	0	10	0	good	0	24	-8	0	good	0		0	good	0		0		0	0	good		0	0	good	0				
460	MW327531.1 Severe acute respiratory syndrome coronavirus 2 isolate SARS-CoV-2/human/SRB/VS04047-16-04/2020, complete genome	20A	20A		20A	B.1	B.1	0	good	10	0	0	0	0	0	6	0	0	0	89306	55	29836	0.9959535832525165	E:1,M:1,N:1,ORF1a:1,ORF1b:1,ORF3a:1,ORF6:1,ORF7a:1,ORF7b:1,ORF8:1,ORF9b:1,S:1	false	C241T,C3037T,C4980T,T9961C,C14408T,C17746T,C18877T,A23403G,G25563T,G28881A				N:R203K,ORF1a:T1572I,ORF1b:P314L,ORF1b:P1427S,ORF3a:Q57H,S:D614G				G28881A|21K&21L&22B&20I&22E&23A&22C&24A&20B&22A&23F&23D&23B&20J&22D&24E&22F&25C&rec&23C&24C&24F&23E&24B&23H&25B&25A&24G&23I&23G&20D&20F&24H&21G&24D&21M&25D&24I&25G&25E&25I&25H&25F&21E	C4980T,T9961C,C17746T	0	1	3	4			N:R203K,ORF1a:T1572I,ORF1b:P1427S	0	0	3	3		NODE_0000764	C4980T,T9961C,C17746T,C18877T,G25563T,G28881A		N:R203K,ORF1a:T1572I,ORF1b:P1427S,ORF3a:Q57H		NODE_0000764	C4980T,T9961C,C17746T,C18877T,G25563T,G28881A		N:R203K,ORF1a:T1572I,ORF1b:P1427S,ORF3a:Q57H		N/A	N/A	N/A	N/A	N/A	N/A	N/A	N/A	N/A	N/A			3000	0	good	0	10	0	good	0	24	-1	0	good	7		0	good	0		0		0	0	good		0	0	good	0				
462	MW327539.1 Severe acute respiratory syndrome coronavirus 2 isolate SARS-CoV-2/human/SRB/NS02301-09-04/2020, complete genome	20B	20B		20B	B.1.1.70	B.1.1.70	0	good	15	0	0	0	0	0	8	0	0	0	89286	55	29836	0.9959535832525165	E:1,M:1,N:1,ORF1a:1,ORF1b:1,ORF3a:1,ORF6:1,ORF7a:1,ORF7b:1,ORF8:1,ORF9b:1,S:1	false	C241T,C673T,C3037T,G10265A,C14408T,A15972G,C16349T,C19718T,T20293C,G20679A,A23403G,T28759C,G28881A,G28882A,G28883C				N:R203K,N:G204R,ORF1a:G3334S,ORF1b:P314L,ORF1b:S961L,ORF1b:T2084I,ORF1b:Y2276H,S:D614G					C673T,C16349T,T20293C,G20679A	0	0	4	4			ORF1b:S961L,ORF1b:Y2276H	0	0	2	2		NODE_0000922	C673T,G10265A,A15972G,C16349T,C19718T,T20293C,G20679A,T28759C		ORF1a:G3334S,ORF1b:S961L,ORF1b:T2084I,ORF1b:Y2276H		B.1.1.70	C673T,C16349T,T20293C,G20679A		ORF1b:S961L,ORF1b:Y2276H		N/A	N/A	N/A	N/A	N/A	N/A	N/A	N/A	N/A	N/A			3000	0	good	0	10	0	good	0	24	-4	0	good	4		0	good	0		0		0	0	good		0	0	good	0				
463	MW332225.1 Severe acute respiratory syndrome coronavirus 2 isolate SARS-CoV-2/human/RUS/1150/2020, complete genome	20C	20C		20C	B.1	B.1	0	good	12	0	0	0	0	0	7	0	0	0	89037	31	29725	0.993044176169615	E:1,M:1,N:1,ORF1a:1,ORF1b:1,ORF3a:1,ORF6:1,ORF7a:1,ORF7b:1,ORF8:1,ORF9b:1,S:1	false	C241T,A761G,C1059T,G2755C,C3037T,A6825C,T14313A,C14408T,C20316T,A23403G,C25452T,G25563T				ORF1a:S166G,ORF1a:T265I,ORF1a:N2187T,ORF1b:D282E,ORF1b:P314L,ORF3a:Q57H,S:D614G					A761G,G2755C,A6825C,T14313A,C20316T,C25452T	0	0	6	6			ORF1a:S166G,ORF1a:N2187T,ORF1b:D282E	0	0	3	3		NODE_0000826	A761G,G2755C,A6825C,T14313A,C20316T,C25452T		ORF1a:S166G,ORF1a:N2187T,ORF1b:D282E		NODE_0000764	A761G,C1059T,G2755C,A6825C,T14313A,C20316T,C25452T,G25563T		ORF1a:S166G,ORF1a:T265I,ORF1a:N2187T,ORF1b:D282E,ORF3a:Q57H		N/A	N/A	N/A	N/A	N/A	N/A	N/A	N/A	N/A	N/A			3000	0	good	0	10	0	good	0	24	-2	0	good	6		0	good	0		0		0	0	good		0	0	good	0				
464	MW332227.1 Severe acute respiratory syndrome coronavirus 2 isolate SARS-CoV-2/human/RUS/1054/2020, complete genome	20C	20C		20C	B.1	B.1	0	good	6	0	0	0	0	0	4	0	0	0	88965	31	29693	0.9919740494264789	E:1,M:1,N:1,ORF1a:1,ORF1b:1,ORF3a:1,ORF6:1,ORF7a:1,ORF7b:1,ORF8:1,ORF9b:1,S:1	false	C241T,C1059T,C3037T,C14408T,A23403G,G25563T				ORF1a:T265I,ORF1b:P314L,ORF3a:Q57H,S:D614G						0	0	0	0				0	0	0	0		NODE_0000826					NODE_0000764	C1059T,G25563T		ORF1a:T265I,ORF3a:Q57H		N/A	N/A	N/A	N/A	N/A	N/A	N/A	N/A	N/A	N/A			3000	0	good	0	10	0	good	0	24	-8	0	good	0		0	good	0		0		0	0	good		0	0	good	0				
465	MW332228.1 Severe acute respiratory syndrome coronavirus 2 isolate SARS-CoV-2/human/RUS/1011/2020, complete genome	20B	20B		20B	B.1.1	B.1.1	0	good	7	0	0	0	0	0	4	0	0	0	89477	31	29865	0.9977259806708357	E:1,M:1,N:1,ORF1a:1,ORF1b:1,ORF3a:1,ORF6:1,ORF7a:1,ORF7b:1,ORF8:1,ORF9b:1,S:1	false	C241T,C3037T,C14408T,A23403G,G28881A,G28882A,G28883C				N:R203K,N:G204R,ORF1b:P314L,S:D614G						0	0	0	0				0	0	0	0		NODE_0000922					NODE_0000922					N/A	N/A	N/A	N/A	N/A	N/A	N/A	N/A	N/A	N/A			3000	0	good	0	10	0	good	0	24	-8	0	good	0		0	good	0		0		0	0	good		0	0	good	0				
467	MW332231.1 Severe acute respiratory syndrome coronavirus 2 isolate SARS-CoV-2/human/RUS/879/2020, complete genome	20A	20A		20A	B.1	B.1	0	good	11	0	0	0	0	0	5	0	0	0	88945	31	29693	0.9919740494264789	E:1,M:1,N:1,ORF1a:1,ORF1b:1,ORF3a:1,ORF6:1,ORF7a:1,ORF7b:1,ORF8:1,ORF9b:1,S:1	false	C241T,T2014C,C3037T,C3554G,T11009C,T11274C,T13473C,C14408T,T20256C,A20268G,A23403G				ORF1a:L1097V,ORF1a:W3582R,ORF1a:V3670A,ORF1b:P314L,S:D614G					T2014C,C3554G,T11009C,T11274C,T13473C,T20256C	0	0	6	6			ORF1a:L1097V,ORF1a:W3582R,ORF1a:V3670A	0	0	3	3		NODE_0000764	T2014C,C3554G,T11009C,T11274C,T13473C,T20256C,A20268G		ORF1a:L1097V,ORF1a:W3582R,ORF1a:V3670A		NODE_0000764	T2014C,C3554G,T11009C,T11274C,T13473C,T20256C,A20268G		ORF1a:L1097V,ORF1a:W3582R,ORF1a:V3670A		N/A	N/A	N/A	N/A	N/A	N/A	N/A	N/A	N/A	N/A			3000	0	good	0	10	0	good	0	24	-2	0	good	6		0	good	0		0		0	0	good		0	0	good	0				
469	MW332239.1 Severe acute respiratory syndrome coronavirus 2 isolate SARS-CoV-2/human/RUS/940/2020, complete genome	20D	20D		20D	B.1.1.1	B.1.1.1	2.777778	good	16	0	0	0	0	0	9	0	0	0	88925	31	29693	0.9919740494264789	E:1,M:1,N:1,ORF1a:1,ORF1b:1,ORF3a:1,ORF6:1,ORF7a:1,ORF7b:1,ORF8:1,ORF9b:1,S:1	false	C241T,C3037T,C3554G,T3565A,C3608G,T3628G,T4303A,G10097A,G11083T,C13536T,C14408T,A23403G,C23731T,G28881A,G28882A,G28883C				N:R203K,N:G204R,ORF1a:L1097V,ORF1a:L1115V,ORF1a:N1121K,ORF1a:G3278S,ORF1a:L3606F,ORF1b:P314L,S:D614G			T4002C		C3554G,T3565A,C3608G,T3628G,T4303A,G11083T	1	0	6	7	ORF1a:I1246T		ORF1a:L1097V,ORF1a:L1115V,ORF1a:N1121K,ORF1a:L3606F	1	0	4	5		NODE_0000960	C3554G,T3565A,C3608G,T3628G,T4002C,T4303A,G11083T		ORF1a:L1097V,ORF1a:L1115V,ORF1a:N1121K,ORF1a:I1246T,ORF1a:L3606F		NODE_0000960	C3554G,T3565A,C3608G,T3628G,T4002C,T4303A,G11083T		ORF1a:L1097V,ORF1a:L1115V,ORF1a:N1121K,ORF1a:I1246T,ORF1a:L3606F		N/A	N/A	N/A	N/A	N/A	N/A	N/A	N/A	N/A	N/A			3000	0	good	0	10	0	good	0	24	4	16.666667	good	12		0	good	0		0		0	0	good		0	0	good	0				
466	MW332230.1 Severe acute respiratory syndrome coronavirus 2 isolate SARS-CoV-2/human/RUS/3709/2020, complete genome	20B	20B		20B	B.1.1	B.1.1	0	good	8	0	0	0	0	0	5	0	0	0	88957	31	29693	0.9919740494264789	E:1,M:1,N:1,ORF1a:1,ORF1b:1,ORF3a:1,ORF6:1,ORF7a:1,ORF7b:1,ORF8:1,ORF9b:1,S:1	false	C241T,C3037T,A6276G,C14408T,A23403G,G28881A,G28882A,G28883C				N:R203K,N:G204R,ORF1a:K2004R,ORF1b:P314L,S:D614G					A6276G	0	0	1	1			ORF1a:K2004R	0	0	1	1		NODE_0000922	A6276G		ORF1a:K2004R		NODE_0000922	A6276G		ORF1a:K2004R		N/A	N/A	N/A	N/A	N/A	N/A	N/A	N/A	N/A	N/A			3000	0	good	0	10	0	good	0	24	-7	0	good	1		0	good	0		0		0	0	good		0	0	good	0				
468	MW332232.1 Severe acute respiratory syndrome coronavirus 2 isolate SARS-CoV-2/human/RUS/2666/2020, complete genome	20B	20B		20B	B.1.1.317	B.1.1.317	0	good	11	0	0	0	0	0	6	0	0	0	89458	31	29864	0.9976925392101127	E:1,M:1,N:1,ORF1a:1,ORF1b:1,ORF3a:1,ORF6:1,ORF7a:1,ORF7b:1,ORF8:1,ORF9b:1,S:1	false	C241T,C3037T,C4886G,C14408T,T19839C,C20016T,A23403G,G28881A,G28882A,G28883C,C28905T				N:R203K,N:G204R,N:A211V,ORF1a:P1541A,ORF1b:P314L,S:D614G					C4886G,C20016T	0	0	2	2			ORF1a:P1541A	0	0	1	1		NODE_0000922	C4886G,T19839C,C20016T,C28905T		N:A211V,ORF1a:P1541A		B.1.1.317	C4886G,C20016T		ORF1a:P1541A		N/A	N/A	N/A	N/A	N/A	N/A	N/A	N/A	N/A	N/A			3000	0	good	0	10	0	good	0	24	-6	0	good	2		0	good	0		0		0	0	good		0	0	good	0				
470	MW332240.1 Severe acute respiratory syndrome coronavirus 2 isolate SARS-CoV-2/human/RUS/953/2020, complete genome	20A	20A		20A	B.1	B.1	0	good	14	0	0	0	0	0	8	0	0	0	89452	31	29866	0.9977594221315587	E:1,M:1,N:1,ORF1a:1,ORF1b:1,ORF3a:1,ORF6:1,ORF7a:1,ORF7b:1,ORF8:1,ORF9b:1,S:1	false	C241T,C3037T,C3554G,T3565A,C3608G,T3628G,A4385G,C4886G,T9184C,C14408T,C18877T,A23403G,G25563T,C29614T				ORF1a:L1097V,ORF1a:L1115V,ORF1a:N1121K,ORF1a:N1374D,ORF1a:P1541A,ORF1b:P314L,ORF3a:Q57H,S:D614G					C3554G,T3565A,C3608G,T3628G,A4385G,C4886G,T9184C,C29614T	0	0	8	8			ORF1a:L1097V,ORF1a:L1115V,ORF1a:N1121K,ORF1a:N1374D,ORF1a:P1541A	0	0	5	5		NODE_0000764	C3554G,T3565A,C3608G,T3628G,A4385G,C4886G,T9184C,C18877T,G25563T,C29614T		ORF1a:L1097V,ORF1a:L1115V,ORF1a:N1121K,ORF1a:N1374D,ORF1a:P1541A,ORF3a:Q57H		NODE_0000764	C3554G,T3565A,C3608G,T3628G,A4385G,C4886G,T9184C,C18877T,G25563T,C29614T		ORF1a:L1097V,ORF1a:L1115V,ORF1a:N1121K,ORF1a:N1374D,ORF1a:P1541A,ORF3a:Q57H		N/A	N/A	N/A	N/A	N/A	N/A	N/A	N/A	N/A	N/A			3000	0	good	0	10	0	good	0	24	0	0	good	8		0	good	0		0		0	0	good		0	0	good	0				
471	MW341443.1 Severe acute respiratory syndrome coronavirus 2 isolate SARS-CoV-2/human/KHM/Kunming_kms-2/2020, complete genome	19B	19B		19B	A	A	0.694444	good	12	0	0	0	0	0	6	0	0	0	89637	5	29899	0.9997324683142159	E:1,M:1,N:1,ORF1a:1,ORF1b:1,ORF3a:1,ORF6:1,ORF7a:1,ORF7b:1,ORF8:1,ORF9b:1,S:1	false	A895G,C2942T,C3587T,G4390T,C8782T,C9598T,G20134T,G24047A,C25614T,T26258C,T28144C,G29745T				E:V5A,ORF1a:H1108Y,ORF1a:L1375F,ORF1b:V2223L,ORF8:L84S,S:A829T					A895G,C2942T,C3587T,G4390T,C9598T,G20134T,G24047A,C25614T,T26258C,G29745T	0	0	10	10			E:V5A,ORF1a:H1108Y,ORF1a:L1375F,ORF1b:V2223L,S:A829T	0	0	5	5		internal_b384	A895G,C2942T,C3587T,G4390T,C9598T,G20134T,G24047A,C25614T,T26258C,G29745T		E:V5A,ORF1a:H1108Y,ORF1a:L1375F,ORF1b:V2223L,S:A829T		internal_b384	A895G,C2942T,C3587T,G4390T,C9598T,G20134T,G24047A,C25614T,T26258C,G29745T		E:V5A,ORF1a:H1108Y,ORF1a:L1375F,ORF1b:V2223L,S:A829T		N/A	N/A	N/A	N/A	N/A	N/A	N/A	N/A	N/A	N/A			3000	0	good	0	10	0	good	0	24	2	8.333333	good	10		0	good	0		0		0	0	good		0	0	good	0				
474	MW356671.1 Severe acute respiratory syndrome coronavirus 2 isolate SARS-CoV-2/human/TWN/CGMH-CGU-35/2020, complete genome	19A	19A		19A	B.6	B.6	0	good	6	0	0	0	0	0	5	0	0	0	89454	37	29862	0.9974250075243286	E:1,M:1,N:1,ORF1a:1,ORF1b:1,ORF3a:1,ORF6:1,ORF7a:1,ORF7b:1,ORF8:1,ORF9b:1,S:1	false	C6312A,G11083T,C11941T,C13730T,C23929T,C28311T				N:P13L,ORF1a:T2016K,ORF1a:L3606F,ORF1b:A88V,ORF9b:P10S				C11941T|25F		0	1	0	1				0	0	0	0		NODE_0000000	C6312A,G11083T,C11941T,C13730T,C23929T,C28311T		N:P13L,ORF1a:T2016K,ORF1a:L3606F,ORF1b:A88V,ORF9b:P10S		NODE_0000755	C11941T				N/A	N/A	N/A	N/A	N/A	N/A	N/A	N/A	N/A	N/A			3000	0	good	0	10	0	good	0	24	-4	0	good	4		0	good	0		0		0	0	good		0	0	good	0				
472	MW342706.1 Severe acute respiratory syndrome coronavirus 2 isolate SARS-CoV-2/human/ECU/Z&Z_SARS_1/2020, complete genome	20A	20A		20A	B.1	B.1	56.250000	mediocre	16	9	0	0	0	0	12	3	0	0	89611	1	29903	1	E:1,M:1,N:1,ORF1a:1,ORF1b:1,ORF3a:1,ORF6:1,ORF7a:1,ORF7b:1,ORF8:1,ORF9b:1,S:1	false	G872A,G2073C,C2091T,C3037T,G3122C,T3127C,C4002T,T9282C,G10097A,T11629C,A13688G,C14408T,A23403G,A24453G,A25505C,C29632T	28907-28915			ORF1a:D203N,ORF1a:G603A,ORF1a:T609I,ORF1a:D953H,ORF1a:T1246I,ORF1a:L3006P,ORF1a:G3278S,ORF1b:E74G,ORF1b:P314L,ORF3a:Q38P,S:D614G,S:K964R	N:G212-,N:N213-,N:G214-		T241C	C4002T|20D&21G,G10097A|20D&21G	G872A,G2073C,C2091T,G3122C,T3127C,T9282C,T11629C,A13688G,A24453G,A25505C,C29632T	1	2	11	14			ORF1a:D203N,ORF1a:G603A,ORF1a:T609I,ORF1a:D953H,ORF1a:T1246I,ORF1a:L3006P,ORF1a:G3278S,ORF1b:E74G,ORF3a:Q38P,S:K964R	0	0	10	10		NODE_0000764	T241C,G872A,G2073C,C2091T,G3122C,T3127C,C4002T,T9282C,G10097A,T11629C,A13688G,A24453G,A25505C,C29632T	28907-28915	ORF1a:D203N,ORF1a:G603A,ORF1a:T609I,ORF1a:D953H,ORF1a:T1246I,ORF1a:L3006P,ORF1a:G3278S,ORF1b:E74G,ORF3a:Q38P,S:K964R	N:G212-,N:N213-,N:G214-	NODE_0000764	T241C,G872A,G2073C,C2091T,G3122C,T3127C,C4002T,T9282C,G10097A,T11629C,A13688G,A24453G,A25505C,C29632T	28907-28915	ORF1a:D203N,ORF1a:G603A,ORF1a:T609I,ORF1a:D953H,ORF1a:T1246I,ORF1a:L3006P,ORF1a:G3278S,ORF1b:E74G,ORF3a:Q38P,S:K964R	N:G212-,N:N213-,N:G214-	N/A	N/A	N/A	N/A	N/A	N/A	N/A	N/A	N/A	N/A			3000	0	good	0	10	0	good	0	24	18	75	mediocre	26		0	good	0		0		0	0	good		0	0	good	0				
473	MW346179.1 Severe acute respiratory syndrome coronavirus 2 isolate SARS-CoV-2/human/TUN/TUN-20204107/2020, complete genome	20E	20E		20E	B.1.177	B.1.177	0.173611	good	20	0	0	0	0	0	7	0	0	0	89629	1	29903	1	E:1,M:1,N:1,ORF1a:1,ORF1b:1,ORF3a:1,ORF6:1,ORF7a:1,ORF7b:1,ORF8:1,ORF9b:1,S:1	false	C241T,T445C,C683T,A2251G,C3037T,G4006T,C5170T,C6286T,G11132T,C14408T,G21255C,C22227T,A23403G,G25135T,T26609C,C26801G,C28932T,G29645T,A29869T,A29872C				N:A220V,ORF1a:K1247N,ORF1a:A3623S,ORF1b:P314L,S:A222V,S:D614G,S:K1191N					C683T,A2251G,G4006T,C5170T,G11132T,G25135T,T26609C,A29869T,A29872C	0	0	9	9			ORF1a:K1247N,ORF1a:A3623S,S:K1191N	0	0	3	3		NODE_0000793	C683T,A2251G,G4006T,C5170T,G11132T,G25135T,T26609C,A29869T,A29872C		ORF1a:K1247N,ORF1a:A3623S,S:K1191N		NODE_0000793	C683T,A2251G,G4006T,C5170T,G11132T,G25135T,T26609C,A29869T,A29872C		ORF1a:K1247N,ORF1a:A3623S,S:K1191N		N/A	N/A	N/A	N/A	N/A	N/A	N/A	N/A	N/A	N/A			3000	0	good	0	10	0	good	0	24	1	4.166667	good	9		0	good	0		0		0	0	good		0	0	good	0				
476	MW364967.1 Severe acute respiratory syndrome coronavirus 2 isolate SARS-CoV-2/human/CHL/Santiago-op7d1/2020, complete genome	20A	20A		20A	B.1	B.1	0	good	7	0	0	0	0	0	2	0	0	0	89120	63	29778	0.9937464468447982	E:1,M:1,N:1,ORF1a:1,ORF1b:1,ORF3a:1,ORF6:1,ORF7a:1,ORF7b:1,ORF8:1,ORF9b:1,S:1	false	C241T,C3037T,C14408T,G15732T,T19143C,A20268G,A23403G				ORF1b:P314L,S:D614G					G15732T,T19143C	0	0	2	2				0	0	0	0		NODE_0000764	G15732T,T19143C,A20268G				NODE_0000764	G15732T,T19143C,A20268G				N/A	N/A	N/A	N/A	N/A	N/A	N/A	N/A	N/A	N/A			3000	0	good	0	10	0	good	0	24	-6	0	good	2		0	good	0		0		0	0	good		0	0	good	0				
475	MW362554.1 Severe acute respiratory syndrome coronavirus 2 isolate SARS-CoV-2/human/TUN/TUN-20205008/2020, complete genome	20C	20C		20C	B.1	B.1	8.506944	good	20	9	0	0	0	0	9	0	0	0	89596	1	29903	1	E:1,M:1,N:1,ORF1a:1,ORF1b:1,ORF3a:1,ORF6:1,ORF7a:1,ORF7b:1,ORF8:1,ORF9b:1,S:1	false	C241T,C1059T,C1218T,C3037T,C5988T,C7869T,C10036T,C10582T,T14313C,C14408T,T14556C,C16575T,T17169C,G17964T,A23403G,G25563T,C25710T,C27804T,C28830A,A28984G	29740-29748			N:S186Y,ORF1a:T265I,ORF1a:S318L,ORF1a:T1908I,ORF1a:S2535L,ORF1b:P314L,ORF1b:M1499I,ORF3a:Q57H,S:D614G				C7869T|25C&24H&25E	C1218T,C5988T,C10036T,T14313C,T14556C,C16575T,T17169C,G17964T,C25710T,A28984G	0	1	10	11			ORF1a:S318L,ORF1a:T1908I,ORF1a:S2535L,ORF1b:M1499I	0	0	4	4		NODE_0000826	C1218T,C5988T,C7869T,C10036T,C10582T,T14313C,T14556C,C16575T,T17169C,G17964T,C25710T,C27804T,C28830A,A28984G	29740-29748	N:S186Y,ORF1a:S318L,ORF1a:T1908I,ORF1a:S2535L,ORF1b:M1499I		NODE_0000764	C1059T,C1218T,C5988T,C7869T,C10036T,C10582T,T14313C,T14556C,C16575T,T17169C,G17964T,G25563T,C25710T,C27804T,C28830A,A28984G	29740-29748	N:S186Y,ORF1a:T265I,ORF1a:S318L,ORF1a:T1908I,ORF1a:S2535L,ORF1b:M1499I,ORF3a:Q57H		N/A	N/A	N/A	N/A	N/A	N/A	N/A	N/A	N/A	N/A			3000	0	good	0	10	0	good	0	24	7	29.166667	good	15		0	good	0		0		0	0	good		0	0	good	0				
477	MW364988.1 Severe acute respiratory syndrome coronavirus 2 isolate SARS-CoV-2/human/CHL/Santiago-PUC_MVL_0171/2020, complete genome	20A	20A		20A	B.1.110	B.1.110	0	good	9	0	0	0	0	0	6	0	0	0	89115	63	29779	0.9937798883055212	E:1,M:1,N:1,ORF1a:1,ORF1b:1,ORF3a:1,ORF6:1,ORF7a:1,ORF7b:1,ORF8:1,ORF9b:1,S:1	false	C241T,G1319A,C3037T,C8389T,C14408T,A23403G,C25433T,G25563T,C25810T				ORF1a:E352K,ORF1b:P314L,ORF3a:T14I,ORF3a:Q57H,ORF3a:L140F,S:D614G					G1319A,C25433T,C25810T	0	0	3	3			ORF1a:E352K,ORF3a:T14I,ORF3a:L140F	0	0	3	3		NODE_0000764	G1319A,C8389T,C25433T,G25563T,C25810T		ORF1a:E352K,ORF3a:T14I,ORF3a:Q57H,ORF3a:L140F		NODE_0000766	G1319A,C25433T,C25810T		ORF1a:E352K,ORF3a:T14I,ORF3a:L140F		N/A	N/A	N/A	N/A	N/A	N/A	N/A	N/A	N/A	N/A			3000	0	good	0	10	0	good	0	24	-5	0	good	3		0	good	0		0		0	0	good		0	0	good	0				
478	MW365077.1 Severe acute respiratory syndrome coronavirus 2 isolate SARS-CoV-2/human/CHL/Santiago-PUC_MVL_0237/2020, complete genome	20B	20B		20B	B.1.1	B.1.1	0	good	10	0	0	0	0	0	7	0	0	0	89105	64	29778	0.9937130053840751	E:1,M:1,N:1,ORF1a:1,ORF1b:1,ORF3a:1,ORF6:1,ORF7a:1,ORF7b:1,ORF8:1,ORF9b:1,S:1	false	C241T,C3037T,C12459T,C14408T,G19666T,A23403G,C27509T,G28881A,G28882A,G28883C				N:R203K,N:G204R,ORF1a:T4065I,ORF1b:P314L,ORF1b:D2067Y,ORF7a:T39I,S:D614G					C12459T,G19666T,C27509T	0	0	3	3			ORF1a:T4065I,ORF1b:D2067Y,ORF7a:T39I	0	0	3	3		NODE_0000922	C12459T,G19666T,C27509T		ORF1a:T4065I,ORF1b:D2067Y,ORF7a:T39I		NODE_0000922	C12459T,G19666T,C27509T		ORF1a:T4065I,ORF1b:D2067Y,ORF7a:T39I		N/A	N/A	N/A	N/A	N/A	N/A	N/A	N/A	N/A	N/A			3000	0	good	0	10	0	good	0	24	-5	0	good	3		0	good	0		0		0	0	good		0	0	good	0				
479	MW365092.1 Severe acute respiratory syndrome coronavirus 2 isolate SARS-CoV-2/human/CHL/Santiago-PUC_MVL_0226/2020, complete genome	20B	20B		20B	B.1.1.33.6	N.6	0	good	11	0	0	0	0	0	6	0	0	0	89107	63	29779	0.9937798883055212	E:1,M:1,N:1,ORF1a:1,ORF1b:1,ORF3a:1,ORF6:1,ORF7a:1,ORF7b:1,ORF8:1,ORF9b:1,S:1	false	C241T,C3037T,C5365T,G8137T,C14408T,A23403G,T27299C,G28881A,G28882A,G28883C,T29148C				N:R203K,N:G204R,N:I292T,ORF1b:P314L,ORF6:I33T,S:D614G						0	0	0	0				0	0	0	0		NODE_0000922	C5365T,G8137T,T27299C,T29148C		N:I292T,ORF6:I33T		N.6					N/A	N/A	N/A	N/A	N/A	N/A	N/A	N/A	N/A	N/A			3000	0	good	0	10	0	good	0	24	-8	0	good	0		0	good	0		0		0	0	good		0	0	good	0				
481	MW365138.1 Severe acute respiratory syndrome coronavirus 2 isolate SARS-CoV-2/human/CHL/Santiago-PUC_MVL_0083/2020, complete genome	20A	20A		20A	B.1.110	B.1.110	0	good	8	0	0	0	0	0	5	0	0	0	89119	63	29779	0.9937798883055212	E:1,M:1,N:1,ORF1a:1,ORF1b:1,ORF3a:1,ORF6:1,ORF7a:1,ORF7b:1,ORF8:1,ORF9b:1,S:1	false	C241T,G1319A,C1427T,C3037T,C8389T,C14408T,A23403G,G25563T				ORF1a:E352K,ORF1a:H388Y,ORF1b:P314L,ORF3a:Q57H,S:D614G					G1319A,C1427T	0	0	2	2			ORF1a:E352K,ORF1a:H388Y	0	0	2	2		NODE_0000764	G1319A,C1427T,C8389T,G25563T		ORF1a:E352K,ORF1a:H388Y,ORF3a:Q57H		NODE_0000766	G1319A,C1427T		ORF1a:E352K,ORF1a:H388Y		N/A	N/A	N/A	N/A	N/A	N/A	N/A	N/A	N/A	N/A			3000	0	good	0	10	0	good	0	24	-6	0	good	2		0	good	0		0		0	0	good		0	0	good	0				
480	MW365124.1 Severe acute respiratory syndrome coronavirus 2 isolate SARS-CoV-2/human/CHL/Santiago-PUC_MVL_0085/2020, complete genome	20B	20B		20B	B.1.1	B.1.1	0	good	9	0	0	0	0	0	4	0	0	0	89115	63	29779	0.9937798883055212	E:1,M:1,N:1,ORF1a:1,ORF1b:1,ORF3a:1,ORF6:1,ORF7a:1,ORF7b:1,ORF8:1,ORF9b:1,S:1	false	C241T,C2110T,C3037T,C3961T,C14408T,A23403G,G28881A,G28882A,G28883C				N:R203K,N:G204R,ORF1b:P314L,S:D614G					C2110T,C3961T	0	0	2	2				0	0	0	0		NODE_0000922	C2110T,C3961T				NODE_0000922	C2110T,C3961T				N/A	N/A	N/A	N/A	N/A	N/A	N/A	N/A	N/A	N/A			3000	0	good	0	10	0	good	0	24	-6	0	good	2		0	good	0		0		0	0	good		0	0	good	0				
486	MW365178.1 Severe acute respiratory syndrome coronavirus 2 isolate SARS-CoV-2/human/CHL/Santiago-PUC_MVL_0037/2020, complete genome	20A	20A		20A	B.1	B.1	0	good	5	0	0	0	0	0	2	0	0	0	89146	58	29779	0.9939470956091362	E:1,M:1,N:1,ORF1a:1,ORF1b:1,ORF3a:1,ORF6:1,ORF7a:1,ORF7b:1,ORF8:1,ORF9b:1,S:1	false	C241T,C3037T,C14408T,A20268G,A23403G				ORF1b:P314L,S:D614G						0	0	0	0				0	0	0	0		NODE_0000764	A20268G				NODE_0000764	A20268G				N/A	N/A	N/A	N/A	N/A	N/A	N/A	N/A	N/A	N/A			3000	0	good	0	10	0	good	0	24	-8	0	good	0		0	good	0		0		0	0	good		0	0	good	0				
483	MW365148.1 Severe acute respiratory syndrome coronavirus 2 isolate SARS-CoV-2/human/CHL/Santiago-PUC_MVL_0082/2020, complete genome	20A	20A		20A	B.1.110	B.1.110	0	good	8	0	0	0	0	0	5	0	0	0	89107	56	29768	0.9936461224626292	E:1,M:1,N:1,ORF1a:1,ORF1b:1,ORF3a:1,ORF6:1,ORF7a:1,ORF7b:1,ORF8:1,ORF9b:1,S:1	false	C241T,G1319A,C3037T,C8389T,C14408T,A23403G,G25563T,C25810T				ORF1a:E352K,ORF1b:P314L,ORF3a:Q57H,ORF3a:L140F,S:D614G					G1319A,C25810T	0	0	2	2			ORF1a:E352K,ORF3a:L140F	0	0	2	2		NODE_0000764	G1319A,C8389T,G25563T,C25810T		ORF1a:E352K,ORF3a:Q57H,ORF3a:L140F		NODE_0000766	G1319A,C25810T		ORF1a:E352K,ORF3a:L140F		N/A	N/A	N/A	N/A	N/A	N/A	N/A	N/A	N/A	N/A			3000	0	good	0	10	0	good	0	24	-6	0	good	2		0	good	0		0		0	0	good		0	0	good	0				
488	MW365188.1 Severe acute respiratory syndrome coronavirus 2 isolate SARS-CoV-2/human/CHL/Santiago-PUC_MVL_0030/2020, complete genome	20A	20A		20A	B.1	B.1	0	good	6	0	0	0	0	0	2	0	0	0	89124	63	29778	0.9937464468447982	E:1,M:1,N:1,ORF1a:1,ORF1b:1,ORF3a:1,ORF6:1,ORF7a:1,ORF7b:1,ORF8:1,ORF9b:1,S:1	false	C241T,C3037T,C14408T,T17190C,A20268G,A23403G				ORF1b:P314L,S:D614G					T17190C	0	0	1	1				0	0	0	0		NODE_0000764	T17190C,A20268G				NODE_0000764	T17190C,A20268G				N/A	N/A	N/A	N/A	N/A	N/A	N/A	N/A	N/A	N/A			3000	0	good	0	10	0	good	0	24	-7	0	good	1		0	good	0		0		0	0	good		0	0	good	0				
482	MW365145.1 Severe acute respiratory syndrome coronavirus 2 isolate SARS-CoV-2/human/CHL/Santiago-PUC_MVL_0079/2020, complete genome	20B	20B		20B	B.1.1.33	B.1.1.33	0	good	9	0	0	0	0	0	6	0	0	0	89112	64	29779	0.9937464468447982	E:1,M:1,N:1,ORF1a:1,ORF1b:1,ORF3a:1,ORF6:1,ORF7a:1,ORF7b:1,ORF8:1,ORF9b:1,S:1	false	C241T,C3037T,C14408T,A23403G,T27299C,G28881A,G28882A,G28883C,T29148C				N:R203K,N:G204R,N:I292T,ORF1b:P314L,ORF6:I33T,S:D614G						0	0	0	0				0	0	0	0		NODE_0000922	T27299C,T29148C		N:I292T,ORF6:I33T		NODE_0000944					N/A	N/A	N/A	N/A	N/A	N/A	N/A	N/A	N/A	N/A			3000	0	good	0	10	0	good	0	24	-8	0	good	0		0	good	0		0		0	0	good		0	0	good	0				
484	MW365146.1 Severe acute respiratory syndrome coronavirus 2 isolate SARS-CoV-2/human/CHL/Santiago-PUC_MVL_0061/2020, complete genome	20A	20A		20A	B.1.110	B.1.110	0	good	8	0	0	0	0	0	5	0	0	0	89119	63	29779	0.9937798883055212	E:1,M:1,N:1,ORF1a:1,ORF1b:1,ORF3a:1,ORF6:1,ORF7a:1,ORF7b:1,ORF8:1,ORF9b:1,S:1	false	C241T,G1319A,C3037T,C8389T,C14408T,A23403G,G25563T,C25810T				ORF1a:E352K,ORF1b:P314L,ORF3a:Q57H,ORF3a:L140F,S:D614G					G1319A,C25810T	0	0	2	2			ORF1a:E352K,ORF3a:L140F	0	0	2	2		NODE_0000764	G1319A,C8389T,G25563T,C25810T		ORF1a:E352K,ORF3a:Q57H,ORF3a:L140F		NODE_0000766	G1319A,C25810T		ORF1a:E352K,ORF3a:L140F		N/A	N/A	N/A	N/A	N/A	N/A	N/A	N/A	N/A	N/A			3000	0	good	0	10	0	good	0	24	-6	0	good	2		0	good	0		0		0	0	good		0	0	good	0				
485	MW365153.1 Severe acute respiratory syndrome coronavirus 2 isolate SARS-CoV-2/human/CHL/Santiago-PUC_MVL_0059/2020, complete genome	20B	20B		20B	B.1.1.33	B.1.1.33	0	good	9	0	0	0	0	0	6	0	0	0	89112	63	29778	0.9937464468447982	E:1,M:1,N:1,ORF1a:1,ORF1b:1,ORF3a:1,ORF6:1,ORF7a:1,ORF7b:1,ORF8:1,ORF9b:1,S:1	false	C241T,C3037T,C14408T,A23403G,T27299C,G28881A,G28882A,G28883C,T29148C				N:R203K,N:G204R,N:I292T,ORF1b:P314L,ORF6:I33T,S:D614G						0	0	0	0				0	0	0	0		NODE_0000922	T27299C,T29148C		N:I292T,ORF6:I33T		NODE_0000944					N/A	N/A	N/A	N/A	N/A	N/A	N/A	N/A	N/A	N/A			3000	0	good	0	10	0	good	0	24	-8	0	good	0		0	good	0		0		0	0	good		0	0	good	0				
489	MW365197.1 Severe acute respiratory syndrome coronavirus 2 isolate SARS-CoV-2/human/CHL/Santiago-PUC_MVL_0018/2020, complete genome	20A	20A		20A	B.1.110	B.1.110	0	good	9	0	0	0	0	0	5	0	0	0	89127	58	29778	0.9939136541484132	E:1,M:1,N:1,ORF1a:1,ORF1b:1,ORF3a:1,ORF6:1,ORF7a:1,ORF7b:1,ORF8:1,ORF9b:1,S:1	false	C241T,G1319A,G1820A,C3037T,C8389T,G14268A,C14408T,A23403G,G25563T				ORF1a:E352K,ORF1a:G519S,ORF1b:P314L,ORF3a:Q57H,S:D614G					G1319A,G1820A,G14268A	0	0	3	3			ORF1a:E352K,ORF1a:G519S	0	0	2	2		NODE_0000764	G1319A,G1820A,C8389T,G14268A,G25563T		ORF1a:E352K,ORF1a:G519S,ORF3a:Q57H		NODE_0000766	G1319A,G1820A,G14268A		ORF1a:E352K,ORF1a:G519S		N/A	N/A	N/A	N/A	N/A	N/A	N/A	N/A	N/A	N/A			3000	0	good	0	10	0	good	0	24	-5	0	good	3		0	good	0		0		0	0	good		0	0	good	0				
490	MW365235.1 Severe acute respiratory syndrome coronavirus 2 isolate SARS-CoV-2/human/CHL/Santiago-ANS6590/2020, complete genome	20B	20B		20B	B.1.1.33.4	N.4	0	good	11	0	0	0	0	0	8	0	0	0	89101	65	29779	0.9937130053840751	E:1,M:1,N:1,ORF1a:1,ORF1b:1,ORF3a:1,ORF6:1,ORF7a:1,ORF7b:1,ORF8:1,ORF9b:1,S:1	false	C241T,A2475G,C3037T,G11083T,C14408T,A23403G,T27299C,G28881A,G28882A,G28883C,T29148C				N:R203K,N:G204R,N:I292T,ORF1a:K737R,ORF1a:L3606F,ORF1b:P314L,ORF6:I33T,S:D614G					G11083T	0	0	1	1			ORF1a:L3606F	0	0	1	1		NODE_0000922	A2475G,G11083T,T27299C,T29148C		N:I292T,ORF1a:K737R,ORF1a:L3606F,ORF6:I33T		N.4	G11083T		ORF1a:L3606F		N/A	N/A	N/A	N/A	N/A	N/A	N/A	N/A	N/A	N/A			3000	0	good	0	10	0	good	0	24	-7	0	good	1		0	good	0		0		0	0	good		0	0	good	0				
487	MW365174.1 Severe acute respiratory syndrome coronavirus 2 isolate SARS-CoV-2/human/CHL/Santiago-PUC_MVL_0039/2020, complete genome	20A	20A		20A	B.1.110	B.1.110	0	good	9	0	0	0	0	0	6	0	0	0	89115	65	29781	0.9937798883055212	E:1,M:1,N:1,ORF1a:1,ORF1b:1,ORF3a:1,ORF6:1,ORF7a:1,ORF7b:1,ORF8:1,ORF9b:1,S:1	false	C241T,G1319A,C3037T,C8389T,C14408T,A23403G,G25563T,G25654T,C25810T				ORF1a:E352K,ORF1b:P314L,ORF3a:Q57H,ORF3a:V88L,ORF3a:L140F,S:D614G					G1319A,G25654T,C25810T	0	0	3	3			ORF1a:E352K,ORF3a:V88L,ORF3a:L140F	0	0	3	3		NODE_0000764	G1319A,C8389T,G25563T,G25654T,C25810T		ORF1a:E352K,ORF3a:Q57H,ORF3a:V88L,ORF3a:L140F		NODE_0000766	G1319A,G25654T,C25810T		ORF1a:E352K,ORF3a:V88L,ORF3a:L140F		N/A	N/A	N/A	N/A	N/A	N/A	N/A	N/A	N/A	N/A			3000	0	good	0	10	0	good	0	24	-5	0	good	3		0	good	0		0		0	0	good		0	0	good	0				
491	MW365239.1 Severe acute respiratory syndrome coronavirus 2 isolate SARS-CoV-2/human/CHL/Santiago-PUC_MVL_0006/2020, complete genome	20A	20A		20A	B.1	B.1	0	good	5	0	0	0	0	0	2	0	0	0	89131	65	29781	0.9937798883055212	E:1,M:1,N:1,ORF1a:1,ORF1b:1,ORF3a:1,ORF6:1,ORF7a:1,ORF7b:1,ORF8:1,ORF9b:1,S:1	false	C241T,C3037T,C14408T,A20268G,A23403G				ORF1b:P314L,S:D614G						0	0	0	0				0	0	0	0		NODE_0000764	A20268G				NODE_0000764	A20268G				N/A	N/A	N/A	N/A	N/A	N/A	N/A	N/A	N/A	N/A			3000	0	good	0	10	0	good	0	24	-8	0	good	0		0	good	0		0		0	0	good		0	0	good	0				
492	MW365253.1 Severe acute respiratory syndrome coronavirus 2 isolate SARS-CoV-2/human/CHL/Santiago-TMM2937/2020, complete genome	20A	20A		20A	B.1	B.1	0	good	6	0	0	0	0	0	2	0	0	0	89145	56	29778	0.9939805370698592	E:1,M:1,N:1,ORF1a:1,ORF1b:1,ORF3a:1,ORF6:1,ORF7a:1,ORF7b:1,ORF8:1,ORF9b:1,S:1	false	C241T,C3037T,C6196A,C14408T,A20268G,A23403G				ORF1b:P314L,S:D614G					C6196A	0	0	1	1				0	0	0	0		NODE_0000764	C6196A,A20268G				NODE_0000764	C6196A,A20268G				N/A	N/A	N/A	N/A	N/A	N/A	N/A	N/A	N/A	N/A			3000	0	good	0	10	0	good	0	24	-7	0	good	1		0	good	0		0		0	0	good		0	0	good	0				
493	MW365291.1 Severe acute respiratory syndrome coronavirus 2 isolate SARS-CoV-2/human/CHL/Santiago-SFF3444/2020, complete genome	20A	20A		20A	B.1	B.1	0	good	7	0	0	0	0	0	2	0	0	0	89123	63	29779	0.9937798883055212	E:1,M:1,N:1,ORF1a:1,ORF1b:1,ORF3a:1,ORF6:1,ORF7a:1,ORF7b:1,ORF8:1,ORF9b:1,S:1	false	C241T,C3037T,C6196A,C14408T,A20268G,A23403G,C23929T				ORF1b:P314L,S:D614G					C6196A,C23929T	0	0	2	2				0	0	0	0		NODE_0000764	C6196A,A20268G,C23929T				NODE_0000764	C6196A,A20268G,C23929T				N/A	N/A	N/A	N/A	N/A	N/A	N/A	N/A	N/A	N/A			3000	0	good	0	10	0	good	0	24	-6	0	good	2		0	good	0		0		0	0	good		0	0	good	0				
494	MW365288.1 Severe acute respiratory syndrome coronavirus 2 isolate SARS-CoV-2/human/CHL/Santiago-op19d4/2020, complete genome	20A	20A		20A	B.1	B.1	0	good	5	0	0	0	0	0	2	0	0	0	89152	56	29779	0.9940139785305823	E:1,M:1,N:1,ORF1a:1,ORF1b:1,ORF3a:1,ORF6:1,ORF7a:1,ORF7b:1,ORF8:1,ORF9b:1,S:1	false	C241T,C3037T,C14408T,A20268G,A23403G				ORF1b:P314L,S:D614G						0	0	0	0				0	0	0	0		NODE_0000764	A20268G				NODE_0000764	A20268G				N/A	N/A	N/A	N/A	N/A	N/A	N/A	N/A	N/A	N/A			3000	0	good	0	10	0	good	0	24	-8	0	good	0		0	good	0		0		0	0	good		0	0	good	0				
496	MW366724.1 Severe acute respiratory syndrome coronavirus 2 isolate SARS-CoV-2/human/TUN/TUN-20202909/2020, complete genome	20A	20A		20A	B.1	B.1	0	good	4	0	0	0	0	0	2	0	0	0	89693	1	29903	1	E:1,M:1,N:1,ORF1a:1,ORF1b:1,ORF3a:1,ORF6:1,ORF7a:1,ORF7b:1,ORF8:1,ORF9b:1,S:1	false	C241T,C3037T,C14408T,A23403G				ORF1b:P314L,S:D614G						0	0	0	0				0	0	0	0		NODE_0000764					NODE_0000764					N/A	N/A	N/A	N/A	N/A	N/A	N/A	N/A	N/A	N/A			3000	0	good	0	10	0	good	0	24	-8	0	good	0		0	good	0		0		0	0	good		0	0	good	0				
497	MW366750.1 Severe acute respiratory syndrome coronavirus 2 isolate SARS-CoV-2/human/TUN/TUN-20209111/2020, complete genome	20B	20B		20B	B.1.1.189	B.1.1.189	0.173611	good	18	0	0	0	0	0	10	0	0	0	89637	1	29903	1	E:1,M:1,N:1,ORF1a:1,ORF1b:1,ORF3a:1,ORF6:1,ORF7a:1,ORF7b:1,ORF8:1,ORF9b:1,S:1	false	C241T,C3037T,C7764T,C9430T,C10340T,G12514T,C12823T,C14408T,G21372T,A23403G,C23613T,G27955A,G28881A,G28882A,G28883C,G29234T,G29235T,T29772C				N:R203K,N:G204R,N:G321F,ORF1a:S2500F,ORF1a:P3359S,ORF1b:P314L,ORF1b:Q2635H,ORF8:S21N,S:D614G,S:A684V					C7764T,C10340T,G12514T,G21372T,C23613T,G27955A,G29234T,G29235T,T29772C	0	0	9	9			N:G321F,ORF1a:S2500F,ORF1a:P3359S,ORF1b:Q2635H,ORF8:S21N,S:A684V	0	0	6	6		NODE_0000922	C7764T,C9430T,C10340T,G12514T,C12823T,G21372T,C23613T,G27955A,G29234T,G29235T,T29772C		N:G321F,ORF1a:S2500F,ORF1a:P3359S,ORF1b:Q2635H,ORF8:S21N,S:A684V		B.1.1.189	C7764T,C10340T,G12514T,G21372T,C23613T,G27955A,G29234T,G29235T,T29772C		N:G321F,ORF1a:S2500F,ORF1a:P3359S,ORF1b:Q2635H,ORF8:S21N,S:A684V		N/A	N/A	N/A	N/A	N/A	N/A	N/A	N/A	N/A	N/A			3000	0	good	0	10	0	good	0	24	1	4.166667	good	9		0	good	0		0		0	0	good		0	0	good	0				
495	MW365485.1 Severe acute respiratory syndrome coronavirus 2 isolate SARS-CoV-2/human/CHL/Santiago-PUC_MVL_0221/2020, complete genome	20A	20A		20A	B.1	B.1	0	good	5	0	0	0	169	0	2	0	0	61	88980	56	29778	0.9883289302076714	E:1,M:1,N:1,ORF1a:0.9861395137468757,ORF1b:1,ORF3a:1,ORF6:1,ORF7a:1,ORF7b:1,ORF8:1,ORF9b:1,S:1	false	C241T,C3037T,C14408T,A20268G,A23403G				ORF1b:P314L,S:D614G						0	0	0	0				0	0	0	0	5112-5120,7663-7719,7915-7916,7924-7974,8100-8147,8366-8367	NODE_0000764	A20268G				NODE_0000764	A20268G				N/A	N/A	N/A	N/A	N/A	N/A	N/A	N/A	N/A	N/A	ORF1a:1616-1619,ORF1a:2466-2485,ORF1a:2550-2551,ORF1a:2554-2570,ORF1a:2612-2628,ORF1a:2701		3000	0	good	169	10	0	good	0	24	-8	0	good	0		0	good	0		0		0	0	good		0	0	good	0				
500	MW403694.1 Severe acute respiratory syndrome coronavirus 2 isolate SARS-CoV-2/human/ITA/Nuoro-CoV130/2020, complete genome	20B	20B		20B	B.1.1	B.1.1	0	good	7	0	0	0	0	0	4	0	0	0	89510	26	29871	0.9980938367387887	E:1,M:1,N:1,ORF1a:1,ORF1b:1,ORF3a:1,ORF6:1,ORF7a:1,ORF7b:1,ORF8:1,ORF9b:1,S:1	false	C241T,C3037T,C14408T,A23403G,G28881A,G28882A,G28883C				N:R203K,N:G204R,ORF1b:P314L,S:D614G						0	0	0	0				0	0	0	0		NODE_0000922					NODE_0000922					N/A	N/A	N/A	N/A	N/A	N/A	N/A	N/A	N/A	N/A			3000	0	good	0	10	0	good	0	24	-8	0	good	0		0	good	0		0		0	0	good		0	0	good	0				
498	MW368439.1 Severe acute respiratory syndrome coronavirus 2 isolate SARS-CoV-2/human/BEL/GHB-03021/2020, complete genome	19B	19B		19B	A	A	0	good	4	42	0	0	0	0	2	14	0	0	89190	55	29836	0.9959535832525165	E:1,M:1,N:1,ORF1a:1,ORF1b:1,ORF3a:1,ORF6:1,ORF7a:1,ORF7b:1,ORF8:1,ORF9b:1,S:1	false	C8782T,G24000T,A25768C,T28144C	21764-21790,23588-23602			ORF8:L84S,S:S813I	S:I68-,S:H69-,S:V70-,S:S71-,S:G72-,S:T73-,S:N74-,S:G75-,S:T76-,S:T676-,S:Q677-,S:T678-,S:N679-,S:S680-				G24000T,A25768C	0	0	2	2			S:S813I	0	0	1	1		internal_b384	G24000T,A25768C	21764-21790,23588-23602	S:S813I	S:I68-,S:H69-,S:V70-,S:S71-,S:G72-,S:T73-,S:N74-,S:G75-,S:T76-,S:T676-,S:Q677-,S:T678-,S:N679-,S:S680-	internal_b384	G24000T,A25768C	21764-21790,23588-23602	S:S813I	S:I68-,S:H69-,S:V70-,S:S71-,S:G72-,S:T73-,S:N74-,S:G75-,S:T76-,S:T676-,S:Q677-,S:T678-,S:N679-,S:S680-	N/A	N/A	N/A	N/A	N/A	N/A	N/A	N/A	N/A	N/A			3000	0	good	0	10	0	good	0	24	-4	0	good	4		0	good	0		0		0	0	good		0	0	good	0				
503	MW403702.1 Severe acute respiratory syndrome coronavirus 2 isolate SARS-CoV-2/human/ITA/Nuoro-CoV5/2020, complete genome	20B	20B		20B	B.1.1	B.1.1	0	good	7	0	0	0	0	0	4	0	0	0	89462	26	29855	0.9975587733672207	E:1,M:1,N:1,ORF1a:1,ORF1b:1,ORF3a:1,ORF6:1,ORF7a:1,ORF7b:1,ORF8:1,ORF9b:1,S:1	false	C241T,C3037T,C14408T,A23403G,G28881A,G28882A,G28883C				N:R203K,N:G204R,ORF1b:P314L,S:D614G						0	0	0	0				0	0	0	0		NODE_0000922					NODE_0000922					N/A	N/A	N/A	N/A	N/A	N/A	N/A	N/A	N/A	N/A			3000	0	good	0	10	0	good	0	24	-8	0	good	0		0	good	0		0		0	0	good		0	0	good	0				
499	MW375726.1 Severe acute respiratory syndrome coronavirus 2 isolate SARS-CoV-2/human/ESP/AST-232017735/2020, complete genome	19B	19B		19B	A.2	A.2	0	good	8	0	0	0	0	0	4	0	0	0	89413	22	29836	0.9970571514563756	E:1,M:1,N:1,ORF1a:1,ORF1b:1,ORF3a:1,ORF6:1,ORF7a:1,ORF7b:1,ORF8:1,ORF9b:1,S:1	false	G1186T,C8782T,T9477A,C14805T,G25979T,T28144C,C28657T,C28863T				N:S197L,ORF1a:F3071Y,ORF3a:G196V,ORF8:L84S					G1186T	0	0	1	1				0	0	0	0		internal_b384	G1186T,T9477A,C14805T,G25979T,C28657T,C28863T		N:S197L,ORF1a:F3071Y,ORF3a:G196V		NODE_0000757	G1186T				N/A	N/A	N/A	N/A	N/A	N/A	N/A	N/A	N/A	N/A			3000	0	good	0	10	0	good	0	24	-7	0	good	1		0	good	0		0		0	0	good		0	0	good	0				
504	MW403703.1 Severe acute respiratory syndrome coronavirus 2 isolate SARS-CoV-2/human/ITA/Nuoro-CoV3/2020, complete genome	20A	20A		20A	B.1	B.1	0	good	8	0	0	0	0	0	3	0	0	0	89446	26	29851	0.9974250075243286	E:1,M:1,N:1,ORF1a:1,ORF1b:1,ORF3a:1,ORF6:1,ORF7a:1,ORF7b:1,ORF8:1,ORF9b:1,S:1	false	C241T,C3037T,C9724T,C14408T,A23403G,G25429T,T29848A,A29850T				ORF1b:P314L,ORF3a:V13L,S:D614G					C9724T,G25429T,T29848A,A29850T	0	0	4	4			ORF3a:V13L	0	0	1	1		NODE_0000764	C9724T,G25429T,T29848A,A29850T		ORF3a:V13L		NODE_0000764	C9724T,G25429T,T29848A,A29850T		ORF3a:V13L		N/A	N/A	N/A	N/A	N/A	N/A	N/A	N/A	N/A	N/A			3000	0	good	0	10	0	good	0	24	-4	0	good	4		0	good	0		0		0	0	good		0	0	good	0				
501	MW403697.1 Severe acute respiratory syndrome coronavirus 2 isolate SARS-CoV-2/human/ITA/Nuoro-CoV72/2020, complete genome	20B	20B		20B	B.1.1	B.1.1	0	good	11	0	0	0	0	0	6	0	0	0	89488	26	29869	0.9980269538173427	E:1,M:1,N:1,ORF1a:1,ORF1b:1,ORF3a:1,ORF6:1,ORF7a:1,ORF7b:1,ORF8:1,ORF9b:1,S:1	false	C241T,C3037T,A10236G,C14408T,C21789T,A23403G,G28881A,G28882A,G28883C,T29856C,C29857T				N:R203K,N:G204R,ORF1a:K3324R,ORF1b:P314L,S:T76I,S:D614G				C21789T|21G	A10236G,T29856C,C29857T	0	1	3	4			ORF1a:K3324R,S:T76I	0	0	2	2		NODE_0000922	A10236G,C21789T,T29856C,C29857T		ORF1a:K3324R,S:T76I		NODE_0000922	A10236G,C21789T,T29856C,C29857T		ORF1a:K3324R,S:T76I		N/A	N/A	N/A	N/A	N/A	N/A	N/A	N/A	N/A	N/A			3000	0	good	0	10	0	good	0	24	-1	0	good	7		0	good	0		0		0	0	good		0	0	good	0				
502	MW403700.1 Severe acute respiratory syndrome coronavirus 2 isolate SARS-CoV-2/human/ITA/Nuoro-CoV21/2020, complete genome	20B	20B		20B	B.1.1	B.1.1	0	good	9	0	0	0	0	0	6	0	0	0	89460	26	29857	0.9976256562886667	E:1,M:1,N:1,ORF1a:1,ORF1b:1,ORF3a:1,ORF6:1,ORF7a:1,ORF7b:1,ORF8:1,ORF9b:1,S:1	false	C241T,C3037T,A13703G,C14408T,A23403G,C27046T,G28881A,G28882A,G28883C				M:T175M,N:R203K,N:G204R,ORF1b:N79S,ORF1b:P314L,S:D614G					A13703G,C27046T	0	0	2	2			M:T175M,ORF1b:N79S	0	0	2	2		NODE_0000922	A13703G,C27046T		M:T175M,ORF1b:N79S		NODE_0000922	A13703G,C27046T		M:T175M,ORF1b:N79S		N/A	N/A	N/A	N/A	N/A	N/A	N/A	N/A	N/A	N/A			3000	0	good	0	10	0	good	0	24	-6	0	good	2		0	good	0		0		0	0	good		0	0	good	0				
505	MW422031.1 Severe acute respiratory syndrome coronavirus 2 isolate SARS-CoV-2/human/PAK/SARS-CoV-2_50/2020, complete genome	19A	19A		19A	B.6	B.6	0.173611	good	10	6	0	0	0	0	6	2	0	0	89644	1	29903	1	E:1,M:1,N:1,ORF1a:1,ORF1b:1,ORF3a:1,ORF6:1,ORF7a:1,ORF7b:1,ORF8:1,ORF9b:1,S:1	false	C6312A,G10096A,G11083T,C11956T,C13730T,G17972A,A19365G,C23929T,C28311T,G29705T	515-520			N:P13L,ORF1a:T2016K,ORF1a:L3606F,ORF1b:A88V,ORF1b:R1502K,ORF9b:P10S	ORF1a:V84-,ORF1a:M85-			C11956T|23B&23D	G10096A,G17972A,A19365G,G29705T	0	1	4	5			ORF1b:R1502K	0	0	1	1		NODE_0000000	C6312A,G10096A,G11083T,C11956T,C13730T,G17972A,A19365G,C23929T,C28311T,G29705T	515-520	N:P13L,ORF1a:T2016K,ORF1a:L3606F,ORF1b:A88V,ORF1b:R1502K,ORF9b:P10S	ORF1a:V84-,ORF1a:M85-	NODE_0000755	G10096A,C11956T,G17972A,A19365G,G29705T	515-520	ORF1b:R1502K	ORF1a:V84-,ORF1a:M85-	N/A	N/A	N/A	N/A	N/A	N/A	N/A	N/A	N/A	N/A			3000	0	good	0	10	0	good	0	24	1	4.166667	good	9		0	good	0		0		0	0	good		0	0	good	0				
506	MW422064.1 Severe acute respiratory syndrome coronavirus 2 isolate SARS-CoV-2/human/PAK/SARS-CoV-2_83/2020, complete genome	20A	20A		20A	B.1	B.1	0	good	12	2	0	1	0	0	6	1	0	76	89648	1	29903	1	E:1,M:1,N:1,ORF1a:1,ORF1b:1,ORF3a:1,ORF6:1,ORF7a:1,ORF7b:1,ORF8:0.3770491803278688,ORF9b:1,S:1	false	C241T,C2416T,C3037T,G8371T,G11083T,C14408T,T18603C,C22477T,A23403G,G25563T,T27125C,G28878A	28029-28030		ORF8:47-122	N:S202N,ORF1a:Q2702H,ORF1a:L3606F,ORF1b:P314L,ORF3a:Q57H,S:D614G	ORF8:Y46-				G8371T,G11083T,T18603C,C22477T,T27125C,G28878A	0	0	6	6			N:S202N,ORF1a:Q2702H,ORF1a:L3606F	0	0	3	3		NODE_0000764	C2416T,G8371T,G11083T,T18603C,C22477T,G25563T,T27125C,G28878A	28029-28030	N:S202N,ORF1a:Q2702H,ORF1a:L3606F,ORF3a:Q57H	ORF8:Y46-	NODE_0000764	C2416T,G8371T,G11083T,T18603C,C22477T,G25563T,T27125C,G28878A	28029-28030	N:S202N,ORF1a:Q2702H,ORF1a:L3606F,ORF3a:Q57H	ORF8:Y46-	N/A	N/A	N/A	N/A	N/A	N/A	N/A	N/A	N/A	N/A	ORF8:47-122		3000	0	good	0	10	0	good	0	24	-1	0	good	7		0	good	0		0	ORF8:47-122	1	0	good		0	0	good	0				
509	MW422067.1 Severe acute respiratory syndrome coronavirus 2 isolate SARS-CoV-2/human/PAK/SARS-CoV-2_86/2020, complete genome	20D	20D		20D	B.1.1.1	B.1.1.1	0	good	13	0	0	0	0	0	6	0	0	0	89657	1	29903	1	E:1,M:1,N:1,ORF1a:1,ORF1b:1,ORF3a:1,ORF6:1,ORF7a:1,ORF7b:1,ORF8:1,ORF9b:1,S:1	false	C241T,C3037T,C4002T,G10097A,C13536T,C14408T,A23403G,C23731T,G28881A,G28882A,G28883C,C29642T,T29660C				N:R203K,N:G204R,ORF1a:T1246I,ORF1a:G3278S,ORF1b:P314L,S:D614G					C29642T,T29660C	0	0	2	2				0	0	0	0		NODE_0000960	C29642T,T29660C				NODE_0000960	C29642T,T29660C				N/A	N/A	N/A	N/A	N/A	N/A	N/A	N/A	N/A	N/A			3000	0	good	0	10	0	good	0	24	-6	0	good	2		0	good	0		0		0	0	good		0	0	good	0				
507	MW422065.1 Severe acute respiratory syndrome coronavirus 2 isolate SARS-CoV-2/human/PAK/SARS-CoV-2_84/2020, complete genome	20A	20A		20A	B.1	B.1	0	good	12	2	0	1	0	0	6	1	0	76	89648	1	29903	1	E:1,M:1,N:1,ORF1a:1,ORF1b:1,ORF3a:1,ORF6:1,ORF7a:1,ORF7b:1,ORF8:0.3770491803278688,ORF9b:1,S:1	false	C241T,C2416T,C3037T,G8371T,G11083T,C14408T,T18603C,C22477T,A23403G,G25563T,T27125C,G28878A	28029-28030		ORF8:47-122	N:S202N,ORF1a:Q2702H,ORF1a:L3606F,ORF1b:P314L,ORF3a:Q57H,S:D614G	ORF8:Y46-				G8371T,G11083T,T18603C,C22477T,T27125C,G28878A	0	0	6	6			N:S202N,ORF1a:Q2702H,ORF1a:L3606F	0	0	3	3		NODE_0000764	C2416T,G8371T,G11083T,T18603C,C22477T,G25563T,T27125C,G28878A	28029-28030	N:S202N,ORF1a:Q2702H,ORF1a:L3606F,ORF3a:Q57H	ORF8:Y46-	NODE_0000764	C2416T,G8371T,G11083T,T18603C,C22477T,G25563T,T27125C,G28878A	28029-28030	N:S202N,ORF1a:Q2702H,ORF1a:L3606F,ORF3a:Q57H	ORF8:Y46-	N/A	N/A	N/A	N/A	N/A	N/A	N/A	N/A	N/A	N/A	ORF8:47-122		3000	0	good	0	10	0	good	0	24	-1	0	good	7		0	good	0		0	ORF8:47-122	1	0	good		0	0	good	0				
508	MW422066.1 Severe acute respiratory syndrome coronavirus 2 isolate SARS-CoV-2/human/PAK/SARS-CoV-2_85/2020, complete genome	20D	20D		20D	B.1.1.1	B.1.1.1	0	good	14	1	0	1	0	0	10	1	0	1	89643	1	29903	1	E:1,M:1,N:1,ORF1a:1,ORF1b:1,ORF3a:1,ORF6:1,ORF7a:1,ORF7b:1,ORF8:0.9918032786885246,ORF9b:1,S:1	false	C241T,C1170T,C3037T,C4002T,G10097A,C13536T,C14408T,A23403G,C23731T,G25218T,G28314T,G28881A,G28882A,G28883C	28254		ORF8:122	N:R14L,N:R203K,N:G204R,ORF1a:S302F,ORF1a:T1246I,ORF1a:G3278S,ORF1b:P314L,ORF9b:A11S,S:D614G,S:G1219V	ORF8:I121-			C1170T|25B&24D	G25218T,G28314T	0	1	2	3			N:R14L,ORF1a:S302F,ORF9b:A11S,S:G1219V	0	0	4	4		NODE_0000960	C1170T,G25218T,G28314T	28254	N:R14L,ORF1a:S302F,ORF9b:A11S,S:G1219V	ORF8:I121-	NODE_0000960	C1170T,G25218T,G28314T	28254	N:R14L,ORF1a:S302F,ORF9b:A11S,S:G1219V	ORF8:I121-	N/A	N/A	N/A	N/A	N/A	N/A	N/A	N/A	N/A	N/A	ORF8:122		3000	0	good	0	10	0	good	0	24	-1	0	good	7		0	good	0		0	ORF8:122	1	0	good		0	0	good	0				
510	MW422069.1 Severe acute respiratory syndrome coronavirus 2 isolate SARS-CoV-2/human/PAK/SARS-CoV-2_88/2020, complete genome	20D	20D		20D	B.1.1.1	B.1.1.1	0	good	17	0	0	0	0	0	8	0	0	0	89641	1	29903	1	E:1,M:1,N:1,ORF1a:1,ORF1b:1,ORF3a:1,ORF6:1,ORF7a:1,ORF7b:1,ORF8:1,ORF9b:1,S:1	false	C241T,G1111A,C1912T,G2782T,C3037T,C4002T,G10097A,G11083T,C13536T,C14408T,C21952T,A23403G,C23731T,G28209T,G28881A,G28882A,G28883C				N:R203K,N:G204R,ORF1a:T1246I,ORF1a:G3278S,ORF1a:L3606F,ORF1b:P314L,ORF8:E106*,S:D614G					G1111A,C1912T,G2782T,G11083T,C21952T,G28209T	0	0	6	6			ORF1a:L3606F,ORF8:E106*	0	0	2	2		NODE_0000960	G1111A,C1912T,G2782T,G11083T,C21952T,G28209T		ORF1a:L3606F,ORF8:E106*		NODE_0000960	G1111A,C1912T,G2782T,G11083T,C21952T,G28209T		ORF1a:L3606F,ORF8:E106*		N/A	N/A	N/A	N/A	N/A	N/A	N/A	N/A	N/A	N/A			3000	0	good	0	10	0	good	0	24	-2	0	good	6		0	good	0		0		0	0	good		0	0	good	0				
512	MW422072.1 Severe acute respiratory syndrome coronavirus 2 isolate SARS-CoV-2/human/PAK/SARS-CoV-2_91/2020, complete genome	20A	20A		20A	B.1	B.1	0	good	12	0	0	0	0	0	8	0	0	0	89661	1	29903	1	E:1,M:1,N:1,ORF1a:1,ORF1b:1,ORF3a:1,ORF6:1,ORF7a:1,ORF7b:1,ORF8:1,ORF9b:1,S:1	false	C241T,C1101T,C2416T,C3037T,G3231T,G8371T,G11083T,C14408T,G19999T,C22477T,A23403G,G25563T				ORF1a:S279F,ORF1a:G989V,ORF1a:Q2702H,ORF1a:L3606F,ORF1b:P314L,ORF1b:V2178F,ORF3a:Q57H,S:D614G					C1101T,G3231T,G8371T,G11083T,G19999T,C22477T	0	0	6	6			ORF1a:S279F,ORF1a:G989V,ORF1a:Q2702H,ORF1a:L3606F,ORF1b:V2178F	0	0	5	5		NODE_0000764	C1101T,C2416T,G3231T,G8371T,G11083T,G19999T,C22477T,G25563T		ORF1a:S279F,ORF1a:G989V,ORF1a:Q2702H,ORF1a:L3606F,ORF1b:V2178F,ORF3a:Q57H		NODE_0000764	C1101T,C2416T,G3231T,G8371T,G11083T,G19999T,C22477T,G25563T		ORF1a:S279F,ORF1a:G989V,ORF1a:Q2702H,ORF1a:L3606F,ORF1b:V2178F,ORF3a:Q57H		N/A	N/A	N/A	N/A	N/A	N/A	N/A	N/A	N/A	N/A			3000	0	good	0	10	0	good	0	24	-2	0	good	6		0	good	0		0		0	0	good		0	0	good	0				
511	MW422071.1 Severe acute respiratory syndrome coronavirus 2 isolate SARS-CoV-2/human/PAK/SARS-CoV-2_90/2020, complete genome	20D	20D		20D	B.1.1.1	B.1.1.1	0	good	15	0	0	0	0	0	8	0	0	0	89649	1	29903	1	E:1,M:1,N:1,ORF1a:1,ORF1b:1,ORF3a:1,ORF6:1,ORF7a:1,ORF7b:1,ORF8:1,ORF9b:1,S:1	false	C241T,C3037T,C3622T,C4002T,G10097A,C13536T,C14408T,C17502T,A23403G,C23731T,C24912T,C27970T,G28881A,G28882A,G28883C				N:R203K,N:G204R,ORF1a:T1246I,ORF1a:G3278S,ORF1b:P314L,ORF8:T26I,S:D614G,S:T1117I					C3622T,C17502T,C24912T,C27970T	0	0	4	4			ORF8:T26I,S:T1117I	0	0	2	2		NODE_0000960	C3622T,C17502T,C24912T,C27970T		ORF8:T26I,S:T1117I		NODE_0000960	C3622T,C17502T,C24912T,C27970T		ORF8:T26I,S:T1117I		N/A	N/A	N/A	N/A	N/A	N/A	N/A	N/A	N/A	N/A			3000	0	good	0	10	0	good	0	24	-4	0	good	4		0	good	0		0		0	0	good		0	0	good	0				
513	MW422073.1 Severe acute respiratory syndrome coronavirus 2 isolate SARS-CoV-2/human/PAK/SARS-CoV-2_92/2020, complete genome	20A	20A		20A	B.1	B.1	0	good	13	0	0	0	0	0	8	0	0	0	89657	1	29903	1	E:1,M:1,N:1,ORF1a:1,ORF1b:1,ORF3a:1,ORF6:1,ORF7a:1,ORF7b:1,ORF8:1,ORF9b:1,S:1	false	C241T,C1101T,C2416T,C3037T,G3231T,G8371T,G11083T,C14408T,G19999T,C22477T,A23403G,C24442T,G25563T				ORF1a:S279F,ORF1a:G989V,ORF1a:Q2702H,ORF1a:L3606F,ORF1b:P314L,ORF1b:V2178F,ORF3a:Q57H,S:D614G					C1101T,G3231T,G8371T,G11083T,G19999T,C22477T,C24442T	0	0	7	7			ORF1a:S279F,ORF1a:G989V,ORF1a:Q2702H,ORF1a:L3606F,ORF1b:V2178F	0	0	5	5		NODE_0000764	C1101T,C2416T,G3231T,G8371T,G11083T,G19999T,C22477T,C24442T,G25563T		ORF1a:S279F,ORF1a:G989V,ORF1a:Q2702H,ORF1a:L3606F,ORF1b:V2178F,ORF3a:Q57H		NODE_0000764	C1101T,C2416T,G3231T,G8371T,G11083T,G19999T,C22477T,C24442T,G25563T		ORF1a:S279F,ORF1a:G989V,ORF1a:Q2702H,ORF1a:L3606F,ORF1b:V2178F,ORF3a:Q57H		N/A	N/A	N/A	N/A	N/A	N/A	N/A	N/A	N/A	N/A			3000	0	good	0	10	0	good	0	24	-1	0	good	7		0	good	0		0		0	0	good		0	0	good	0				
517	MW422093.1 Severe acute respiratory syndrome coronavirus 2 isolate SARS-CoV-2/human/PAK/SARS-CoV-2_112/2020, complete genome	20C	20C		20C	B.1	B.1	36	mediocre	4	0	0	0	0	6	2	0	0	4	89693	1	29903	0.999799351235662	E:1,M:1,N:1,ORF1a:0.9995455578277664,ORF1b:1,ORF3a:1,ORF6:1,ORF7a:1,ORF7b:1,ORF8:1,ORF9b:1,S:0.9984301412872841	false	C241T,C3037T,C14408T,G25563T				ORF1b:P314L,ORF3a:Q57H			T1059C			1	0	0	1	ORF1a:I265T			1	0	0	1		NODE_0000826	T1059C		ORF1a:I265T		NODE_0000764	G25563T		ORF3a:Q57H		N/A	N/A	N/A	N/A	N/A	N/A	N/A	N/A	N/A	N/A	ORF1a:2702,ORF1a:3606,S:21,S:614	Y:2416,K:8371,K:11083,W:21625,Y:22477,R:23403	3000	0	good	0	10	60	mediocre	6	24	-2	0	good	6		0	good	0		0		0	0	good		0	0	good	0				
516	MW422091.1 Severe acute respiratory syndrome coronavirus 2 isolate SARS-CoV-2/human/PAK/SARS-CoV-2_110/2020, complete genome	20A	20A		20A	B.1	B.1	0	good	9	0	0	0	0	0	5	0	0	0	89673	1	29903	1	E:1,M:1,N:1,ORF1a:1,ORF1b:1,ORF3a:1,ORF6:1,ORF7a:1,ORF7b:1,ORF8:1,ORF9b:1,S:1	false	C241T,C2416T,C3037T,G8371T,G11083T,C14408T,C22477T,A23403G,G25563T				ORF1a:Q2702H,ORF1a:L3606F,ORF1b:P314L,ORF3a:Q57H,S:D614G					G8371T,G11083T,C22477T	0	0	3	3			ORF1a:Q2702H,ORF1a:L3606F	0	0	2	2		NODE_0000764	C2416T,G8371T,G11083T,C22477T,G25563T		ORF1a:Q2702H,ORF1a:L3606F,ORF3a:Q57H		NODE_0000764	C2416T,G8371T,G11083T,C22477T,G25563T		ORF1a:Q2702H,ORF1a:L3606F,ORF3a:Q57H		N/A	N/A	N/A	N/A	N/A	N/A	N/A	N/A	N/A	N/A			3000	0	good	0	10	0	good	0	24	-5	0	good	3		0	good	0		0		0	0	good		0	0	good	0				
514	MW422077.1 Severe acute respiratory syndrome coronavirus 2 isolate SARS-CoV-2/human/PAK/SARS-CoV-2_96/2020, complete genome	20A	20A		20A	B.1	B.1	6.250000	good	17	0	0	0	0	0	9	0	0	0	89641	1	29903	1	E:1,M:1,N:1,ORF1a:1,ORF1b:1,ORF3a:1,ORF6:1,ORF7a:1,ORF7b:1,ORF8:1,ORF9b:1,S:1	false	C241T,C1613T,C1997T,C2147A,C2416T,C3037T,T6082C,G8371T,G11083T,C12473T,C14408T,T18603C,C22477T,A23403G,G25563T,G28378C,G28878A				N:S202N,ORF1a:L450F,ORF1a:L628I,ORF1a:Q2702H,ORF1a:L3606F,ORF1b:P314L,ORF3a:Q57H,ORF9b:R32P,S:D614G				C12473T|25B&24D	C1613T,C1997T,C2147A,T6082C,G8371T,G11083T,T18603C,C22477T,G28378C,G28878A	0	1	10	11			N:S202N,ORF1a:L450F,ORF1a:L628I,ORF1a:Q2702H,ORF1a:L3606F,ORF9b:R32P	0	0	6	6		NODE_0000764	C1613T,C1997T,C2147A,C2416T,T6082C,G8371T,G11083T,C12473T,T18603C,C22477T,G25563T,G28378C,G28878A		N:S202N,ORF1a:L450F,ORF1a:L628I,ORF1a:Q2702H,ORF1a:L3606F,ORF3a:Q57H,ORF9b:R32P		NODE_0000764	C1613T,C1997T,C2147A,C2416T,T6082C,G8371T,G11083T,C12473T,T18603C,C22477T,G25563T,G28378C,G28878A		N:S202N,ORF1a:L450F,ORF1a:L628I,ORF1a:Q2702H,ORF1a:L3606F,ORF3a:Q57H,ORF9b:R32P		N/A	N/A	N/A	N/A	N/A	N/A	N/A	N/A	N/A	N/A			3000	0	good	0	10	0	good	0	24	6	25	good	14		0	good	0		0		0	0	good		0	0	good	0				
515	MW422078.1 Severe acute respiratory syndrome coronavirus 2 isolate SARS-CoV-2/human/PAK/SARS-CoV-2_97/2020, complete genome	20A	20A		20A	B.1	B.1	1	good	13	0	0	0	0	1	7	0	0	1	89657	1	29903	0.999966558539277	E:1,M:1,N:1,ORF1a:0.9997727789138832,ORF1b:1,ORF3a:1,ORF6:1,ORF7a:1,ORF7b:1,ORF8:1,ORF9b:1,S:1	false	C241T,C2416T,C3037T,G8371T,T9208C,C10741T,G11083T,C14408T,G21724C,C22477T,A23403G,G25563T,C29253T				N:S327L,ORF1a:Q2702H,ORF1a:L3606F,ORF1b:P314L,ORF3a:Q57H,S:L54F,S:D614G					G8371T,T9208C,C10741T,G11083T,G21724C,C22477T,C29253T	0	0	7	7			N:S327L,ORF1a:Q2702H,ORF1a:L3606F,S:L54F	0	0	4	4		NODE_0000764	C2416T,G8371T,T9208C,C10741T,G11083T,G21724C,C22477T,G25563T,C29253T		N:S327L,ORF1a:Q2702H,ORF1a:L3606F,ORF3a:Q57H,S:L54F		NODE_0000764	C2416T,G8371T,T9208C,C10741T,G11083T,G21724C,C22477T,G25563T,C29253T		N:S327L,ORF1a:Q2702H,ORF1a:L3606F,ORF3a:Q57H,S:L54F		N/A	N/A	N/A	N/A	N/A	N/A	N/A	N/A	N/A	N/A	ORF1a:1056	K:3431	3000	0	good	0	10	10	good	1	24	-1	0	good	7		0	good	0		0		0	0	good		0	0	good	0				
519	MW422113.1 Severe acute respiratory syndrome coronavirus 2 isolate SARS-CoV-2/human/PAK/SARS-CoV-2_132/2020, complete genome	20A	20A		20A	B.1	B.1	0	good	12	0	0	0	0	0	6	0	0	0	89661	1	29903	1	E:1,M:1,N:1,ORF1a:1,ORF1b:1,ORF3a:1,ORF6:1,ORF7a:1,ORF7b:1,ORF8:1,ORF9b:1,S:1	false	C151T,C241T,C2416T,C3037T,G4444T,G8371T,G11083T,C14408T,C22477T,A23403G,G25563T,C29253T				N:S327L,ORF1a:Q2702H,ORF1a:L3606F,ORF1b:P314L,ORF3a:Q57H,S:D614G					C151T,G4444T,G8371T,G11083T,C22477T,C29253T	0	0	6	6			N:S327L,ORF1a:Q2702H,ORF1a:L3606F	0	0	3	3		NODE_0000764	C151T,C2416T,G4444T,G8371T,G11083T,C22477T,G25563T,C29253T		N:S327L,ORF1a:Q2702H,ORF1a:L3606F,ORF3a:Q57H		NODE_0000764	C151T,C2416T,G4444T,G8371T,G11083T,C22477T,G25563T,C29253T		N:S327L,ORF1a:Q2702H,ORF1a:L3606F,ORF3a:Q57H		N/A	N/A	N/A	N/A	N/A	N/A	N/A	N/A	N/A	N/A			3000	0	good	0	10	0	good	0	24	-2	0	good	6		0	good	0		0		0	0	good		0	0	good	0				
520	MW422117.1 Severe acute respiratory syndrome coronavirus 2 isolate SARS-CoV-2/human/PAK/SARS-CoV-2_136/2020, complete genome	20A	20A		20A	B.1	B.1	0.173611	good	12	0	0	0	0	0	7	0	0	0	89661	1	29903	1	E:1,M:1,N:1,ORF1a:1,ORF1b:1,ORF3a:1,ORF6:1,ORF7a:1,ORF7b:1,ORF8:1,ORF9b:1,S:1	false	C241T,C2416T,C3037T,G8371T,C9943T,G11083T,C14408T,C22477T,A23403G,G25563T,C25919T,G29402T				N:D377Y,ORF1a:Q2702H,ORF1a:L3606F,ORF1b:P314L,ORF3a:Q57H,ORF3a:T176I,S:D614G				G29402T|21J&21I&21A&21B	G8371T,C9943T,G11083T,C22477T,C25919T	0	1	5	6			N:D377Y,ORF1a:Q2702H,ORF1a:L3606F,ORF3a:T176I	0	0	4	4		NODE_0000764	C2416T,G8371T,C9943T,G11083T,C22477T,G25563T,C25919T,G29402T		N:D377Y,ORF1a:Q2702H,ORF1a:L3606F,ORF3a:Q57H,ORF3a:T176I		NODE_0000764	C2416T,G8371T,C9943T,G11083T,C22477T,G25563T,C25919T,G29402T		N:D377Y,ORF1a:Q2702H,ORF1a:L3606F,ORF3a:Q57H,ORF3a:T176I		N/A	N/A	N/A	N/A	N/A	N/A	N/A	N/A	N/A	N/A			3000	0	good	0	10	0	good	0	24	1	4.166667	good	9		0	good	0		0		0	0	good		0	0	good	0				
521	MW422118.1 Severe acute respiratory syndrome coronavirus 2 isolate SARS-CoV-2/human/PAK/SARS-CoV-2_137/2020, complete genome	20B	20B		20B	B.1.1	B.1.1	64	mediocre	9	0	0	0	0	8	5	0	0	4	89673	1	29903	0.9997324683142159	E:1,M:1,N:1,ORF1a:0.9995455578277664,ORF1b:0.9996290801186943,ORF3a:0.9963768115942029,ORF6:1,ORF7a:1,ORF7b:1,ORF8:1,ORF9b:1,S:1	false	C241T,C3037T,C14408T,A23403G,C24099T,T25303C,G28881A,G28882A,G28883C				N:R203K,N:G204R,ORF1b:P314L,S:D614G,S:A846V					C24099T,T25303C	0	0	2	2			S:A846V	0	0	1	1		NODE_0000922	C24099T,T25303C		S:A846V		NODE_0000922	C24099T,T25303C		S:A846V		N/A	N/A	N/A	N/A	N/A	N/A	N/A	N/A	N/A	N/A	ORF1a:2702,ORF1a:3606,ORF1b:2213,ORF3a:57	Y:2416,K:8371,K:11083,Y:17550,Y:19839,Y:20104,Y:22477,K:25563	3000	0	good	0	10	80	mediocre	8	24	-6	0	good	2		0	good	0		0		0	0	good		0	0	good	0				
522	MW426406.1 Severe acute respiratory syndrome coronavirus 2 isolate SARS-CoV-2/human/TUN/TUN-20203942/2020, complete genome	20E	20E		20E	B.1.177	B.1.177	0.173611	good	20	0	2	0	0	0	7	0	0	0	89560	22	29903	0.9992977293248169	E:1,M:1,N:1,ORF1a:1,ORF1b:1,ORF3a:1,ORF6:1,ORF7a:1,ORF7b:1,ORF8:1,ORF9b:1,S:1	false	C241T,T445C,C683T,A2251G,C3037T,G4006T,C5170T,C6286T,G11132T,C14408T,G21255C,C22227T,A23403G,G25135T,T26609C,C26801G,C28932T,G29645T,A29866C,A29869T		29868:TC		N:A220V,ORF1a:K1247N,ORF1a:A3623S,ORF1b:P314L,S:A222V,S:D614G,S:K1191N					C683T,A2251G,G4006T,C5170T,G11132T,G25135T,T26609C,A29866C,A29869T	0	0	9	9			ORF1a:K1247N,ORF1a:A3623S,S:K1191N	0	0	3	3		NODE_0000793	C683T,A2251G,G4006T,C5170T,G11132T,G25135T,T26609C,A29866C,A29869T		ORF1a:K1247N,ORF1a:A3623S,S:K1191N		NODE_0000793	C683T,A2251G,G4006T,C5170T,G11132T,G25135T,T26609C,A29866C,A29869T		ORF1a:K1247N,ORF1a:A3623S,S:K1191N		N/A	N/A	N/A	N/A	N/A	N/A	N/A	N/A	N/A	N/A			3000	0	good	0	10	0	good	0	24	1	4.166667	good	9		0	good	0		0		0	0	good		0	0	good	0				
518	MW422096.1 Severe acute respiratory syndrome coronavirus 2 isolate SARS-CoV-2/human/PAK/SARS-CoV-2_115/2020, complete genome	20A	20A		20A	B.1	B.1	4	good	10	0	0	0	0	2	5	0	0	0	89669	1	29903	0.999933117078554	E:1,M:1,N:1,ORF1a:1,ORF1b:1,ORF3a:1,ORF6:1,ORF7a:1,ORF7b:1,ORF8:1,ORF9b:1,S:1	false	C241T,C2416T,C3037T,G8371T,A10873G,G11083T,C14408T,C22477T,A23403G,G25563T				ORF1a:Q2702H,ORF1a:L3606F,ORF1b:P314L,ORF3a:Q57H,S:D614G					G8371T,A10873G,G11083T,C22477T	0	0	4	4			ORF1a:Q2702H,ORF1a:L3606F	0	0	2	2		NODE_0000764	C2416T,G8371T,A10873G,G11083T,C22477T,G25563T		ORF1a:Q2702H,ORF1a:L3606F,ORF3a:Q57H		NODE_0000764	C2416T,G8371T,A10873G,G11083T,C22477T,G25563T		ORF1a:Q2702H,ORF1a:L3606F,ORF3a:Q57H		N/A	N/A	N/A	N/A	N/A	N/A	N/A	N/A	N/A	N/A		Y:904,Y:11074	3000	0	good	0	10	20	good	2	24	-4	0	good	4		0	good	0		0		0	0	good		0	0	good	0				
523	MW428253.1 Severe acute respiratory syndrome coronavirus 2 isolate SARS-CoV-2/human/TUN/TUN-2020-6895/2020, complete genome	20B	20B		20B	B.1.1	B.1.1	0	good	11	0	2	0	0	0	5	0	0	0	89647	7	29903	0.999799351235662	E:1,M:1,N:1,ORF1a:1,ORF1b:1,ORF3a:1,ORF6:1,ORF7a:1,ORF7b:1,ORF8:1,ORF9b:1,S:1	false	T10A,T13A,C241T,C3037T,C14408T,T23287C,A23403G,A23870G,G28881A,G28882A,G28883C		29903:AA		N:R203K,N:G204R,ORF1b:P314L,S:D614G,S:I770V					T10A,T13A,T23287C,A23870G	0	0	4	4			S:I770V	0	0	1	1		NODE_0000922	T10A,T13A,T23287C,A23870G		S:I770V		NODE_0000922	T10A,T13A,T23287C,A23870G		S:I770V		N/A	N/A	N/A	N/A	N/A	N/A	N/A	N/A	N/A	N/A			3000	0	good	0	10	0	good	0	24	-4	0	good	4		0	good	0		0		0	0	good		0	0	good	0				
524	MW433736.1 Severe acute respiratory syndrome coronavirus 2 isolate SARS-CoV-2/human/PAK/AKU s58/2020, complete genome	19A	19A		19A	B.4	B.4	0	good	9	0	0	0	0	0	7	0	0	0	89502	25	29870	0.9980938367387887	E:1,M:1,N:1,ORF1a:1,ORF1b:1,ORF3a:1,ORF6:1,ORF7a:1,ORF7b:1,ORF8:1,ORF9b:1,S:1	false	C884T,G1397A,C3330T,G8653T,G11083T,G26263A,T28688C,A28709T,G29742T				E:E7K,N:I146F,ORF1a:R207C,ORF1a:V378I,ORF1a:T1022I,ORF1a:M2796I,ORF1a:L3606F					C884T,C3330T,G8653T,G26263A,A28709T	0	0	5	5			E:E7K,N:I146F,ORF1a:R207C,ORF1a:T1022I,ORF1a:M2796I	0	0	5	5		NODE_0000000	C884T,G1397A,C3330T,G8653T,G11083T,G26263A,T28688C,A28709T,G29742T		E:E7K,N:I146F,ORF1a:R207C,ORF1a:V378I,ORF1a:T1022I,ORF1a:M2796I,ORF1a:L3606F		B.4	C884T,C3330T,G8653T,G26263A,A28709T		E:E7K,N:I146F,ORF1a:R207C,ORF1a:T1022I,ORF1a:M2796I		N/A	N/A	N/A	N/A	N/A	N/A	N/A	N/A	N/A	N/A			3000	0	good	0	10	0	good	0	24	-3	0	good	5		0	good	0		0		0	0	good		0	0	good	0				
527	MW451602.1 Severe acute respiratory syndrome coronavirus 2 isolate SARS-CoV-2/human/EGY/CPHL-NRC-21/2020, complete genome	20A	20A		20A	B.1	B.1	0	good	7	0	0	0	0	0	3	0	0	0	89501	12	29854	0.9979935123566197	E:1,M:1,N:1,ORF1a:1,ORF1b:1,ORF3a:1,ORF6:1,ORF7a:1,ORF7b:1,ORF8:1,ORF9b:1,S:1	false	C241T,C3037T,C14408T,C18877T,C19170T,A23403G,G25563T				ORF1b:P314L,ORF3a:Q57H,S:D614G					C19170T	0	0	1	1				0	0	0	0		NODE_0000764	C18877T,C19170T,G25563T		ORF3a:Q57H		NODE_0000764	C18877T,C19170T,G25563T		ORF3a:Q57H		N/A	N/A	N/A	N/A	N/A	N/A	N/A	N/A	N/A	N/A			3000	0	good	0	10	0	good	0	24	-7	0	good	1		0	good	0		0		0	0	good		0	0	good	0				
526	MW451601.1 Severe acute respiratory syndrome coronavirus 2 isolate SARS-CoV-2/human/EGY/CPHL-NRC-22/2020, complete genome	20A	20A		20A	B.1	B.1	0	good	7	0	0	0	13	0	3	0	0	0	89551	40	29903	0.9982610440424038	E:1,M:1,N:1,ORF1a:1,ORF1b:1,ORF3a:1,ORF6:1,ORF7a:1,ORF7b:1,ORF8:1,ORF9b:1,S:1	false	C241T,C3037T,C14408T,C18877T,C19524T,A23403G,G25563T				ORF1b:P314L,ORF3a:Q57H,S:D614G					C19524T	0	0	1	1				0	0	0	0	29858-29870	NODE_0000764	C18877T,C19524T,G25563T		ORF3a:Q57H		NODE_0000764	C18877T,C19524T,G25563T		ORF3a:Q57H		N/A	N/A	N/A	N/A	N/A	N/A	N/A	N/A	N/A	N/A			3000	0	good	13	10	0	good	0	24	-7	0	good	1		0	good	0		0		0	0	good		0	0	good	0				
525	MW441768.1 Severe acute respiratory syndrome coronavirus 2 isolate SARS-CoV-2/human/BRA/SPPU-0691-P4/2020, complete genome	20B	20B		20B	B.1.1.28	B.1.1.28	1.562500	good	16	0	0	0	0	0	9	0	0	0	89477	6	29852	0.9981272781995117	E:1,M:1,N:1,ORF1a:1,ORF1b:1,ORF3a:1,ORF6:1,ORF7a:1,ORF7b:1,ORF8:1,ORF9b:1,S:1	false	C16G,C19A,C241T,C3037T,A12416G,C14408T,A20055G,G20434T,T22117A,A23403G,A23524G,G25088T,G27478T,G28881A,G28882A,G28883C				N:R203K,N:G204R,ORF1a:N4051D,ORF1b:P314L,ORF1b:D2323Y,ORF7a:V29L,S:N185K,S:D614G,S:V1176F				A20055G|21L&22B&22E&23A&24A&22C&22A&23F&23D&23B&24E&22D&22F&25C&rec&24C&23C&24F&23E&24B&23H&25B&25A&24G&23I&23G&24H&24D&25D&24I&25G&25E&25H&25F	C16G,C19A,A12416G,G20434T,T22117A,A23524G,G27478T	0	1	7	8			ORF1a:N4051D,ORF1b:D2323Y,ORF7a:V29L,S:N185K	0	0	4	4		NODE_0000922	C16G,C19A,A12416G,A20055G,G20434T,T22117A,A23524G,G25088T,G27478T		ORF1a:N4051D,ORF1b:D2323Y,ORF7a:V29L,S:N185K,S:V1176F		internal_1fa9	C16G,C19A,A12416G,A20055G,G20434T,T22117A,A23524G,G27478T		ORF1a:N4051D,ORF1b:D2323Y,ORF7a:V29L,S:N185K		N/A	N/A	N/A	N/A	N/A	N/A	N/A	N/A	N/A	N/A			3000	0	good	0	10	0	good	0	24	3	12.500000	good	11		0	good	0		0		0	0	good		0	0	good	0				
529	MW466791.1 Severe acute respiratory syndrome coronavirus 2 isolate SARS-CoV-2/human/KOR/KCDC03-NCCP43326/2020, complete genome	19B	19B		19B	A	A	0	good	4	0	0	0	0	0	2	0	0	0	89690	2	29903	0.999966558539277	E:1,M:1,N:1,ORF1a:1,ORF1b:1,ORF3a:1,ORF6:1,ORF7a:1,ORF7b:1,ORF8:1,ORF9b:1,S:1	false	T4402C,G5062T,C8782T,T28144C				ORF1a:L1599F,ORF8:L84S					T4402C,G5062T	0	0	2	2			ORF1a:L1599F	0	0	1	1		internal_b384	T4402C,G5062T		ORF1a:L1599F		internal_b384	T4402C,G5062T		ORF1a:L1599F		N/A	N/A	N/A	N/A	N/A	N/A	N/A	N/A	N/A	N/A			3000	0	good	0	10	0	good	0	24	-6	0	good	2		0	good	0		0		0	0	good		0	0	good	0				
528	MW463456.1 Severe acute respiratory syndrome coronavirus 2 isolate SARS-CoV-2/human/TUN/TUN-20208274/2020, complete genome	20C	20C		20C	B.1	B.1	44.444444	mediocre	25	0	0	0	0	0	17	0	0	0	89468	7	29862	0.9984282513460188	E:1,M:1,N:1,ORF1a:1,ORF1b:1,ORF3a:1,ORF6:1,ORF7a:1,ORF7b:1,ORF8:1,ORF9b:1,S:1	false	C241T,C1059T,C1302T,C1427T,C1710T,C3037T,C4897T,C5052T,C6145T,C6726T,C8334T,C13176T,C14408T,C16323T,G16935T,G20274T,A23403G,G23608T,G23900C,G25563T,G26062T,C26645T,C27434T,C28887T,C29738T				N:T205I,ORF1a:T265I,ORF1a:T346I,ORF1a:H388Y,ORF1a:A482V,ORF1a:P1596L,ORF1a:T2154I,ORF1a:A2690V,ORF1a:T4304I,ORF1b:P314L,ORF1b:M1156I,ORF1b:M2269I,ORF3a:Q57H,ORF3a:G224C,ORF7a:T14I,S:D614G,S:E780Q				C16323T|25B&24D,C26645T|25I	C1302T,C1427T,C1710T,C4897T,C5052T,C6145T,C6726T,C8334T,C13176T,G16935T,G20274T,G23608T,G23900C,G26062T,C27434T,C29738T	0	2	16	18			ORF1a:T346I,ORF1a:H388Y,ORF1a:A482V,ORF1a:P1596L,ORF1a:T2154I,ORF1a:A2690V,ORF1a:T4304I,ORF1b:M1156I,ORF1b:M2269I,ORF3a:G224C,ORF7a:T14I,S:E780Q	0	0	12	12		NODE_0000826	C1302T,C1427T,C1710T,C4897T,C5052T,C6145T,C6726T,C8334T,C13176T,C16323T,G16935T,G20274T,G23608T,G23900C,G26062T,C26645T,C27434T,C28887T,C29738T		N:T205I,ORF1a:T346I,ORF1a:H388Y,ORF1a:A482V,ORF1a:P1596L,ORF1a:T2154I,ORF1a:A2690V,ORF1a:T4304I,ORF1b:M1156I,ORF1b:M2269I,ORF3a:G224C,ORF7a:T14I,S:E780Q		NODE_0000764	C1059T,C1302T,C1427T,C1710T,C4897T,C5052T,C6145T,C6726T,C8334T,C13176T,C16323T,G16935T,G20274T,G23608T,G23900C,G25563T,G26062T,C26645T,C27434T,C28887T,C29738T		N:T205I,ORF1a:T265I,ORF1a:T346I,ORF1a:H388Y,ORF1a:A482V,ORF1a:P1596L,ORF1a:T2154I,ORF1a:A2690V,ORF1a:T4304I,ORF1b:M1156I,ORF1b:M2269I,ORF3a:Q57H,ORF3a:G224C,ORF7a:T14I,S:E780Q		N/A	N/A	N/A	N/A	N/A	N/A	N/A	N/A	N/A	N/A			3000	0	good	0	10	0	good	0	24	16	66.666667	mediocre	24		0	good	0		0		0	0	good		0	0	good	0				
532	MW466794.1 Severe acute respiratory syndrome coronavirus 2 isolate SARS-CoV-2/human/KOR/KCDC07-NCCP43329/2020, complete genome	19B	19B		19B	A	A	0	good	7	0	0	0	0	0	4	0	0	0	89672	1	29900	0.999899675617831	E:1,M:1,N:1,ORF1a:1,ORF1b:1,ORF3a:1,ORF6:1,ORF7a:1,ORF7b:1,ORF8:1,ORF9b:1,S:1	false	A4T,C1779T,T4402C,G5062T,C8782T,C15017T,T28144C				ORF1a:S505F,ORF1a:L1599F,ORF1b:A517V,ORF8:L84S					A4T,C1779T,T4402C,G5062T,C15017T	0	0	5	5			ORF1a:S505F,ORF1a:L1599F,ORF1b:A517V	0	0	3	3		internal_b384	A4T,C1779T,T4402C,G5062T,C15017T		ORF1a:S505F,ORF1a:L1599F,ORF1b:A517V		internal_b384	A4T,C1779T,T4402C,G5062T,C15017T		ORF1a:S505F,ORF1a:L1599F,ORF1b:A517V		N/A	N/A	N/A	N/A	N/A	N/A	N/A	N/A	N/A	N/A			3000	0	good	0	10	0	good	0	24	-3	0	good	5		0	good	0		0		0	0	good		0	0	good	0				
531	MW466793.1 Severe acute respiratory syndrome coronavirus 2 isolate SARS-CoV-2/human/KOR/KCDC06-NCCP43328/2020, complete genome	19B	19B		19B	A	A	0	good	4	1	0	0	0	0	2	0	0	0	89678	1	29901	0.999933117078554	E:1,M:1,N:1,ORF1a:1,ORF1b:1,ORF3a:1,ORF6:1,ORF7a:1,ORF7b:1,ORF8:1,ORF9b:1,S:1	false	T4402C,G5062T,C8782T,T28144C	4			ORF1a:L1599F,ORF8:L84S					T4402C,G5062T	0	0	2	2			ORF1a:L1599F	0	0	1	1		internal_b384	T4402C,G5062T	4	ORF1a:L1599F		internal_b384	T4402C,G5062T	4	ORF1a:L1599F		N/A	N/A	N/A	N/A	N/A	N/A	N/A	N/A	N/A	N/A			3000	0	good	0	10	0	good	0	24	-5	0	good	3		0	good	0		0		0	0	good		0	0	good	0				
530	MW466792.1 Severe acute respiratory syndrome coronavirus 2 isolate SARS-CoV-2/human/KOR/KCDC05-NCCP43327/2020, complete genome	19B	19B		19B	A	A	0	good	6	0	0	0	0	0	3	0	0	0	89685	1	29903	1	E:1,M:1,N:1,ORF1a:1,ORF1b:1,ORF3a:1,ORF6:1,ORF7a:1,ORF7b:1,ORF8:1,ORF9b:1,S:1	false	T8767C,C8782T,C17104T,G26167T,T28144C,G29593A				ORF1b:H1213Y,ORF3a:V259L,ORF8:L84S					T8767C,C17104T,G26167T,G29593A	0	0	4	4			ORF1b:H1213Y,ORF3a:V259L	0	0	2	2		internal_b384	T8767C,C17104T,G26167T,G29593A		ORF1b:H1213Y,ORF3a:V259L		internal_b384	T8767C,C17104T,G26167T,G29593A		ORF1b:H1213Y,ORF3a:V259L		N/A	N/A	N/A	N/A	N/A	N/A	N/A	N/A	N/A	N/A			3000	0	good	0	10	0	good	0	24	-4	0	good	4		0	good	0		0		0	0	good		0	0	good	0				
533	MW466795.1 Severe acute respiratory syndrome coronavirus 2 isolate SARS-CoV-2/human/KOR/KCDC12-NCCP43330/2020, complete genome	19A	19A		19A	B	B	0	good	0	1	0	0	0	0	0	0	0	0	89694	1	29901	0.999933117078554	E:1,M:1,N:1,ORF1a:1,ORF1b:1,ORF3a:1,ORF6:1,ORF7a:1,ORF7b:1,ORF8:1,ORF9b:1,S:1	false		4									0	0	0	0				0	0	0	0		NODE_0000000		4			NODE_0000000		4			N/A	N/A	N/A	N/A	N/A	N/A	N/A	N/A	N/A	N/A			3000	0	good	0	10	0	good	0	24	-7	0	good	1		0	good	0		0		0	0	good		0	0	good	0				
534	MW466796.1 Severe acute respiratory syndrome coronavirus 2 isolate SARS-CoV-2/human/KOR/KCDC15-NCCP43331/2020, complete genome	19B	19B		19B	A	A	0	good	6	0	0	0	0	0	3	0	0	0	89676	2	29901	0.999899675617831	E:1,M:1,N:1,ORF1a:1,ORF1b:1,ORF3a:1,ORF6:1,ORF7a:1,ORF7b:1,ORF8:1,ORF9b:1,S:1	false	T2A,T4402C,G5062T,C8782T,C23525T,T28144C				ORF1a:L1599F,ORF8:L84S,S:H655Y				C23525T|21K&21L&22B&22E&23A&22C&24A&22A&23F&23D&20J&23B&22D&24E&22F&rec&25C&23C&24C&24F&23E&24B&23H&25B&25A&23I&24G&23G&24H&24D&21M&25D&24I&25G&25E&25I&25H&25F	T2A,T4402C,G5062T	0	1	3	4			ORF1a:L1599F,S:H655Y	0	0	2	2		internal_b384	T2A,T4402C,G5062T,C23525T		ORF1a:L1599F,S:H655Y		internal_b384	T2A,T4402C,G5062T,C23525T		ORF1a:L1599F,S:H655Y		N/A	N/A	N/A	N/A	N/A	N/A	N/A	N/A	N/A	N/A			3000	0	good	0	10	0	good	0	24	-1	0	good	7		0	good	0		0		0	0	good		0	0	good	0				
535	MW467428.1 Severe acute respiratory syndrome coronavirus 2 isolate SARS-CoV-2/human/EGY/EGY_CCHE57357_A_13/2020, complete genome	19A	19A		19A	B	B	6.250000	good	5	0	0	0	0	0	4	0	0	0	89689	1	29903	1	E:1,M:1,N:1,ORF1a:1,ORF1b:1,ORF3a:1,ORF6:1,ORF7a:1,ORF7b:1,ORF8:1,ORF9b:1,S:1	false	A5829T,T23514C,G28881A,G28882A,G28883C				N:R203K,N:G204R,ORF1a:K1855M,S:I651T				G28881A|21K&21L&22B&20I&22E&23A&22C&24A&20B&22A&23F&23D&23B&20J&22D&24E&22F&25C&rec&23C&24C&24F&23E&24B&23H&25B&25A&24G&23I&23G&20D&20F&24H&21G&24D&21M&25D&24I&25G&25E&25I&25H&25F&21E,G28882A|21K&21L&22B&20I&22E&23A&22C&24A&20B&22A&23F&23D&23B&20J&24E&22D&22F&25C&rec&23C&24C&24F&23E&24B&23H&25B&25A&24G&23I&23G&20D&20F&24H&21G&24D&21M&25D&24I&25G&25E&25I&25H&25F&21E,G28883C|21K&21L&22B&20I&22E&23A&22C&24A&20B&22A&23F&23D&23B&20J&24E&22D&22F&25C&rec&23C&24C&24F&23E&24B&23H&25B&25A&24G&23I&23G&20D&20F&24H&21G&24D&21M&25D&24I&25G&25E&25I&25H&25F&21E	A5829T,T23514C	0	3	2	5			N:R203K,N:G204R,ORF1a:K1855M,S:I651T	0	0	4	4		NODE_0000000	A5829T,T23514C,G28881A,G28882A,G28883C		N:R203K,N:G204R,ORF1a:K1855M,S:I651T		NODE_0000000	A5829T,T23514C,G28881A,G28882A,G28883C		N:R203K,N:G204R,ORF1a:K1855M,S:I651T		N/A	N/A	N/A	N/A	N/A	N/A	N/A	N/A	N/A	N/A			3000	0	good	0	10	0	good	0	24	6	25	good	14		0	good	0		0		0	0	good		0	0	good	0				
537	MW474741.1 Severe acute respiratory syndrome coronavirus 2 isolate SARS-CoV-2/human/MLI/UCRC 31/2020, complete genome	19B	19B		19B	A	A	0	good	9	0	0	0	0	0	5	0	0	0	89610	1	29882	0.9992977293248169	E:1,M:1,N:1,ORF1a:1,ORF1b:1,ORF3a:1,ORF6:1,ORF7a:1,ORF7b:1,ORF8:1,ORF9b:1,S:1	false	C853T,C8782T,C19019T,G22468T,C25904T,C25936T,T28144C,G28878A,G29742A				N:S202N,ORF1b:P1851L,ORF3a:S171L,ORF3a:H182Y,ORF8:L84S				C25904T|20H	C853T,C19019T,C25936T	0	1	3	4			ORF1b:P1851L,ORF3a:S171L,ORF3a:H182Y	0	0	3	3		internal_b384	C853T,C19019T,G22468T,C25904T,C25936T,G28878A,G29742A		N:S202N,ORF1b:P1851L,ORF3a:S171L,ORF3a:H182Y		internal_b384	C853T,C19019T,G22468T,C25904T,C25936T,G28878A,G29742A		N:S202N,ORF1b:P1851L,ORF3a:S171L,ORF3a:H182Y		N/A	N/A	N/A	N/A	N/A	N/A	N/A	N/A	N/A	N/A			3000	0	good	0	10	0	good	0	24	-1	0	good	7		0	good	0		0		0	0	good		0	0	good	0				
539	MW485797.1 Severe acute respiratory syndrome coronavirus 2 isolate SARS-CoV-2/human/SRB/NI00002-04-04/2020, complete genome	20B	20B		20B	B.1.1.70	B.1.1.70	0	good	12	0	0	0	1	0	7	0	0	1	89297	55	29836	0.9959201417917934	E:1,M:1,N:1,ORF1a:0.9997727789138832,ORF1b:1,ORF3a:1,ORF6:1,ORF7a:1,ORF7b:1,ORF8:1,ORF9b:1,S:1	false	C241T,C3037T,G10265A,C14408T,A15972G,C19718T,A23403G,T28759C,G28881A,G28882A,G28883C,G28917T				N:R203K,N:G204R,N:G215V,ORF1a:G3334S,ORF1b:P314L,ORF1b:T2084I,S:D614G					G28917T	0	0	1	1			N:G215V	0	0	1	1	11074	NODE_0000922	G10265A,A15972G,C19718T,T28759C,G28917T		N:G215V,ORF1a:G3334S,ORF1b:T2084I		B.1.1.70	G28917T		N:G215V		N/A	N/A	N/A	N/A	N/A	N/A	N/A	N/A	N/A	N/A	ORF1a:3603		3000	0	good	1	10	0	good	0	24	-7	0	good	1		0	good	0		0		0	0	good		0	0	good	0				
538	MW485245.1 Severe acute respiratory syndrome coronavirus 2 isolate SARS-CoV-2/human/SRB/SA00053-30-04/2020, complete genome	20A	20A		20A	B.1	B.1	0	good	9	0	0	0	0	0	4	0	0	0	89310	55	29836	0.9959535832525165	E:1,M:1,N:1,ORF1a:1,ORF1b:1,ORF3a:1,ORF6:1,ORF7a:1,ORF7b:1,ORF8:1,ORF9b:1,S:1	false	C241T,G370T,C3037T,C6347T,C13517T,C14408T,C18877T,A23403G,G25563T				ORF1b:T17I,ORF1b:P314L,ORF3a:Q57H,S:D614G					G370T,C6347T,C13517T	0	0	3	3			ORF1b:T17I	0	0	1	1		NODE_0000764	G370T,C6347T,C13517T,C18877T,G25563T		ORF1b:T17I,ORF3a:Q57H		NODE_0000764	G370T,C6347T,C13517T,C18877T,G25563T		ORF1b:T17I,ORF3a:Q57H		N/A	N/A	N/A	N/A	N/A	N/A	N/A	N/A	N/A	N/A			3000	0	good	0	10	0	good	0	24	-5	0	good	3		0	good	0		0		0	0	good		0	0	good	0				
536	MW474739.1 Severe acute respiratory syndrome coronavirus 2 isolate SARS-CoV-2/human/MLI/UCRC 68/2020, complete genome	20A	20A		20A	B.1	B.1	0	good	9	0	0	0	0	0	4	0	0	0	89610	1	29882	0.9992977293248169	E:1,M:1,N:1,ORF1a:1,ORF1b:1,ORF3a:1,ORF6:1,ORF7a:1,ORF7b:1,ORF8:1,ORF9b:1,S:1	false	C241T,C1968T,C3037T,C11747T,C14408T,C15324T,G15743A,C18388T,A23403G				ORF1a:T568I,ORF1b:P314L,ORF1b:S759N,S:D614G					C1968T,C11747T,G15743A,C18388T	0	0	4	4			ORF1a:T568I,ORF1b:S759N	0	0	2	2		NODE_0000764	C1968T,C11747T,C15324T,G15743A,C18388T		ORF1a:T568I,ORF1b:S759N		NODE_0000764	C1968T,C11747T,C15324T,G15743A,C18388T		ORF1a:T568I,ORF1b:S759N		N/A	N/A	N/A	N/A	N/A	N/A	N/A	N/A	N/A	N/A			3000	0	good	0	10	0	good	0	24	-4	0	good	4		0	good	0		0		0	0	good		0	0	good	0				
541	MW495015.1 Severe acute respiratory syndrome coronavirus 2 isolate SARS-CoV-2/human/BRA/SPPU-463/2020, complete genome	20B	20B		20B	B.1.1.33	B.1.1.33	0	good	15	0	0	0	10	0	10	0	0	4	88919	27	29689	0.9916396348192489	E:1,M:1,N:1,ORF1a:1,ORF1b:1,ORF3a:1,ORF6:1,ORF7a:1,ORF7b:1,ORF8:1,ORF9b:1,S:0.9968602825745683	false	C241T,C3037T,A12417T,C14408T,G19388A,A23403G,T27299C,C27879A,A27880G,C27881A,G27882T,G28881A,G28882A,G28883C,T29148C				N:R203K,N:G204R,N:I292T,ORF1a:N4051I,ORF1b:P314L,ORF1b:S1974N,ORF6:I33T,ORF7b:H42R,ORF7b:A43S,S:D614G					A12417T,G19388A,C27879A,A27880G,C27881A,G27882T	0	0	6	6			ORF1a:N4051I,ORF1b:S1974N,ORF7b:H42R,ORF7b:A43S	0	0	4	4	24383-24392	NODE_0000922	A12417T,G19388A,T27299C,C27879A,A27880G,C27881A,G27882T,T29148C		N:I292T,ORF1a:N4051I,ORF1b:S1974N,ORF6:I33T,ORF7b:H42R,ORF7b:A43S		NODE_0000944	A12417T,G19388A,C27879A,A27880G,C27881A,G27882T		ORF1a:N4051I,ORF1b:S1974N,ORF7b:H42R,ORF7b:A43S		N/A	N/A	N/A	N/A	N/A	N/A	N/A	N/A	N/A	N/A	S:941-944		3000	0	good	10	10	0	good	0	24	-2	0	good	6		0	good	0		0		0	0	good		0	0	good	0				
543	LR883188.1 Severe acute respiratory syndrome coronavirus 2 isolate hCoV-19/Netherlands/Overijssel_25/2020 genome assembly, complete genome: monopartite	20C	20C		20C	B.1.356	B.1.356	506.250000	bad	9	4	0	3	0	0	4	3	0	5153	89282	44	29829	0.9960873490954085	E:1,M:1,N:1,ORF1a:0.11747330152238128,ORF1b:0.8060089020771514,ORF3a:1,ORF6:1,ORF7a:1,ORF7b:1,ORF8:1,ORF9b:1,S:0.41444270015698587	false	C241T,C1059T,C3037T,C7749T,T13006C,C14408T,A23403G,G25563T,C25688T	1814,11075,19984,23144		ORF1a:518-4401,ORF1b:2174-2696,S:529-1274	ORF1a:T265I,ORF1b:P314L,ORF3a:Q57H,ORF3a:A99V	ORF1a:K517-,ORF1b:F2173-,S:K528-				C7749T	0	0	1	1				0	0	0	0		NODE_0000826	C7749T,T13006C,C25688T	1814,11075,19984,23144	ORF3a:A99V	ORF1a:K517-,ORF1b:F2173-,S:K528-	B.1.356	C7749T	1814,11075,19984,23144		ORF1a:K517-,ORF1b:F2173-,S:K528-	N/A	N/A	N/A	N/A	N/A	N/A	N/A	N/A	N/A	N/A	ORF1a:518-4401,ORF1b:2174-2696,S:529-1274		3000	0	good	0	10	0	good	0	24	-3	0	good	5		0	good	0	ORF1a:518-4401,ORF1b:2174-2696,S:529-1274	3		0	225	bad		0	0	good	0				
540	MW485930.1 Severe acute respiratory syndrome coronavirus 2 isolate SARS-CoV-2/human/SRB/SA00025-12-04/2020, complete genome	20A	20A		20A	B.1	B.1	0	good	10	0	0	0	0	0	5	0	0	0	89306	55	29836	0.9959535832525165	E:1,M:1,N:1,ORF1a:1,ORF1b:1,ORF3a:1,ORF6:1,ORF7a:1,ORF7b:1,ORF8:1,ORF9b:1,S:1	false	C241T,C3037T,C13761T,A13833G,C14408T,C18877T,A23403G,G25563T,G28090T,G28899T				N:R209I,ORF1b:P314L,ORF3a:Q57H,ORF8:G66V,S:D614G					C13761T,A13833G,G28090T,G28899T	0	0	4	4			N:R209I,ORF8:G66V	0	0	2	2		NODE_0000764	C13761T,A13833G,C18877T,G25563T,G28090T,G28899T		N:R209I,ORF3a:Q57H,ORF8:G66V		NODE_0000764	C13761T,A13833G,C18877T,G25563T,G28090T,G28899T		N:R209I,ORF3a:Q57H,ORF8:G66V		N/A	N/A	N/A	N/A	N/A	N/A	N/A	N/A	N/A	N/A			3000	0	good	0	10	0	good	0	24	-4	0	good	4		0	good	0		0		0	0	good		0	0	good	0				
544	LR883196.1 Severe acute respiratory syndrome coronavirus 2 isolate hCoV-19/Netherlands/NoordBrabant_133/2020 genome assembly, complete genome: monopartite	20A	20A		20A	B.1.8	B.1.8	225	bad	5	4	0	2	0	0	2	3	0	3609	89298	44	29829	0.9960873490954085	E:1,M:1,N:1,ORF1a:0.298795728243581,ORF1b:0.8060089020771514,ORF3a:1,ORF6:1,ORF7a:1,ORF7b:1,ORF8:1,ORF9b:1,S:1	false	C241T,C3037T,C14408T,A23403G,A24862G	1814,3413,11075,19984		ORF1a:518-3603,ORF1b:2174-2696	ORF1b:P314L,S:D614G	ORF1a:K517-,ORF1a:F3604-,ORF1b:F2173-					0	0	0	0				0	0	0	0		NODE_0000764	A24862G	1814,3413,11075,19984		ORF1a:K517-,ORF1a:F3604-,ORF1b:F2173-	B.1.8		1814,3413,11075,19984		ORF1a:K517-,ORF1a:F3604-,ORF1b:F2173-	N/A	N/A	N/A	N/A	N/A	N/A	N/A	N/A	N/A	N/A	ORF1a:518-3603,ORF1b:2174-2696		3000	0	good	0	10	0	good	0	24	-4	0	good	4		0	good	0	ORF1a:518-3603,ORF1b:2174-2696	2		0	150	bad		0	0	good	0				
542	LR883183.1 Severe acute respiratory syndrome coronavirus 2 isolate hCoV-19/Netherlands/NA_610/2020 genome assembly, complete genome: monopartite	20A	20A		20A	B.1.22	B.1.22	506.250000	bad	8	4	0	3	22	0	3	3	0	5153	89264	44	29829	0.9953516369595024	E:1,M:1,N:1,ORF1a:0.11747330152238128,ORF1b:0.8060089020771514,ORF3a:1,ORF6:1,ORF7a:1,ORF7b:1,ORF8:1,ORF9b:1,S:0.41444270015698587	false	C241T,C1594T,C3037T,C11109T,C14408T,C17762T,A23403G,G25563T	1814,11075,19984,23144		ORF1a:518-4401,ORF1b:2174-2696,S:529-1274	ORF1b:P314L,ORF1b:A1432V,ORF3a:Q57H	ORF1a:K517-,ORF1b:F2173-,S:K528-				C17762T	0	0	1	1			ORF1b:A1432V	0	0	1	1	29808-29829	NODE_0000764	C1594T,C11109T,C17762T,G25563T	1814,11075,19984,23144	ORF1b:A1432V,ORF3a:Q57H	ORF1a:K517-,ORF1b:F2173-,S:K528-	B.1.22	C17762T	1814,11075,19984,23144	ORF1b:A1432V	ORF1a:K517-,ORF1b:F2173-,S:K528-	N/A	N/A	N/A	N/A	N/A	N/A	N/A	N/A	N/A	N/A	ORF1a:518-4401,ORF1b:2174-2696,S:529-1274		3000	0	good	22	10	0	good	0	24	-3	0	good	5		0	good	0	ORF1a:518-4401,ORF1b:2174-2696,S:529-1274	3		0	225	bad		0	0	good	0				
545	LR883234.1 Severe acute respiratory syndrome coronavirus 2 isolate hCoV-19/Netherlands/NA_413/2020 genome assembly, complete genome: monopartite	20A	20A		20A	B.1	B.1	901.562500	bad	10	6	0	4	67	0	1	5	0	4564	89191	44	29829	0.9938467712269672	E:1,M:0.06278026905829596,N:1,ORF1a:0.298795728243581,ORF1b:0.8060089020771514,ORF3a:1,ORF6:1,ORF7a:1,ORF7b:1,ORF8:1,ORF9b:1,S:0.41444270015698587	false	C241T,C478T,C3037T,G12550A,C14408T,A20268G,C20740A,A23403G,C25578T,G29734C	1814,3413,11075,19984,23144,26562		ORF1a:518-3603,ORF1b:2174-2696,S:529-1274,M:15-223	ORF1b:P314L	M:K14-,ORF1a:K517-,ORF1a:F3604-,ORF1b:F2173-,S:K528-				C478T,G12550A,C20740A,C25578T,G29734C	0	0	5	5				0	0	0	0	44-79,29799-29829	NODE_0000764	C478T,G12550A,A20268G,C20740A,C25578T,G29734C	1814,3413,11075,19984,23144,26562		M:K14-,ORF1a:K517-,ORF1a:F3604-,ORF1b:F2173-,S:K528-	NODE_0000764	C478T,G12550A,A20268G,C20740A,C25578T,G29734C	1814,3413,11075,19984,23144,26562		M:K14-,ORF1a:K517-,ORF1a:F3604-,ORF1b:F2173-,S:K528-	N/A	N/A	N/A	N/A	N/A	N/A	N/A	N/A	N/A	N/A	ORF1a:518-3603,ORF1b:2174-2696,S:529-1274,M:15-223		3000	0	good	67	10	0	good	0	24	3	12.500000	good	11		0	good	0	ORF1a:518-3603,ORF1b:2174-2696,S:529-1274,M:15-223	4		0	300	bad		0	0	good	0				
546	LR883443.1 Severe acute respiratory syndrome coronavirus 2 isolate hCoV-19/Netherlands/NA_633/2020 genome assembly, complete genome: monopartite	19A	19A		19A	B	B	56.250000	mediocre	5	3	0	1	0	0	2	1	0	3089	89307	44	29829	0.9960873490954085	E:1,M:1,N:1,ORF1a:0.29811406498523063,ORF1b:1,ORF3a:1,ORF6:1,ORF7a:1,ORF7b:1,ORF8:1,ORF9b:1,S:1	false	T1570C,C14805T,T17247C,G26144T,C29459T	1814,3413,11083		ORF1a:518-3606	N:P396S,ORF3a:G251V	ORF1a:K517-				T1570C,T17247C,C29459T	0	0	3	3			N:P396S	0	0	1	1		NODE_0000000	T1570C,C14805T,T17247C,G26144T,C29459T	1814,3413,11083	N:P396S,ORF3a:G251V	ORF1a:K517-	NODE_0000000	T1570C,C14805T,T17247C,G26144T,C29459T	1814,3413,11083	N:P396S,ORF3a:G251V	ORF1a:K517-	N/A	N/A	N/A	N/A	N/A	N/A	N/A	N/A	N/A	N/A	ORF1a:518-3606		3000	0	good	0	10	0	good	0	24	-2	0	good	6		0	good	0	ORF1a:518-3606	1		0	75	mediocre		0	0	good	0				
548	LR883533.1 Severe acute respiratory syndrome coronavirus 2 isolate hCoV-19/Netherlands/Zeeland_46/2020 genome assembly, complete genome: monopartite	20C	20C		20C	B.1.356	B.1.356	506.250000	bad	11	5	0	3	7	0	5	4	0	4355	89257	44	29829	0.9958532588703475	E:1,M:1,N:1,ORF1a:0.298795728243581,ORF1b:0.8060089020771514,ORF3a:1,ORF6:1,ORF7a:1,ORF7b:1,ORF8:1,ORF9b:1,S:0.41444270015698587	false	C241T,C1059T,T1537C,C3037T,G4399T,T13006C,C14408T,G19684T,A23403G,G25563T,C25688T	1814,3413,11075,19984,23144		ORF1a:518-3603,ORF1b:2174-2696,S:529-1274	ORF1a:T265I,ORF1b:P314L,ORF1b:V2073L,ORF3a:Q57H,ORF3a:A99V	ORF1a:K517-,ORF1a:F3604-,ORF1b:F2173-,S:K528-				T1537C,G4399T,G19684T	0	0	3	3			ORF1b:V2073L	0	0	1	1	29823-29829	NODE_0000826	T1537C,G4399T,T13006C,G19684T,C25688T	1814,3413,11075,19984,23144	ORF1b:V2073L,ORF3a:A99V	ORF1a:K517-,ORF1a:F3604-,ORF1b:F2173-,S:K528-	B.1.356	T1537C,G4399T,G19684T	1814,3413,11075,19984,23144	ORF1b:V2073L	ORF1a:K517-,ORF1a:F3604-,ORF1b:F2173-,S:K528-	N/A	N/A	N/A	N/A	N/A	N/A	N/A	N/A	N/A	N/A	ORF1a:518-3603,ORF1b:2174-2696,S:529-1274		3000	0	good	7	10	0	good	0	24	0	0	good	8		0	good	0	ORF1a:518-3603,ORF1b:2174-2696,S:529-1274	3		0	225	bad		0	0	good	0				
549	LR883601.1 Severe acute respiratory syndrome coronavirus 2 isolate hCoV-19/Netherlands/NA_520/2020 genome assembly, complete genome: monopartite	20C	20C		20C	B.1.356	B.1.356	225	bad	11	4	0	2	0	0	5	3	0	3609	89274	44	29829	0.9960873490954085	E:1,M:1,N:1,ORF1a:0.298795728243581,ORF1b:0.8060089020771514,ORF3a:1,ORF6:1,ORF7a:1,ORF7b:1,ORF8:1,ORF9b:1,S:1	false	G208T,C241T,C1059T,C3037T,T13006C,C14408T,G20433T,A23403G,G25563T,C25688T,G29751T	1814,3413,11075,19984		ORF1a:518-3603,ORF1b:2174-2696	ORF1a:T265I,ORF1b:P314L,ORF3a:Q57H,ORF3a:A99V,S:D614G	ORF1a:K517-,ORF1a:F3604-,ORF1b:F2173-				G208T,G20433T,G29751T	0	0	3	3				0	0	0	0		NODE_0000826	G208T,T13006C,G20433T,C25688T,G29751T	1814,3413,11075,19984	ORF3a:A99V	ORF1a:K517-,ORF1a:F3604-,ORF1b:F2173-	B.1.356	G208T,G20433T,G29751T	1814,3413,11075,19984		ORF1a:K517-,ORF1a:F3604-,ORF1b:F2173-	N/A	N/A	N/A	N/A	N/A	N/A	N/A	N/A	N/A	N/A	ORF1a:518-3603,ORF1b:2174-2696		3000	0	good	0	10	0	good	0	24	-1	0	good	7		0	good	0	ORF1a:518-3603,ORF1b:2174-2696	2		0	150	bad		0	0	good	0				
551	LR883798.1 Severe acute respiratory syndrome coronavirus 2 isolate hCoV-19/Netherlands/NA_322/2020 genome assembly, complete genome: monopartite	20A	20A		20A	B.1.195	B.1.195	1410.689386	bad	7	8	0	5	385	0	2	7	0	3484	88862	44	29828	0.9831789452563288	E:1,M:0.06278026905829596,N:1,ORF1a:0.5607816405362418,ORF1b:0.7789317507418397,ORF3a:1,ORF6:1,ORF7a:1,ORF7b:1,ORF8:1,ORF9b:1,S:0.41444270015698587	false	C241T,C3037T,A6466G,C14408T,C14919T,A23403G,G28396A	1814,3413,5225,11075,19984,23144,24674,26562		ORF1a:518-1653,ORF1a:3605-4401,ORF1b:2174-2696,S:529-1274,M:15-223	ORF1b:P314L,ORF9b:G38D	M:K14-,ORF1a:K517-,ORF1a:K1654-,ORF1a:F3603-,ORF1a:F3604-,ORF1b:F2173-,S:K528-			G28396A|25F	C14919T	0	1	1	2			ORF9b:G38D	0	0	1	1	17554-17771,21166-21298,29795-29828	NODE_0000764	A6466G,C14919T,G28396A	1814,3413,5225,11075,19984,23144,24674,26562	ORF9b:G38D	M:K14-,ORF1a:K517-,ORF1a:K1654-,ORF1a:F3603-,ORF1a:F3604-,ORF1b:F2173-,S:K528-	B.1.195	C14919T,G28396A	1814,3413,5225,11075,19984,23144,24674,26562	ORF9b:G38D	M:K14-,ORF1a:K517-,ORF1a:K1654-,ORF1a:F3603-,ORF1a:F3604-,ORF1b:F2173-,S:K528-	N/A	N/A	N/A	N/A	N/A	N/A	N/A	N/A	N/A	N/A	ORF1a:518-1653,ORF1a:3605-4401,ORF1b:1363-1435,ORF1b:2174-2696,S:529-1274,M:15-223		3000	3.148148	good	385	10	0	good	0	24	5	20.833333	good	13		0	good	0	ORF1a:518-1653,ORF1a:3605-4401,ORF1b:2174-2696,S:529-1274,M:15-223	5		0	375	bad		0	0	good	0				
547	LR883465.1 Severe acute respiratory syndrome coronavirus 2 isolate hCoV-19/Netherlands/ZuidHolland_133/2020 genome assembly, complete genome: monopartite	20A	20A		20A	B.1.22	B.1.22	511.103512	bad	14	5	0	3	689	0	7	4	0	4095	88563	44	29829	0.9730461826572585	E:1,M:1,N:1,ORF1a:0.298795728243581,ORF1b:0.9640207715133531,ORF3a:0.39855072463768115,ORF6:1,ORF7a:1,ORF7b:1,ORF8:1,ORF9b:1,S:0.41444270015698587	false	C241T,C1594T,C3037T,C5512T,C9246T,C11109T,C12415T,C14408T,T19159G,G19726T,A23403G,G25563T,G25565A,G28655T	1814,5225,11075,23144,25798		ORF1a:518-3603,S:529-1274,ORF3a:137-276	N:D128Y,ORF1a:A3615V,ORF1b:P314L,ORF1b:S1898A,ORF1b:D2087Y,ORF3a:Q57H,ORF3a:S58N	ORF1a:K517-,ORF1a:F3604-,ORF3a:K136-,S:K528-				C5512T,C9246T,C12415T,T19159G,G19726T,G25565A,G28655T	0	0	7	7			N:D128Y,ORF1b:S1898A,ORF1b:D2087Y,ORF3a:S58N	0	0	4	4	6381-6524,17514-17801,25233-25469,29810-29829	NODE_0000764	C1594T,C5512T,C9246T,C11109T,C12415T,T19159G,G19726T,G25563T,G25565A,G28655T	1814,5225,11075,23144,25798	N:D128Y,ORF1a:A3615V,ORF1b:S1898A,ORF1b:D2087Y,ORF3a:Q57H,ORF3a:S58N	ORF1a:K517-,ORF1a:F3604-,ORF3a:K136-,S:K528-	B.1.22	C5512T,C9246T,C12415T,T19159G,G19726T,G25565A,G28655T	1814,5225,11075,23144,25798	N:D128Y,ORF1b:S1898A,ORF1b:D2087Y,ORF3a:S58N	ORF1a:K517-,ORF1a:F3604-,ORF3a:K136-,S:K528-	N/A	N/A	N/A	N/A	N/A	N/A	N/A	N/A	N/A	N/A	ORF1a:518-3603,ORF1b:1349-1445,S:529-1274,ORF3a:1-26,ORF3a:137-276		3000	14.407407	good	689	10	0	good	0	24	4	16.666667	good	12		0	good	0	ORF1a:518-3603,S:529-1274,ORF3a:137-276	3		0	225	bad		0	0	good	0				
550	LR883603.1 Severe acute respiratory syndrome coronavirus 2 isolate hCoV-19/Netherlands/NA_523/2020 genome assembly, complete genome: monopartite	20A	20A		20A	B.1	B.1	1409.027778	bad	9	8	0	5	0	0	1	6	0	4704	89242	44	29829	0.9960873490954085	E:1,M:0.06278026905829596,N:1,ORF1a:0.298795728243581,ORF1b:0.8060089020771514,ORF3a:0.4927536231884058,ORF6:1,ORF7a:1,ORF7b:1,ORF8:1,ORF9b:1,S:0.41444270015698587	false	C241T,C478T,C3037T,G12550A,C14408T,A20268G,C20740A,A23403G,G29734C	1814,3413,11075,19984,23144,24674,25798,26562		ORF1a:518-3603,ORF1b:2174-2696,S:529-1274,ORF3a:137-276,M:15-223	ORF1b:P314L	M:K14-,ORF1a:K517-,ORF1a:F3604-,ORF1b:F2173-,ORF3a:K136-,S:K528-				C478T,G12550A,C20740A,G29734C	0	0	4	4				0	0	0	0		NODE_0000764	C478T,G12550A,A20268G,C20740A,G29734C	1814,3413,11075,19984,23144,24674,25798,26562		M:K14-,ORF1a:K517-,ORF1a:F3604-,ORF1b:F2173-,ORF3a:K136-,S:K528-	NODE_0000764	C478T,G12550A,A20268G,C20740A,G29734C	1814,3413,11075,19984,23144,24674,25798,26562		M:K14-,ORF1a:K517-,ORF1a:F3604-,ORF1b:F2173-,ORF3a:K136-,S:K528-	N/A	N/A	N/A	N/A	N/A	N/A	N/A	N/A	N/A	N/A	ORF1a:518-3603,ORF1b:2174-2696,S:529-1274,ORF3a:137-276,M:15-223		3000	0	good	0	10	0	good	0	24	4	16.666667	good	12		0	good	0	ORF1a:518-3603,ORF1b:2174-2696,S:529-1274,ORF3a:137-276,M:15-223	5		0	375	bad		0	0	good	0				
552	LR883803.1 Severe acute respiratory syndrome coronavirus 2 isolate hCoV-19/Netherlands/NA_579/2020 genome assembly, complete genome: monopartite	20C	20C		20C	B.1	B.1	56.250000	mediocre	11	3	0	1	28	0	7	2	0	3086	89256	44	29829	0.9951509881951643	E:1,M:1,N:1,ORF1a:0.298795728243581,ORF1b:1,ORF3a:1,ORF6:1,ORF7a:1,ORF7b:1,ORF8:1,ORF9b:1,S:1	false	C241T,C1059T,C3037T,C4113T,C6555T,C14408T,G18281A,A20755C,A23403G,G25563T,G25784T	1814,3413,11075		ORF1a:518-3603	ORF1a:T265I,ORF1b:P314L,ORF1b:R1605K,ORF1b:S2430R,ORF3a:Q57H,ORF3a:W131L,S:D614G	ORF1a:K517-,ORF1a:F3604-				C4113T,C6555T,G18281A,A20755C,G25784T	0	0	5	5			ORF1b:R1605K,ORF1b:S2430R,ORF3a:W131L	0	0	3	3	29802-29829	NODE_0000826	C4113T,C6555T,G18281A,A20755C,G25784T	1814,3413,11075	ORF1b:R1605K,ORF1b:S2430R,ORF3a:W131L	ORF1a:K517-,ORF1a:F3604-	NODE_0000764	C1059T,C4113T,C6555T,G18281A,A20755C,G25563T,G25784T	1814,3413,11075	ORF1a:T265I,ORF1b:R1605K,ORF1b:S2430R,ORF3a:Q57H,ORF3a:W131L	ORF1a:K517-,ORF1a:F3604-	N/A	N/A	N/A	N/A	N/A	N/A	N/A	N/A	N/A	N/A	ORF1a:518-3603		3000	0	good	28	10	0	good	0	24	0	0	good	8		0	good	0	ORF1a:518-3603	1		0	75	mediocre		0	0	good	0				
553	LR883854.1 Severe acute respiratory syndrome coronavirus 2 isolate hCoV-19/Netherlands/NA_335/2020 genome assembly, complete genome: monopartite	19A	19A		19A	B	B	901.251084	bad	3	7	0	4	602	0	1	4	0	4207	88673	44	29829	0.9759555897401598	E:0.7368421052631579,M:0.06278026905829596,N:1,ORF1a:0.29811406498523063,ORF1b:0.9469584569732937,ORF3a:1,ORF6:1,ORF7a:1,ORF7b:1,ORF8:1,ORF9b:1,S:0.41444270015698587	false	C14805T,T17247C,G26144T	1814,3413,11083,23144,24674,26410,26562		ORF1a:518-3606,S:529-1274,E:57-76,M:15-223	ORF3a:G251V	E:F56-,M:K14-,ORF1a:K517-,S:K528-				T17247C	0	0	1	1				0	0	0	0	6381-6522,17508-17803,21166-21297,29798-29829	NODE_0000000	C14805T,T17247C,G26144T	1814,3413,11083,23144,24674,26410,26562	ORF3a:G251V	E:F56-,M:K14-,ORF1a:K517-,S:K528-	NODE_0000000	C14805T,T17247C,G26144T	1814,3413,11083,23144,24674,26410,26562	ORF3a:G251V	E:F56-,M:K14-,ORF1a:K517-,S:K528-	N/A	N/A	N/A	N/A	N/A	N/A	N/A	N/A	N/A	N/A	ORF1a:518-3606,ORF1b:1348-1446,ORF1b:2567-2610,S:529-1274,E:57-76,M:15-223		3000	11.185185	good	602	10	0	good	0	24	0	0	good	8		0	good	0	ORF1a:518-3606,S:529-1274,E:57-76,M:15-223	4		0	300	bad		0	0	good	0				
557	MW530511.1 Severe acute respiratory syndrome coronavirus 2 isolate SARS-CoV-2/human/ITA/TUS-C198/2020, complete genome	20A	20A		20A	B.1	B.1	0	good	6	0	0	0	0	0	4	0	0	0	88920	55	29702	0.9914724275156339	E:1,M:1,N:1,ORF1a:1,ORF1b:1,ORF3a:1,ORF6:1,ORF7a:1,ORF7b:1,ORF8:1,ORF9b:1,S:1	false	C241T,G2732C,C3037T,C14408T,C21110T,A23403G				ORF1a:V823L,ORF1b:P314L,ORF1b:T2548I,S:D614G					G2732C,C21110T	0	0	2	2			ORF1a:V823L,ORF1b:T2548I	0	0	2	2		NODE_0000764	G2732C,C21110T		ORF1a:V823L,ORF1b:T2548I		NODE_0000764	G2732C,C21110T		ORF1a:V823L,ORF1b:T2548I		N/A	N/A	N/A	N/A	N/A	N/A	N/A	N/A	N/A	N/A			3000	0	good	0	10	0	good	0	24	-6	0	good	2		0	good	0		0		0	0	good		0	0	good	0				
558	LC528233.2 Severe acute respiratory syndrome coronavirus 2 SARS-CoV-2/Hu/DP/Kng/19-027 RNA, complete genome	19A	19A		19A	B	B	0	good	2	0	0	0	0	0	1	0	0	0	89596	8	29875	0.9988295488746949	E:1,M:1,N:1,ORF1a:1,ORF1b:1,ORF3a:1,ORF6:1,ORF7a:1,ORF7b:1,ORF8:1,ORF9b:1,S:1	false	G11083T,C29635T				ORF1a:L3606F					C29635T	0	0	1	1				0	0	0	0		NODE_0000000	G11083T,C29635T		ORF1a:L3606F		NODE_0000000	G11083T,C29635T		ORF1a:L3606F		N/A	N/A	N/A	N/A	N/A	N/A	N/A	N/A	N/A	N/A			3000	0	good	0	10	0	good	0	24	-7	0	good	1		0	good	0		0		0	0	good		0	0	good	0				
554	LR883855.1 Severe acute respiratory syndrome coronavirus 2 isolate hCoV-19/Netherlands/NA_328/2020 genome assembly, complete genome: monopartite	20B	20B		20B	B.1.1	B.1.1	506.250000	bad	8	5	0	3	67	0	4	4	0	3818	89209	44	29829	0.9938467712269672	E:1,M:0.06278026905829596,N:1,ORF1a:0.298795728243581,ORF1b:0.8060089020771514,ORF3a:1,ORF6:1,ORF7a:1,ORF7b:1,ORF8:1,ORF9b:1,S:1	false	C241T,C3037T,C14408T,T19839C,A23403G,G28881A,G28882A,G28883C	1814,3413,11075,19984,26562		ORF1a:518-3603,ORF1b:2174-2696,M:15-223	N:R203K,N:G204R,ORF1b:P314L,S:D614G	M:K14-,ORF1a:K517-,ORF1a:F3604-,ORF1b:F2173-					0	0	0	0				0	0	0	0	44-80,29800-29829	NODE_0000922	T19839C	1814,3413,11075,19984,26562		M:K14-,ORF1a:K517-,ORF1a:F3604-,ORF1b:F2173-	NODE_0000922	T19839C	1814,3413,11075,19984,26562		M:K14-,ORF1a:K517-,ORF1a:F3604-,ORF1b:F2173-	N/A	N/A	N/A	N/A	N/A	N/A	N/A	N/A	N/A	N/A	ORF1a:518-3603,ORF1b:2174-2696,M:15-223		3000	0	good	67	10	0	good	0	24	-3	0	good	5		0	good	0	ORF1a:518-3603,ORF1b:2174-2696,M:15-223	3		0	225	bad		0	0	good	0				
555	LR883937.1 Severe acute respiratory syndrome coronavirus 2 isolate hCoV-19/Netherlands/NA_606/2020 genome assembly, complete genome: monopartite	20A	20A		20A	B.1	B.1	900.434846	bad	7	6	0	4	438	0	3	6	0	3028	87998	44	29551	0.9721432632177374	E:1,M:0.06278026905829596,N:0.9976190476190476,ORF1a:0.5464667121108839,ORF1b:0.9718100890207715,ORF3a:1,ORF6:1,ORF7a:1,ORF7b:1,ORF8:1,ORF9b:1,S:0.41444270015698587	false	C241T,C3037T,T3526C,G14035T,C14408T,G20275A,A23403G	1814,3413,5225,11075,23144,26562		ORF1a:518-1653,ORF1a:3605-4401,S:529-1274,M:15-223	ORF1b:A190S,ORF1b:P314L,ORF1b:D2270N	M:K14-,ORF1a:K517-,ORF1a:K1654-,ORF1a:F3603-,ORF1a:F3604-,S:K528-				T3526C,G14035T,G20275A	0	0	3	3			ORF1b:A190S,ORF1b:D2270N	0	0	2	2	44-48,6381-6566,19814-20038,29530-29551	NODE_0000764	T3526C,G14035T,G20275A	1814,3413,5225,11075,23144,26562	ORF1b:A190S,ORF1b:D2270N	M:K14-,ORF1a:K517-,ORF1a:K1654-,ORF1a:F3603-,ORF1a:F3604-,S:K528-	NODE_0000764	T3526C,G14035T,G20275A	1814,3413,5225,11075,23144,26562	ORF1b:A190S,ORF1b:D2270N	M:K14-,ORF1a:K517-,ORF1a:K1654-,ORF1a:F3603-,ORF1a:F3604-,S:K528-	N/A	N/A	N/A	N/A	N/A	N/A	N/A	N/A	N/A	N/A	ORF1a:518-1653,ORF1a:2039-2101,ORF1a:3605-4401,ORF1b:2116-2191,S:529-1274,M:15-223,N:420		3000	5.111111	good	438	10	0	good	0	24	1	4.166667	good	9		0	good	0	ORF1a:518-1653,ORF1a:3605-4401,S:529-1274,M:15-223	4		0	300	bad		0	0	good	0				
556	LR963057.1 Severe acute respiratory syndrome coronavirus 2 isolate hCoV-19/Netherlands/NA_336/2020 genome assembly, complete genome: monopartite	19A	19A		19A	B.55	B.55	1409.027778	bad	4	11	0	5	141	0	1	7	0	4704	89104	44	29829	0.9913721031334649	E:1,M:0.06278026905829596,N:1,ORF1a:0.298795728243581,ORF1b:0.8060089020771514,ORF3a:0.4927536231884058,ORF6:1,ORF7a:1,ORF7b:1,ORF8:1,ORF9b:1,S:0.41444270015698587	false	T514C,G6662A,C6696T,C16762T	1605-1607,1814,3413,11075,19984,23144,24674,25798,26562		ORF1a:518-3603,ORF1b:2174-2696,S:529-1274,ORF3a:137-276,M:15-223	ORF1b:L1099F	M:K14-,ORF1a:D448-,ORF1a:K517-,ORF1a:F3604-,ORF1b:F2173-,ORF3a:K136-,S:K528-				G6662A,C6696T,C16762T	0	0	3	3			ORF1b:L1099F	0	0	1	1	6382-6522	NODE_0000000	T514C,G6662A,C6696T,C16762T	1605-1607,1814,3413,11075,19984,23144,24674,25798,26562	ORF1b:L1099F	M:K14-,ORF1a:D448-,ORF1a:K517-,ORF1a:F3604-,ORF1b:F2173-,ORF3a:K136-,S:K528-	B.55	G6662A,C6696T,C16762T	1605-1607,1814,3413,11075,19984,23144,24674,25798,26562	ORF1b:L1099F	M:K14-,ORF1a:D448-,ORF1a:K517-,ORF1a:F3604-,ORF1b:F2173-,ORF3a:K136-,S:K528-	N/A	N/A	N/A	N/A	N/A	N/A	N/A	N/A	N/A	N/A	ORF1a:518-3603,ORF1b:2174-2696,S:529-1274,ORF3a:137-276,M:15-223		3000	0	good	141	10	0	good	0	24	4	16.666667	good	12		0	good	0	ORF1a:518-3603,ORF1b:2174-2696,S:529-1274,ORF3a:137-276,M:15-223	5		0	375	bad		0	0	good	0				
560	MW548725.1 Severe acute respiratory syndrome coronavirus 2 isolate SARS-CoV-2/human/SRB/LE00003-02-04/2020, complete genome	20B	20B		20B	B.1.1.70	B.1.1.70	0	good	11	0	0	0	0	0	6	0	0	0	89302	55	29836	0.9959535832525165	E:1,M:1,N:1,ORF1a:1,ORF1b:1,ORF3a:1,ORF6:1,ORF7a:1,ORF7b:1,ORF8:1,ORF9b:1,S:1	false	C241T,C3037T,G10265A,C14408T,A15972G,C19718T,A23403G,T28759C,G28881A,G28882A,G28883C				N:R203K,N:G204R,ORF1a:G3334S,ORF1b:P314L,ORF1b:T2084I,S:D614G						0	0	0	0				0	0	0	0		NODE_0000922	G10265A,A15972G,C19718T,T28759C		ORF1a:G3334S,ORF1b:T2084I		B.1.1.70					N/A	N/A	N/A	N/A	N/A	N/A	N/A	N/A	N/A	N/A			3000	0	good	0	10	0	good	0	24	-8	0	good	0		0	good	0		0		0	0	good		0	0	good	0				
559	MW548724.1 Severe acute respiratory syndrome coronavirus 2 isolate SARS-CoV-2/human/SRB/VR00018-02-04/2020, complete genome	20B	20B		20B	B.1.1.70	B.1.1.70	0	good	12	0	0	0	0	0	6	0	0	0	89298	55	29836	0.9959535832525165	E:1,M:1,N:1,ORF1a:1,ORF1b:1,ORF3a:1,ORF6:1,ORF7a:1,ORF7b:1,ORF8:1,ORF9b:1,S:1	false	C241T,C3037T,G10265A,C14408T,A15972G,C19718T,A23403G,C24370T,T28759C,G28881A,G28882A,G28883C				N:R203K,N:G204R,ORF1a:G3334S,ORF1b:P314L,ORF1b:T2084I,S:D614G					C24370T	0	0	1	1				0	0	0	0		NODE_0000922	G10265A,A15972G,C19718T,C24370T,T28759C		ORF1a:G3334S,ORF1b:T2084I		B.1.1.70	C24370T				N/A	N/A	N/A	N/A	N/A	N/A	N/A	N/A	N/A	N/A			3000	0	good	0	10	0	good	0	24	-7	0	good	1		0	good	0		0		0	0	good		0	0	good	0				
561	MW548726.1 Severe acute respiratory syndrome coronavirus 2 isolate SARS-CoV-2/human/SRB/VR00067-04-04/2020, complete genome	20A	20A		20A	B.1	B.1	0	good	8	0	0	0	0	0	4	0	0	0	89314	55	29836	0.9959535832525165	E:1,M:1,N:1,ORF1a:1,ORF1b:1,ORF3a:1,ORF6:1,ORF7a:1,ORF7b:1,ORF8:1,ORF9b:1,S:1	false	C241T,C337T,C3037T,C14408T,C15324T,A23403G,C23685A,G28881T				N:R203M,ORF1b:P314L,S:D614G,S:S708Y				G28881T|21J&21I&21A&21B	C337T,C23685A	0	1	2	3			N:R203M,S:S708Y	0	0	2	2		NODE_0000764	C337T,C15324T,C23685A,G28881T		N:R203M,S:S708Y		NODE_0000764	C337T,C15324T,C23685A,G28881T		N:R203M,S:S708Y		N/A	N/A	N/A	N/A	N/A	N/A	N/A	N/A	N/A	N/A			3000	0	good	0	10	0	good	0	24	-2	0	good	6		0	good	0		0		0	0	good		0	0	good	0				
563	MW556268.1 Severe acute respiratory syndrome coronavirus 2 isolate SARS-CoV-2/human/PRT/P12/2020, complete genome	20A	20A		20A	B.1.91	B.1.91	0	good	5	0	0	0	0	0	3	0	0	0	89380	43	29842	0.9965555295455305	E:1,M:1,N:1,ORF1a:1,ORF1b:1,ORF3a:1,ORF6:1,ORF7a:1,ORF7b:1,ORF8:1,ORF9b:1,S:1	false	C241T,C3037T,C14408T,A23403G,G24077T				ORF1b:P314L,S:D614G,S:D839Y						0	0	0	0				0	0	0	0		NODE_0000764	G24077T		S:D839Y		B.1.91					N/A	N/A	N/A	N/A	N/A	N/A	N/A	N/A	N/A	N/A			3000	0	good	0	10	0	good	0	24	-8	0	good	0		0	good	0		0		0	0	good		0	0	good	0				
562	MW556267.1 Severe acute respiratory syndrome coronavirus 2 isolate SARS-CoV-2/human/PRT/P1/2020, complete genome	20B	20B		20B	B.1.1	B.1.1	0	good	9	0	0	0	125	0	5	0	0	47	89239	43	29842	0.992375346955155	E:1,M:1,N:1,ORF1a:0.9940922517609634,ORF1b:0.9925816023738873,ORF3a:1,ORF6:1,ORF7a:1,ORF7b:1,ORF8:1,ORF9b:1,S:0.9992150706436421	false	C241T,C3037T,A3660G,T11194C,C14408T,A23403G,G28881A,G28882A,G28883C				N:R203K,N:G204R,ORF1a:K1132R,ORF1b:P314L,S:D614G					A3660G,T11194C	0	0	2	2			ORF1a:K1132R	0	0	1	1	5146-5158,5401-5434,7313,8324-8350,9816,14878,14883,14889-14891,14893,15348-15387,17106,17114,23670	NODE_0000922	A3660G,T11194C		ORF1a:K1132R		NODE_0000922	A3660G,T11194C		ORF1a:K1132R		N/A	N/A	N/A	N/A	N/A	N/A	N/A	N/A	N/A	N/A	ORF1a:1628-1631,ORF1a:1713-1723,ORF1a:2350,ORF1a:2687-2695,ORF1a:3184,ORF1b:471-472,ORF1b:474-476,ORF1b:628-640,ORF1b:1213,ORF1b:1216,S:703		3000	0	good	125	10	0	good	0	24	-6	0	good	2		0	good	0		0		0	0	good		0	0	good	0				
566	MW556271.1 Severe acute respiratory syndrome coronavirus 2 isolate SARS-CoV-2/human/PRT/P31/2020, complete genome	20A	20A		20A	B.1.91	B.1.91	0	good	5	0	0	0	0	0	3	0	0	0	89380	43	29842	0.9965555295455305	E:1,M:1,N:1,ORF1a:1,ORF1b:1,ORF3a:1,ORF6:1,ORF7a:1,ORF7b:1,ORF8:1,ORF9b:1,S:1	false	C241T,C3037T,C14408T,A23403G,G24077T				ORF1b:P314L,S:D614G,S:D839Y						0	0	0	0				0	0	0	0		NODE_0000764	G24077T		S:D839Y		B.1.91					N/A	N/A	N/A	N/A	N/A	N/A	N/A	N/A	N/A	N/A			3000	0	good	0	10	0	good	0	24	-8	0	good	0		0	good	0		0		0	0	good		0	0	good	0				
565	MW556270.1 Severe acute respiratory syndrome coronavirus 2 isolate SARS-CoV-2/human/PRT/P13/2020, complete genome	20A	20A		20A	B.1.91	B.1.91	0	good	5	0	0	0	4	0	3	0	0	1	89376	43	29842	0.9964217637026386	E:1,M:1,N:1,ORF1a:1,ORF1b:0.9996290801186943,ORF3a:1,ORF6:1,ORF7a:1,ORF7b:1,ORF8:1,ORF9b:1,S:1	false	C241T,C3037T,C14408T,A23403G,G24077T				ORF1b:P314L,S:D614G,S:D839Y						0	0	0	0				0	0	0	0	15369-15372	NODE_0000764	G24077T		S:D839Y		B.1.91					N/A	N/A	N/A	N/A	N/A	N/A	N/A	N/A	N/A	N/A	ORF1b:635		3000	0	good	4	10	0	good	0	24	-8	0	good	0		0	good	0		0		0	0	good		0	0	good	0				
570	MW556277.1 Severe acute respiratory syndrome coronavirus 2 isolate SARS-CoV-2/human/PRT/P28/2020, complete genome	20A	20A		20A	B.1.91	B.1.91	0	good	6	0	0	0	12	0	4	0	0	4	89364	43	29842	0.9961542320168545	E:1,M:1,N:1,ORF1a:1,ORF1b:0.9985163204747775,ORF3a:1,ORF6:1,ORF7a:1,ORF7b:1,ORF8:1,ORF9b:1,S:1	false	C241T,C3037T,C14408T,A23403G,G24077T,G26634T				M:A38S,ORF1b:P314L,S:D614G,S:D839Y					G26634T	0	0	1	1			M:A38S	0	0	1	1	15361-15372	NODE_0000764	G24077T,G26634T		M:A38S,S:D839Y		B.1.91	G26634T		M:A38S		N/A	N/A	N/A	N/A	N/A	N/A	N/A	N/A	N/A	N/A	ORF1b:632-635		3000	0	good	12	10	0	good	0	24	-7	0	good	1		0	good	0		0		0	0	good		0	0	good	0				
569	MW556276.1 Severe acute respiratory syndrome coronavirus 2 isolate SARS-CoV-2/human/PRT/P32/2020, complete genome	20A	20A		20A	B.1.91	B.1.91	0	good	5	0	0	0	0	0	3	0	0	0	89380	43	29842	0.9965555295455305	E:1,M:1,N:1,ORF1a:1,ORF1b:1,ORF3a:1,ORF6:1,ORF7a:1,ORF7b:1,ORF8:1,ORF9b:1,S:1	false	C241T,C3037T,C14408T,A23403G,G24077T				ORF1b:P314L,S:D614G,S:D839Y						0	0	0	0				0	0	0	0		NODE_0000764	G24077T		S:D839Y		B.1.91					N/A	N/A	N/A	N/A	N/A	N/A	N/A	N/A	N/A	N/A			3000	0	good	0	10	0	good	0	24	-8	0	good	0		0	good	0		0		0	0	good		0	0	good	0				
571	MW556278.1 Severe acute respiratory syndrome coronavirus 2 isolate SARS-CoV-2/human/PRT/P29/2020, complete genome	20A	20A		20A	B.1.91	B.1.91	0	good	5	0	0	0	0	0	3	0	0	0	89380	43	29842	0.9965555295455305	E:1,M:1,N:1,ORF1a:1,ORF1b:1,ORF3a:1,ORF6:1,ORF7a:1,ORF7b:1,ORF8:1,ORF9b:1,S:1	false	C241T,C3037T,C14408T,A23403G,G24077T				ORF1b:P314L,S:D614G,S:D839Y						0	0	0	0				0	0	0	0		NODE_0000764	G24077T		S:D839Y		B.1.91					N/A	N/A	N/A	N/A	N/A	N/A	N/A	N/A	N/A	N/A			3000	0	good	0	10	0	good	0	24	-8	0	good	0		0	good	0		0		0	0	good		0	0	good	0				
567	MW556274.1 Severe acute respiratory syndrome coronavirus 2 isolate SARS-CoV-2/human/PRT/P22/2020, complete genome	20A	20A		20A	B.1.91	B.1.91	0	good	5	0	0	0	0	0	3	0	0	0	89380	43	29842	0.9965555295455305	E:1,M:1,N:1,ORF1a:1,ORF1b:1,ORF3a:1,ORF6:1,ORF7a:1,ORF7b:1,ORF8:1,ORF9b:1,S:1	false	C241T,C3037T,C14408T,A23403G,G24077T				ORF1b:P314L,S:D614G,S:D839Y						0	0	0	0				0	0	0	0		NODE_0000764	G24077T		S:D839Y		B.1.91					N/A	N/A	N/A	N/A	N/A	N/A	N/A	N/A	N/A	N/A			3000	0	good	0	10	0	good	0	24	-8	0	good	0		0	good	0		0		0	0	good		0	0	good	0				
564	MW556269.1 Severe acute respiratory syndrome coronavirus 2 isolate SARS-CoV-2/human/PRT/P21/2020, complete genome	20A	20A		20A	B.1.91	B.1.91	0.018779	good	5	0	0	0	337	0	3	0	0	117	89043	43	29842	0.9852857572818781	E:1,M:1,N:1,ORF1a:0.9840945239718246,ORF1b:0.9885014836795252,ORF3a:1,ORF6:1,ORF7a:1,ORF7b:1,ORF8:1,ORF9b:1,S:0.9874411302982732	false	C241T,C3037T,C14408T,A23403G,G24077T				ORF1b:P314L,S:D614G,S:D839Y						0	0	0	0				0	0	0	0	2621,2623-2624,2630-2662,8022-8099,8490-8551,13012-13038,15361-15387,16330,19674-19732,21803-21847,22690,22723	NODE_0000764	G24077T		S:D839Y		B.1.91					N/A	N/A	N/A	N/A	N/A	N/A	N/A	N/A	N/A	N/A	ORF1a:786-787,ORF1a:789-799,ORF1a:2586-2612,ORF1a:2742-2762,ORF1a:4250-4258,ORF1b:632-640,ORF1b:955,ORF1b:2069-2089,S:81-95,S:387		3000	1.370370	good	337	10	0	good	0	24	-8	0	good	0		0	good	0		0		0	0	good		0	0	good	0				
568	MW556275.1 Severe acute respiratory syndrome coronavirus 2 isolate SARS-CoV-2/human/PRT/P23/2020, complete genome	20A	20A		20A	B.1.91	B.1.91	0	good	5	0	0	0	19	0	3	0	0	8	89361	43	29842	0.9959201417917934	E:1,M:1,N:1,ORF1a:1,ORF1b:0.9970326409495549,ORF3a:1,ORF6:1,ORF7a:1,ORF7b:1,ORF8:1,ORF9b:1,S:1	false	C241T,C3037T,C14408T,A23403G,G24077T				ORF1b:P314L,S:D614G,S:D839Y						0	0	0	0				0	0	0	0	15361-15373,15376,15382-15383,15385-15387	NODE_0000764	G24077T		S:D839Y		B.1.91					N/A	N/A	N/A	N/A	N/A	N/A	N/A	N/A	N/A	N/A	ORF1b:632-637,ORF1b:639-640		3000	0	good	19	10	0	good	0	24	-8	0	good	0		0	good	0		0		0	0	good		0	0	good	0				
574	MW556281.1 Severe acute respiratory syndrome coronavirus 2 isolate SARS-CoV-2/human/PRT/P35/2020, complete genome	20B	20B		20B	B.1.1	B.1.1	0	good	7	0	0	0	15	0	4	0	0	7	89357	43	29842	0.9960539076346855	E:1,M:1,N:1,ORF1a:1,ORF1b:0.9974035608308606,ORF3a:1,ORF6:1,ORF7a:1,ORF7b:1,ORF8:1,ORF9b:1,S:1	false	C241T,C3037T,C14408T,A23403G,G28881A,G28882A,G28883C				N:R203K,N:G204R,ORF1b:P314L,S:D614G						0	0	0	0				0	0	0	0	15353,15361-15373,15383	NODE_0000922					NODE_0000922					N/A	N/A	N/A	N/A	N/A	N/A	N/A	N/A	N/A	N/A	ORF1b:629,ORF1b:632-636,ORF1b:639		3000	0	good	15	10	0	good	0	24	-8	0	good	0		0	good	0		0		0	0	good		0	0	good	0				
576	MW556283.1 Severe acute respiratory syndrome coronavirus 2 isolate SARS-CoV-2/human/PRT/P36/2020, complete genome	20B	20B		20B	B.1.1	B.1.1	0	good	7	0	0	0	4	0	4	0	0	2	89368	43	29842	0.9964217637026386	E:1,M:1,N:1,ORF1a:1,ORF1b:0.9992581602373887,ORF3a:1,ORF6:1,ORF7a:1,ORF7b:1,ORF8:1,ORF9b:1,S:1	false	C241T,C3037T,C14408T,A23403G,G28881A,G28882A,G28883C				N:R203K,N:G204R,ORF1b:P314L,S:D614G						0	0	0	0				0	0	0	0	15368-15371	NODE_0000922					NODE_0000922					N/A	N/A	N/A	N/A	N/A	N/A	N/A	N/A	N/A	N/A	ORF1b:634-635		3000	0	good	4	10	0	good	0	24	-8	0	good	0		0	good	0		0		0	0	good		0	0	good	0				
572	MW556279.1 Severe acute respiratory syndrome coronavirus 2 isolate SARS-CoV-2/human/PRT/P15/2020, complete genome	20A	20A		20A	B.1.91	B.1.91	0	good	7	0	0	0	0	0	4	0	0	0	89372	43	29842	0.9965555295455305	E:1,M:1,N:1,ORF1a:1,ORF1b:1,ORF3a:1,ORF6:1,ORF7a:1,ORF7b:1,ORF8:1,ORF9b:1,S:1	false	C241T,C3037T,C14408T,T14418C,A23403G,G24077T,G26634T				M:A38S,ORF1b:P314L,S:D614G,S:D839Y					T14418C,G26634T	0	0	2	2			M:A38S	0	0	1	1		NODE_0000764	T14418C,G24077T,G26634T		M:A38S,S:D839Y		B.1.91	T14418C,G26634T		M:A38S		N/A	N/A	N/A	N/A	N/A	N/A	N/A	N/A	N/A	N/A			3000	0	good	0	10	0	good	0	24	-6	0	good	2		0	good	0		0		0	0	good		0	0	good	0				
575	MW556282.1 Severe acute respiratory syndrome coronavirus 2 isolate SARS-CoV-2/human/PRT/P34/2020, complete genome	20A	20A		20A	B.1.91	B.1.91	0	good	5	0	0	0	0	0	3	0	0	0	89380	43	29842	0.9965555295455305	E:1,M:1,N:1,ORF1a:1,ORF1b:1,ORF3a:1,ORF6:1,ORF7a:1,ORF7b:1,ORF8:1,ORF9b:1,S:1	false	C241T,C3037T,C14408T,A23403G,G24077T				ORF1b:P314L,S:D614G,S:D839Y						0	0	0	0				0	0	0	0		NODE_0000764	G24077T		S:D839Y		B.1.91					N/A	N/A	N/A	N/A	N/A	N/A	N/A	N/A	N/A	N/A			3000	0	good	0	10	0	good	0	24	-8	0	good	0		0	good	0		0		0	0	good		0	0	good	0				
573	MW556280.1 Severe acute respiratory syndrome coronavirus 2 isolate SARS-CoV-2/human/PRT/P17/2020, complete genome	20A	20A		20A	B.1.91	B.1.91	0	good	5	0	0	0	43	0	3	0	0	15	89337	43	29842	0.9951175467344413	E:1,M:1,N:1,ORF1a:1,ORF1b:0.9951780415430267,ORF3a:1,ORF6:1,ORF7a:1,ORF7b:1,ORF8:1,ORF9b:1,S:0.9984301412872841	false	C241T,C3037T,C14408T,A23403G,G24077T				ORF1b:P314L,S:D614G,S:D839Y						0	0	0	0				0	0	0	0	15348-15387,22710-22712	NODE_0000764	G24077T		S:D839Y		B.1.91					N/A	N/A	N/A	N/A	N/A	N/A	N/A	N/A	N/A	N/A	ORF1b:628-640,S:383-384		3000	0	good	43	10	0	good	0	24	-8	0	good	0		0	good	0		0		0	0	good		0	0	good	0				
577	MW556284.1 Severe acute respiratory syndrome coronavirus 2 isolate SARS-CoV-2/human/PRT/P25/2020, complete genome	20A	20A		20A	B.1.91	B.1.91	0	good	5	0	0	0	111	0	3	0	0	38	89269	43	29842	0.992843527405277	E:1,M:1,N:1,ORF1a:0.9970461258804817,ORF1b:0.990727002967359,ORF3a:1,ORF6:1,ORF7a:1,ORF7b:1,ORF8:1,ORF9b:1,S:1	false	C241T,C3037T,C14408T,A23403G,G24077T				ORF1b:P314L,S:D614G,S:D839Y						0	0	0	0				0	0	0	0	6830-6868,6874,14473-14515,15361-15387,20092	NODE_0000764	G24077T		S:D839Y		B.1.91					N/A	N/A	N/A	N/A	N/A	N/A	N/A	N/A	N/A	N/A	ORF1a:2189-2201,ORF1b:336-350,ORF1b:632-640,ORF1b:2209		3000	0	good	111	10	0	good	0	24	-8	0	good	0		0	good	0		0		0	0	good		0	0	good	0				
578	MW556285.1 Severe acute respiratory syndrome coronavirus 2 isolate SARS-CoV-2/human/PRT/P26/2020, complete genome	20A	20A		20A	B.1.91	B.1.91	0	good	5	0	0	0	0	0	3	0	0	0	89380	43	29842	0.9965555295455305	E:1,M:1,N:1,ORF1a:1,ORF1b:1,ORF3a:1,ORF6:1,ORF7a:1,ORF7b:1,ORF8:1,ORF9b:1,S:1	false	C241T,C3037T,C14408T,A23403G,G24077T				ORF1b:P314L,S:D614G,S:D839Y						0	0	0	0				0	0	0	0		NODE_0000764	G24077T		S:D839Y		B.1.91					N/A	N/A	N/A	N/A	N/A	N/A	N/A	N/A	N/A	N/A			3000	0	good	0	10	0	good	0	24	-8	0	good	0		0	good	0		0		0	0	good		0	0	good	0				
579	MW556286.1 Severe acute respiratory syndrome coronavirus 2 isolate SARS-CoV-2/human/PRT/P16/2020, complete genome	20A	20A		20A	B.1.91	B.1.91	0	good	7	0	0	0	0	0	4	0	0	0	89372	43	29842	0.9965555295455305	E:1,M:1,N:1,ORF1a:1,ORF1b:1,ORF3a:1,ORF6:1,ORF7a:1,ORF7b:1,ORF8:1,ORF9b:1,S:1	false	C241T,C2062T,C3037T,C6279A,C14408T,A23403G,G24077T				ORF1a:P2005Q,ORF1b:P314L,S:D614G,S:D839Y					C2062T,C6279A	0	0	2	2			ORF1a:P2005Q	0	0	1	1		NODE_0000764	C2062T,C6279A,G24077T		ORF1a:P2005Q,S:D839Y		B.1.91	C2062T,C6279A		ORF1a:P2005Q		N/A	N/A	N/A	N/A	N/A	N/A	N/A	N/A	N/A	N/A			3000	0	good	0	10	0	good	0	24	-6	0	good	2		0	good	0		0		0	0	good		0	0	good	0				
583	MW593797.1 Severe acute respiratory syndrome coronavirus 2 isolate SARS-CoV-2/human/USA/FHCRC-5917/2020, complete genome	19A	19A		19A	B.4	B.4	0.173611	good	10	0	0	0	0	0	4	0	0	0	89354	43	29840	0.9964886466240845	E:1,M:1,N:1,ORF1a:1,ORF1b:1,ORF3a:1,ORF6:1,ORF7a:1,ORF7b:1,ORF8:1,ORF9b:1,S:1	false	A1079C,G1397A,T7225C,C9319T,C11074T,G11083T,C19862T,T27384C,T28688C,G29742T				ORF1a:N272H,ORF1a:V378I,ORF1a:L3606F,ORF1b:A2132V				T27384C|21L&23A&24A&22C&22A&23F&23D&23B&24E&22D&22F&25C&23C&24C&rec&24F&23E&24B&23H&25B&25A&24G&23I&23G&24H&24D&25D&24I&25G&25E&25H&25F	A1079C,T7225C,C9319T,C11074T,C19862T	0	1	5	6			ORF1a:N272H,ORF1b:A2132V	0	0	2	2		NODE_0000000	A1079C,G1397A,T7225C,C9319T,C11074T,G11083T,C19862T,T27384C,T28688C,G29742T		ORF1a:N272H,ORF1a:V378I,ORF1a:L3606F,ORF1b:A2132V		B.4	A1079C,T7225C,C9319T,C11074T,C19862T,T27384C		ORF1a:N272H,ORF1b:A2132V		N/A	N/A	N/A	N/A	N/A	N/A	N/A	N/A	N/A	N/A			3000	0	good	0	10	0	good	0	24	1	4.166667	good	9		0	good	0		0		0	0	good		0	0	good	0				
581	MW556288.1 Severe acute respiratory syndrome coronavirus 2 isolate SARS-CoV-2/human/PRT/P24/2020, complete genome	20A	20A		20A	B.1.91	B.1.91	0	good	6	0	0	0	17	0	3	0	0	6	89359	43	29842	0.9959870247132395	E:1,M:1,N:1,ORF1a:1,ORF1b:0.9977744807121661,ORF3a:1,ORF6:1,ORF7a:1,ORF7b:1,ORF8:1,ORF9b:1,S:1	false	C241T,C3037T,C4456T,C14408T,A23403G,G24077T				ORF1b:P314L,S:D614G,S:D839Y					C4456T	0	0	1	1				0	0	0	0	15371-15387	NODE_0000764	C4456T,G24077T		S:D839Y		B.1.91	C4456T				N/A	N/A	N/A	N/A	N/A	N/A	N/A	N/A	N/A	N/A	ORF1b:635-640		3000	0	good	17	10	0	good	0	24	-7	0	good	1		0	good	0		0		0	0	good		0	0	good	0				
582	MW593327.1 Severe acute respiratory syndrome coronavirus 2 isolate SARS-CoV-2/human/USA/FHCRC-2965/2020, complete genome	19B	19B		19B	A.3	A.3	34.027778	mediocre	13	0	0	0	0	0	7	0	0	0	89342	43	29840	0.9964886466240845	E:1,M:1,N:1,ORF1a:1,ORF1b:1,ORF3a:1,ORF6:1,ORF7a:1,ORF7b:1,ORF8:1,ORF9b:1,S:1	false	T490A,C3177T,C5833T,C8664T,C8782T,T18736C,T23677C,C24034T,T26729C,C27635T,G28077C,T28144C,A29700G				ORF1a:D75E,ORF1a:P971L,ORF1a:T2800I,ORF1b:F1757L,ORF7a:S81L,ORF8:V62L,ORF8:L84S			T6040C,A12478G,G28896C		C5833T,C8664T,T23677C,C27635T	3	0	4	7	N:G208A,ORF1a:I4071M		ORF1a:T2800I,ORF7a:S81L	2	0	2	4		internal_b384	T490A,C3177T,C5833T,C8664T,T18736C,T23677C,C24034T,T26729C,C27635T,G28077C,A29700G		ORF1a:D75E,ORF1a:P971L,ORF1a:T2800I,ORF1b:F1757L,ORF7a:S81L,ORF8:V62L		A.3	C5833T,T6040C,C8664T,A12478G,T23677C,C27635T,G28896C		N:G208A,ORF1a:T2800I,ORF1a:I4071M,ORF7a:S81L		N/A	N/A	N/A	N/A	N/A	N/A	N/A	N/A	N/A	N/A			3000	0	good	0	10	0	good	0	24	14	58.333333	mediocre	22		0	good	0		0		0	0	good		0	0	good	0				
580	MW556287.1 Severe acute respiratory syndrome coronavirus 2 isolate SARS-CoV-2/human/PRT/P37/2020, complete genome	20B	20B		20B	B.1.1	B.1.1	0	good	8	0	0	0	6	0	5	0	0	3	89362	43	29842	0.9963548807811925	E:1,M:1,N:1,ORF1a:1,ORF1b:0.9988872403560831,ORF3a:1,ORF6:1,ORF7a:1,ORF7b:1,ORF8:1,ORF9b:1,S:1	false	C241T,C3037T,G4432T,C14408T,A23403G,G28881A,G28882A,G28883C				N:R203K,N:G204R,ORF1a:M1389I,ORF1b:P314L,S:D614G					G4432T	0	0	1	1			ORF1a:M1389I	0	0	1	1	15363-15365,15369,15371-15372	NODE_0000922	G4432T		ORF1a:M1389I		NODE_0000922	G4432T		ORF1a:M1389I		N/A	N/A	N/A	N/A	N/A	N/A	N/A	N/A	N/A	N/A	ORF1b:632-633,ORF1b:635		3000	0	good	6	10	0	good	0	24	-7	0	good	1		0	good	0		0		0	0	good		0	0	good	0				
586	MW652721.1 Severe acute respiratory syndrome coronavirus 2 isolate SARS-CoV-2/human/ITA/APU-POLBA21/2020, complete genome	20B	20B		20B	B.1.1	B.1.1	0	good	7	0	0	0	0	0	4	0	0	0	89462	26	29855	0.9975587733672207	E:1,M:1,N:1,ORF1a:1,ORF1b:1,ORF3a:1,ORF6:1,ORF7a:1,ORF7b:1,ORF8:1,ORF9b:1,S:1	false	C241T,C3037T,C14408T,A23403G,G28881A,G28882A,G28883C				N:R203K,N:G204R,ORF1b:P314L,S:D614G						0	0	0	0				0	0	0	0		NODE_0000922					NODE_0000922					N/A	N/A	N/A	N/A	N/A	N/A	N/A	N/A	N/A	N/A			3000	0	good	0	10	0	good	0	24	-8	0	good	0		0	good	0		0		0	0	good		0	0	good	0				
585	MW599736.1 Severe acute respiratory syndrome coronavirus 2 isolate SARS-CoV-2/human/CAN/RIM-1/2020, complete genome	20A	20A		20A	B.1.147	B.1.147	0	good	7	0	0	0	1	0	3	0	0	1	89317	55	29836	0.9959201417917934	E:1,M:1,N:1,ORF1a:1,ORF1b:0.9996290801186943,ORF3a:1,ORF6:1,ORF7a:1,ORF7b:1,ORF8:1,ORF9b:1,S:1	false	C241T,C3037T,T5422C,C14408T,C15324T,A23403G,C25433T				ORF1b:P314L,ORF3a:T14I,S:D614G					T5422C	0	0	1	1				0	0	0	0	19484	NODE_0000764	T5422C,C15324T,C25433T		ORF3a:T14I		B.1.147	T5422C				N/A	N/A	N/A	N/A	N/A	N/A	N/A	N/A	N/A	N/A	ORF1b:2006		3000	0	good	1	10	0	good	0	24	-7	0	good	1		0	good	0		0		0	0	good		0	0	good	0				
584	MW593878.1 Severe acute respiratory syndrome coronavirus 2 isolate SARS-CoV-2/human/USA/FHCRC-6400/2020, complete genome	20C	20C		20C	B.1.371	B.1.371	0	good	7	0	0	0	0	0	4	0	0	0	89366	43	29840	0.9964886466240845	E:1,M:1,N:1,ORF1a:1,ORF1b:1,ORF3a:1,ORF6:1,ORF7a:1,ORF7b:1,ORF8:1,ORF9b:1,S:1	false	C241T,C1059T,C3037T,C14408T,A23403G,G25563T,G29553A				ORF1a:T265I,ORF1b:P314L,ORF3a:Q57H,S:D614G						0	0	0	0				0	0	0	0		NODE_0000826	G29553A				B.1.371					N/A	N/A	N/A	N/A	N/A	N/A	N/A	N/A	N/A	N/A			3000	0	good	0	10	0	good	0	24	-8	0	good	0		0	good	0		0		0	0	good		0	0	good	0				
588	MW672626.1 Severe acute respiratory syndrome coronavirus 2 isolate SARS-CoV-2/human/ISR/hCov-19-Israel-CVL-n2200/2020, complete genome	19B	19B		19B	A.5	A.5	0	good	6	0	0	0	17	0	3	0	0	0	89656	5	29903	0.9992977293248169	E:1,M:1,N:1,ORF1a:1,ORF1b:1,ORF3a:1,ORF6:1,ORF7a:1,ORF7b:1,ORF8:1,ORF9b:1,S:1	false	G2549T,C8683T,C8782T,C12786T,C26088T,T28144C				ORF1a:D762Y,ORF1a:T4174I,ORF8:L84S					G2549T,C8683T,C12786T	0	0	3	3			ORF1a:D762Y,ORF1a:T4174I	0	0	2	2	29852-29868	internal_b384	G2549T,C8683T,C12786T,C26088T		ORF1a:D762Y,ORF1a:T4174I		A.5	G2549T,C8683T,C12786T		ORF1a:D762Y,ORF1a:T4174I		N/A	N/A	N/A	N/A	N/A	N/A	N/A	N/A	N/A	N/A			3000	0	good	17	10	0	good	0	24	-5	0	good	3		0	good	0		0		0	0	good		0	0	good	0				
587	MW672622.1 Severe acute respiratory syndrome coronavirus 2 isolate SARS-CoV-2/human/ISR/hCov-19-Israel-CVL-n3021/2020, complete genome	20C	20C		20C	B.1	B.1	0	good	6	0	0	0	13	0	4	0	0	0	89666	3	29903	0.999498378089155	E:1,M:1,N:1,ORF1a:1,ORF1b:1,ORF3a:1,ORF6:1,ORF7a:1,ORF7b:1,ORF8:1,ORF9b:1,S:1	false	C241T,C1059T,C3037T,C14408T,A23403G,G25563T				ORF1a:T265I,ORF1b:P314L,ORF3a:Q57H,S:D614G						0	0	0	0				0	0	0	0	29855-29867	NODE_0000826					NODE_0000764	C1059T,G25563T		ORF1a:T265I,ORF3a:Q57H		N/A	N/A	N/A	N/A	N/A	N/A	N/A	N/A	N/A	N/A			3000	0	good	13	10	0	good	0	24	-8	0	good	0		0	good	0		0		0	0	good		0	0	good	0				
592	MW672647.1 Severe acute respiratory syndrome coronavirus 2 isolate SARS-CoV-2/human/ISR/hCov-19-Israel-CVL-n2820/2020, complete genome	19A	19A		19A	B	B	0	good	0	0	0	0	4	0	0	0	0	0	89678	10	29903	0.999565261010601	E:1,M:1,N:1,ORF1a:1,ORF1b:1,ORF3a:1,ORF6:1,ORF7a:1,ORF7b:1,ORF8:1,ORF9b:1,S:1	false											0	0	0	0				0	0	0	0	29865-29868	NODE_0000000					NODE_0000000					N/A	N/A	N/A	N/A	N/A	N/A	N/A	N/A	N/A	N/A			3000	0	good	4	10	0	good	0	24	-8	0	good	0		0	good	0		0		0	0	good		0	0	good	0				
590	MW672644.1 Severe acute respiratory syndrome coronavirus 2 isolate SARS-CoV-2/human/ISR/hCov-19-Israel-CVL-n2494/2020, complete genome	20B	20B		20B	B.1.1	B.1.1	0	good	8	0	0	0	0	0	4	0	0	0	89671	3	29903	0.999933117078554	E:1,M:1,N:1,ORF1a:1,ORF1b:1,ORF3a:1,ORF6:1,ORF7a:1,ORF7b:1,ORF8:1,ORF9b:1,S:1	false	C241T,C313T,C3037T,C14408T,A23403G,G28881A,G28882A,G28883C				N:R203K,N:G204R,ORF1b:P314L,S:D614G						0	0	0	0				0	0	0	0		NODE_0000922	C313T				NODE_0000922	C313T				N/A	N/A	N/A	N/A	N/A	N/A	N/A	N/A	N/A	N/A			3000	0	good	0	10	0	good	0	24	-8	0	good	0		0	good	0		0		0	0	good		0	0	good	0				
589	MW672632.1 Severe acute respiratory syndrome coronavirus 2 isolate SARS-CoV-2/human/ISR/hCov-19-Israel-CVL-n896/2020, complete genome	20B	20B		20B	B.1.1	B.1.1	0	good	9	0	0	0	0	0	5	0	0	0	89415	35	29851	0.9971240343778216	E:1,M:1,N:1,ORF1a:1,ORF1b:1,ORF3a:1,ORF6:1,ORF7a:1,ORF7b:1,ORF8:1,ORF9b:1,S:1	false	C241T,C313T,C3037T,G11083T,C14408T,A23403G,G28881A,G28882A,G28883C				N:R203K,N:G204R,ORF1a:L3606F,ORF1b:P314L,S:D614G					G11083T	0	0	1	1			ORF1a:L3606F	0	0	1	1		NODE_0000922	C313T,G11083T		ORF1a:L3606F		NODE_0000922	C313T,G11083T		ORF1a:L3606F		N/A	N/A	N/A	N/A	N/A	N/A	N/A	N/A	N/A	N/A			3000	0	good	0	10	0	good	0	24	-7	0	good	1		0	good	0		0		0	0	good		0	0	good	0				
591	MW672646.1 Severe acute respiratory syndrome coronavirus 2 isolate SARS-CoV-2/human/ISR/hCov-19-Israel-CVL-n3607/2020, complete genome	19A	19A		19A	B.39	B.39	0	good	8	0	0	0	2	0	4	0	0	0	89672	2	29903	0.999899675617831	E:1,M:1,N:1,ORF1a:1,ORF1b:1,ORF3a:1,ORF6:1,ORF7a:1,ORF7b:1,ORF8:1,ORF9b:1,S:1	false	A1515G,C2668T,C9223T,G11083T,G12565T,C14805T,T17247C,G26144T				ORF1a:H417R,ORF1a:L3606F,ORF1a:Q4100H,ORF3a:G251V					C2668T,G12565T	0	0	2	2			ORF1a:Q4100H	0	0	1	1	29867-29868	NODE_0000000	A1515G,C2668T,C9223T,G11083T,G12565T,C14805T,T17247C,G26144T		ORF1a:H417R,ORF1a:L3606F,ORF1a:Q4100H,ORF3a:G251V		B.39	C2668T,G12565T		ORF1a:Q4100H		N/A	N/A	N/A	N/A	N/A	N/A	N/A	N/A	N/A	N/A			3000	0	good	2	10	0	good	0	24	-6	0	good	2		0	good	0		0		0	0	good		0	0	good	0				
594	MW672650.1 Severe acute respiratory syndrome coronavirus 2 isolate SARS-CoV-2/human/ISR/hCov-19-Israel-CVL-n4115/2020, complete genome	20B	20B		20B	B.1.1	B.1.1	0	good	7	0	0	0	3	0	4	0	0	0	89666	5	29903	0.999765909774939	E:1,M:1,N:1,ORF1a:1,ORF1b:1,ORF3a:1,ORF6:1,ORF7a:1,ORF7b:1,ORF8:1,ORF9b:1,S:1	false	C241T,C3037T,C14408T,A23403G,G28881A,G28882A,G28883C				N:R203K,N:G204R,ORF1b:P314L,S:D614G						0	0	0	0				0	0	0	0	29866-29868	NODE_0000922					NODE_0000922					N/A	N/A	N/A	N/A	N/A	N/A	N/A	N/A	N/A	N/A			3000	0	good	3	10	0	good	0	24	-8	0	good	0		0	good	0		0		0	0	good		0	0	good	0				
593	MW672648.1 Severe acute respiratory syndrome coronavirus 2 isolate SARS-CoV-2/human/ISR/hCov-19-Israel-CVL-n4014/2020, complete genome	20C	20C		20C	B.1	B.1	0	good	8	0	0	0	0	0	5	0	0	0	89677	1	29903	1	E:1,M:1,N:1,ORF1a:1,ORF1b:1,ORF3a:1,ORF6:1,ORF7a:1,ORF7b:1,ORF8:1,ORF9b:1,S:1	false	C241T,C1059T,C3037T,C14408T,G19086T,A23403G,G25563T,A29865G				ORF1a:T265I,ORF1b:P314L,ORF1b:K1873N,ORF3a:Q57H,S:D614G					G19086T,A29865G	0	0	2	2			ORF1b:K1873N	0	0	1	1		NODE_0000826	G19086T,A29865G		ORF1b:K1873N		NODE_0000764	C1059T,G19086T,G25563T,A29865G		ORF1a:T265I,ORF1b:K1873N,ORF3a:Q57H		N/A	N/A	N/A	N/A	N/A	N/A	N/A	N/A	N/A	N/A			3000	0	good	0	10	0	good	0	24	-6	0	good	2		0	good	0		0		0	0	good		0	0	good	0				
595	MW672663.1 Severe acute respiratory syndrome coronavirus 2 isolate SARS-CoV-2/human/ISR/hCov-19-Israel-CVL-n1999/2020, complete genome	19B	19B		19B	A.2	A.2	0	good	7	0	0	0	5	0	4	0	0	0	89673	2	29903	0.999799351235662	E:1,M:1,N:1,ORF1a:1,ORF1b:1,ORF3a:1,ORF6:1,ORF7a:1,ORF7b:1,ORF8:1,ORF9b:1,S:1	false	C8782T,T9477A,C14805T,G25979T,T28144C,C28657T,C28863T				N:S197L,ORF1a:F3071Y,ORF3a:G196V,ORF8:L84S						0	0	0	0				0	0	0	0	29863-29867	internal_b384	T9477A,C14805T,G25979T,C28657T,C28863T		N:S197L,ORF1a:F3071Y,ORF3a:G196V		NODE_0000757					N/A	N/A	N/A	N/A	N/A	N/A	N/A	N/A	N/A	N/A			3000	0	good	5	10	0	good	0	24	-8	0	good	0		0	good	0		0		0	0	good		0	0	good	0				
598	MW674832.1 Severe acute respiratory syndrome coronavirus 2 isolate SARS-CoV-2/human/ISR/hCov-19-Israel-CVL-n-10864/2020, complete genome	20A	20A		20A	B.1	B.1	0	good	7	0	0	0	0	0	3	0	0	0	89681	1	29903	1	E:1,M:1,N:1,ORF1a:1,ORF1b:1,ORF3a:1,ORF6:1,ORF7a:1,ORF7b:1,ORF8:1,ORF9b:1,S:1	false	C241T,C2416T,C3037T,C14408T,C14877T,A23403G,G25563T				ORF1b:P314L,ORF3a:Q57H,S:D614G					C14877T	0	0	1	1				0	0	0	0		NODE_0000764	C2416T,C14877T,G25563T		ORF3a:Q57H		NODE_0000764	C2416T,C14877T,G25563T		ORF3a:Q57H		N/A	N/A	N/A	N/A	N/A	N/A	N/A	N/A	N/A	N/A			3000	0	good	0	10	0	good	0	24	-7	0	good	1		0	good	0		0		0	0	good		0	0	good	0				
596	MW672668.1 Severe acute respiratory syndrome coronavirus 2 isolate SARS-CoV-2/human/ISR/hCov-19-Israel-CVL-n2910/2020, complete genome	19B	19B		19B	A.2	A.2	0	good	7	0	0	0	26	0	4	0	0	0	89565	31	29903	0.9981272781995117	E:1,M:1,N:1,ORF1a:1,ORF1b:1,ORF3a:1,ORF6:1,ORF7a:1,ORF7b:1,ORF8:1,ORF9b:1,S:1	false	C8782T,T9477A,C14805T,G25979T,T28144C,C28657T,C28863T				N:S197L,ORF1a:F3071Y,ORF3a:G196V,ORF8:L84S						0	0	0	0				0	0	0	0	29842-29867	internal_b384	T9477A,C14805T,G25979T,C28657T,C28863T		N:S197L,ORF1a:F3071Y,ORF3a:G196V		NODE_0000757					N/A	N/A	N/A	N/A	N/A	N/A	N/A	N/A	N/A	N/A			3000	0	good	26	10	0	good	0	24	-8	0	good	0		0	good	0		0		0	0	good		0	0	good	0				
599	MW674836.1 Severe acute respiratory syndrome coronavirus 2 isolate SARS-CoV-2/human/ISR/hCov-19-Israel-CVL-n-6118/2020, complete genome	20A	20A		20A	B.1	B.1	0	good	6	1	0	0	0	0	3	0	0	0	89676	1	29903	1	E:1,M:1,N:1,ORF1a:1,ORF1b:1,ORF3a:1,ORF6:1,ORF7a:1,ORF7b:1,ORF8:1,ORF9b:1,S:1	false	C241T,C3037T,C14408T,C18877T,A23403G,G25563T	4			ORF1b:P314L,ORF3a:Q57H,S:D614G						0	0	0	0				0	0	0	0		NODE_0000764	C18877T,G25563T	4	ORF3a:Q57H		NODE_0000764	C18877T,G25563T	4	ORF3a:Q57H		N/A	N/A	N/A	N/A	N/A	N/A	N/A	N/A	N/A	N/A			3000	0	good	0	10	0	good	0	24	-7	0	good	1		0	good	0		0		0	0	good		0	0	good	0				
597	MW674823.1 Severe acute respiratory syndrome coronavirus 2 isolate SARS-CoV-2/human/ISR/hCov-19-Israel-CVL-n-6731/2020, complete genome	20C	20C		20C	B.1	B.1	69.444444	mediocre	27	1	0	0	0	0	15	0	0	0	89592	1	29903	1	E:1,M:1,N:1,ORF1a:1,ORF1b:1,ORF3a:1,ORF6:1,ORF7a:1,ORF7b:1,ORF8:1,ORF9b:1,S:1	false	C241T,C1059T,C3037T,A3314G,C4071T,G4207T,G4300T,T5767C,T9260C,G9497T,C9502T,T9676C,C11916T,C14408T,T15167C,C17304T,C18998T,A22305G,A23403G,G25563T,T25885A,C26469A,C28256A,G28881A,G28882A,G28883C,G29540A	26510			N:R203K,N:G204R,ORF1a:T265I,ORF1a:T1017A,ORF1a:T1269I,ORF1a:S2999P,ORF1a:V3078F,ORF1a:S3884L,ORF1b:P314L,ORF1b:L567S,ORF1b:A1844V,ORF3a:Q57H,ORF3a:S165T,S:Y248C,S:D614G				G28881A|21K&21L&22B&20I&22E&23A&22C&24A&20B&22A&23F&23D&23B&20J&22D&24E&22F&25C&rec&23C&24C&24F&23E&24B&23H&25B&25A&24G&23I&23G&20D&20F&24H&21G&24D&21M&25D&24I&25G&25E&25I&25H&25F&21E,G28882A|21K&21L&22B&20I&22E&23A&22C&24A&20B&22A&23F&23D&23B&20J&24E&22D&22F&25C&rec&23C&24C&24F&23E&24B&23H&25B&25A&24G&23I&23G&20D&20F&24H&21G&24D&21M&25D&24I&25G&25E&25I&25H&25F&21E,G28883C|21K&21L&22B&20I&22E&23A&22C&24A&20B&22A&23F&23D&23B&20J&24E&22D&22F&25C&rec&23C&24C&24F&23E&24B&23H&25B&25A&24G&23I&23G&20D&20F&24H&21G&24D&21M&25D&24I&25G&25E&25I&25H&25F&21E	A3314G,C4071T,G4207T,G4300T,T5767C,T9260C,G9497T,C9502T,T9676C,T15167C,C17304T,A22305G,T25885A,C26469A,C28256A	0	3	15	18			N:R203K,N:G204R,ORF1a:T1017A,ORF1a:T1269I,ORF1a:S2999P,ORF1a:V3078F,ORF1b:L567S,ORF3a:S165T,S:Y248C	0	0	9	9		NODE_0000826	A3314G,C4071T,G4207T,G4300T,T5767C,T9260C,G9497T,C9502T,T9676C,C11916T,T15167C,C17304T,C18998T,A22305G,T25885A,C26469A,C28256A,G28881A,G28882A,G28883C,G29540A	26510	N:R203K,N:G204R,ORF1a:T1017A,ORF1a:T1269I,ORF1a:S2999P,ORF1a:V3078F,ORF1a:S3884L,ORF1b:L567S,ORF1b:A1844V,ORF3a:S165T,S:Y248C		NODE_0000764	C1059T,A3314G,C4071T,G4207T,G4300T,T5767C,T9260C,G9497T,C9502T,T9676C,C11916T,T15167C,C17304T,C18998T,A22305G,G25563T,T25885A,C26469A,C28256A,G28881A,G28882A,G28883C,G29540A	26510	N:R203K,N:G204R,ORF1a:T265I,ORF1a:T1017A,ORF1a:T1269I,ORF1a:S2999P,ORF1a:V3078F,ORF1a:S3884L,ORF1b:L567S,ORF1b:A1844V,ORF3a:Q57H,ORF3a:S165T,S:Y248C		N/A	N/A	N/A	N/A	N/A	N/A	N/A	N/A	N/A	N/A			3000	0	good	0	10	0	good	0	24	20	83.333333	mediocre	28		0	good	0		0		0	0	good		0	0	good	0				
602	MW674857.1 Severe acute respiratory syndrome coronavirus 2 isolate SARS-CoV-2/human/ISR/hCov-19-Israel-CVL-n-8411/2020, complete genome	20C	20C		20C	B.1	B.1	0	good	9	0	0	0	0	0	6	0	0	0	89673	1	29903	1	E:1,M:1,N:1,ORF1a:1,ORF1b:1,ORF3a:1,ORF6:1,ORF7a:1,ORF7b:1,ORF8:1,ORF9b:1,S:1	false	C241T,C1059T,C3037T,C11916T,C14408T,C18998T,A23403G,G25563T,G29540A				ORF1a:T265I,ORF1a:S3884L,ORF1b:P314L,ORF1b:A1844V,ORF3a:Q57H,S:D614G						0	0	0	0				0	0	0	0		NODE_0000826	C11916T,C18998T,G29540A		ORF1a:S3884L,ORF1b:A1844V		NODE_0000764	C1059T,C11916T,C18998T,G25563T,G29540A		ORF1a:T265I,ORF1a:S3884L,ORF1b:A1844V,ORF3a:Q57H		N/A	N/A	N/A	N/A	N/A	N/A	N/A	N/A	N/A	N/A			3000	0	good	0	10	0	good	0	24	-8	0	good	0		0	good	0		0		0	0	good		0	0	good	0				
606	MW674872.1 Severe acute respiratory syndrome coronavirus 2 isolate SARS-CoV-2/human/ISR/hCov-19-Israel-CVL-n-7462/2020, complete genome	20C	20C		20C	B.1	B.1	0	good	7	0	0	0	0	0	4	0	0	0	89681	1	29903	1	E:1,M:1,N:1,ORF1a:1,ORF1b:1,ORF3a:1,ORF6:1,ORF7a:1,ORF7b:1,ORF8:1,ORF9b:1,S:1	false	C241T,C1059T,C3037T,C14408T,A23403G,G25563T,A27773G				ORF1a:T265I,ORF1b:P314L,ORF3a:Q57H,S:D614G					A27773G	0	0	1	1				0	0	0	0		NODE_0000826	A27773G				NODE_0000764	C1059T,G25563T,A27773G		ORF1a:T265I,ORF3a:Q57H		N/A	N/A	N/A	N/A	N/A	N/A	N/A	N/A	N/A	N/A			3000	0	good	0	10	0	good	0	24	-7	0	good	1		0	good	0		0		0	0	good		0	0	good	0				
604	MW674864.1 Severe acute respiratory syndrome coronavirus 2 isolate SARS-CoV-2/human/ISR/hCov-19-Israel-CVL-n-10253/2020, complete genome	20B	20B		20B	B.1.1	B.1.1	0	good	10	0	0	0	0	0	6	0	0	0	89669	1	29903	1	E:1,M:1,N:1,ORF1a:1,ORF1b:1,ORF3a:1,ORF6:1,ORF7a:1,ORF7b:1,ORF8:1,ORF9b:1,S:1	false	C241T,C498T,C3037T,C14408T,A22812G,A23403G,C26088T,G28881A,G28882A,G28883C				N:R203K,N:G204R,ORF1a:T78I,ORF1b:P314L,S:K417R,S:D614G					C498T,A22812G,C26088T	0	0	3	3			ORF1a:T78I,S:K417R	0	0	2	2		NODE_0000922	C498T,A22812G,C26088T		ORF1a:T78I,S:K417R		NODE_0000922	C498T,A22812G,C26088T		ORF1a:T78I,S:K417R		N/A	N/A	N/A	N/A	N/A	N/A	N/A	N/A	N/A	N/A			3000	0	good	0	10	0	good	0	24	-5	0	good	3		0	good	0		0		0	0	good		0	0	good	0				
600	MW674842.1 Severe acute respiratory syndrome coronavirus 2 isolate SARS-CoV-2/human/ISR/hCov-19-Israel-CVL-n-6131/2020, complete genome	20B	20B		20B	B.1.1	B.1.1	0	good	12	0	0	0	0	0	7	0	0	0	89661	1	29903	1	E:1,M:1,N:1,ORF1a:1,ORF1b:1,ORF3a:1,ORF6:1,ORF7a:1,ORF7b:1,ORF8:1,ORF9b:1,S:1	false	C241T,C3037T,C14408T,C15852T,C16699T,C17249T,A23403G,C27046T,G28881A,G28882A,G28883C,A29865G				M:T175M,N:R203K,N:G204R,ORF1b:P314L,ORF1b:R1078C,ORF1b:A1261V,S:D614G					C15852T,C16699T,C17249T,C27046T,A29865G	0	0	5	5			M:T175M,ORF1b:R1078C,ORF1b:A1261V	0	0	3	3		NODE_0000922	C15852T,C16699T,C17249T,C27046T,A29865G		M:T175M,ORF1b:R1078C,ORF1b:A1261V		NODE_0000922	C15852T,C16699T,C17249T,C27046T,A29865G		M:T175M,ORF1b:R1078C,ORF1b:A1261V		N/A	N/A	N/A	N/A	N/A	N/A	N/A	N/A	N/A	N/A			3000	0	good	0	10	0	good	0	24	-3	0	good	5		0	good	0		0		0	0	good		0	0	good	0				
605	MW674871.1 Severe acute respiratory syndrome coronavirus 2 isolate SARS-CoV-2/human/ISR/hCov-19-Israel-CVL-n-7422/2020, complete genome	20C	20C		20C	B.1	B.1	0	good	6	0	0	0	0	0	4	0	0	0	89685	1	29903	1	E:1,M:1,N:1,ORF1a:1,ORF1b:1,ORF3a:1,ORF6:1,ORF7a:1,ORF7b:1,ORF8:1,ORF9b:1,S:1	false	C241T,C1059T,C3037T,C14408T,A23403G,G25563T				ORF1a:T265I,ORF1b:P314L,ORF3a:Q57H,S:D614G						0	0	0	0				0	0	0	0		NODE_0000826					NODE_0000764	C1059T,G25563T		ORF1a:T265I,ORF3a:Q57H		N/A	N/A	N/A	N/A	N/A	N/A	N/A	N/A	N/A	N/A			3000	0	good	0	10	0	good	0	24	-8	0	good	0		0	good	0		0		0	0	good		0	0	good	0				
603	MW674858.1 Severe acute respiratory syndrome coronavirus 2 isolate SARS-CoV-2/human/ISR/hCov-19-Israel-CVL-n-12003/2020, complete genome	20C	20C		20C	B.1	B.1	0	good	9	0	0	0	0	0	7	0	0	0	89673	1	29903	1	E:1,M:1,N:1,ORF1a:1,ORF1b:1,ORF3a:1,ORF6:1,ORF7a:1,ORF7b:1,ORF8:1,ORF9b:1,S:1	false	C241T,C1059T,C3037T,T12056A,C14408T,G21724T,A23403G,G25555T,G25563T				ORF1a:T265I,ORF1a:C3931S,ORF1b:P314L,ORF3a:V55F,ORF3a:Q57H,S:L54F,S:D614G					T12056A,G21724T,G25555T	0	0	3	3			ORF1a:C3931S,ORF3a:V55F,S:L54F	0	0	3	3		NODE_0000826	T12056A,G21724T,G25555T		ORF1a:C3931S,ORF3a:V55F,S:L54F		NODE_0000764	C1059T,T12056A,G21724T,G25555T,G25563T		ORF1a:T265I,ORF1a:C3931S,ORF3a:V55F,ORF3a:Q57H,S:L54F		N/A	N/A	N/A	N/A	N/A	N/A	N/A	N/A	N/A	N/A			3000	0	good	0	10	0	good	0	24	-5	0	good	3		0	good	0		0		0	0	good		0	0	good	0				
601	MW674853.1 Severe acute respiratory syndrome coronavirus 2 isolate SARS-CoV-2/human/ISR/hCov-19-Israel-CVL-n-7427/2020, complete genome	20C	20C		20C	B.1	B.1	0	good	11	0	0	0	0	0	7	0	0	0	89665	1	29903	1	E:1,M:1,N:1,ORF1a:1,ORF1b:1,ORF3a:1,ORF6:1,ORF7a:1,ORF7b:1,ORF8:1,ORF9b:1,S:1	false	C241T,C635T,C1059T,C1300T,C3037T,C6896T,G13771A,C14408T,A20755C,A23403G,G25563T				ORF1a:R124C,ORF1a:T265I,ORF1b:V102I,ORF1b:P314L,ORF1b:S2430R,ORF3a:Q57H,S:D614G				C635T|25I	C1300T,C6896T,G13771A,A20755C	0	1	4	5			ORF1a:R124C,ORF1b:V102I,ORF1b:S2430R	0	0	3	3		NODE_0000826	C635T,C1300T,C6896T,G13771A,A20755C		ORF1a:R124C,ORF1b:V102I,ORF1b:S2430R		NODE_0000764	C635T,C1059T,C1300T,C6896T,G13771A,A20755C,G25563T		ORF1a:R124C,ORF1a:T265I,ORF1b:V102I,ORF1b:S2430R,ORF3a:Q57H		N/A	N/A	N/A	N/A	N/A	N/A	N/A	N/A	N/A	N/A			3000	0	good	0	10	0	good	0	24	0	0	good	8		0	good	0		0		0	0	good		0	0	good	0				
608	MW717675.1 Severe acute respiratory syndrome coronavirus 2 isolate SARS-CoV-2/human/FIN/FIN-25-VE6-H10/2020, complete genome	20A	20A		20A	B.1	B.1	0	good	5	0	0	0	0	0	2	0	0	0	89512	27	29870	0.9980269538173427	E:1,M:1,N:1,ORF1a:1,ORF1b:1,ORF3a:1,ORF6:1,ORF7a:1,ORF7b:1,ORF8:1,ORF9b:1,S:1	false	C241T,C3037T,C14408T,A23403G,T26187C				ORF1b:P314L,S:D614G					T26187C	0	0	1	1				0	0	0	0		NODE_0000764	T26187C				NODE_0000764	T26187C				N/A	N/A	N/A	N/A	N/A	N/A	N/A	N/A	N/A	N/A			3000	0	good	0	10	0	good	0	24	-7	0	good	1		0	good	0		0		0	0	good		0	0	good	0				
609	MW718188.1 Severe acute respiratory syndrome coronavirus 2 isolate SARS-CoV-2/human/Finland/FIN-UH25M-Nasopharynx/2020, complete genome	20A	20A		20A	B.1	B.1	0	good	5	0	0	0	0	0	2	0	0	0	89335	25	29809	0.9960539076346855	E:1,M:1,N:1,ORF1a:1,ORF1b:1,ORF3a:1,ORF6:1,ORF7a:1,ORF7b:1,ORF8:1,ORF9b:1,S:1	false	C241T,C3037T,C14408T,C15324T,A23403G				ORF1b:P314L,S:D614G						0	0	0	0				0	0	0	0		NODE_0000764	C15324T				NODE_0000764	C15324T				N/A	N/A	N/A	N/A	N/A	N/A	N/A	N/A	N/A	N/A			3000	0	good	0	10	0	good	0	24	-8	0	good	0		0	good	0		0		0	0	good		0	0	good	0				
607	MW680950.1 Severe acute respiratory syndrome coronavirus 2 isolate SARS-CoV-2/human/TUN/TUN-2020-4874/2020, complete genome	20E	20E		20E	B.1.177	B.1.177	1.562500	good	15	0	0	0	58	0	6	0	0	19	89573	7	29903	0.9978597465137278	E:1,M:1,N:1,ORF1a:0.995682799363781,ORF1b:1,ORF3a:1,ORF6:1,ORF7a:1,ORF7b:1,ORF8:1,ORF9b:1,S:1	false	C241T,T445C,C3037T,G4006T,C5170T,G11132T,C14408T,G21255C,C22227T,A23403G,C26801G,C28932T,G29645T,A29866C,A29869T				N:A220V,ORF1a:K1247N,ORF1a:A3623S,ORF1b:P314L,S:A222V,S:D614G			T6286C		G4006T,C5170T,G11132T,A29866C,A29869T	1	0	5	6			ORF1a:K1247N,ORF1a:A3623S	0	0	2	2	6787-6844	NODE_0000793	G4006T,C5170T,T6286C,G11132T,A29866C,A29869T		ORF1a:K1247N,ORF1a:A3623S		NODE_0000793	G4006T,C5170T,T6286C,G11132T,A29866C,A29869T		ORF1a:K1247N,ORF1a:A3623S		N/A	N/A	N/A	N/A	N/A	N/A	N/A	N/A	N/A	N/A	ORF1a:2175-2193		3000	0	good	58	10	0	good	0	24	3	12.500000	good	11		0	good	0		0		0	0	good		0	0	good	0				
610	MW718189.1 Severe acute respiratory syndrome coronavirus 2 isolate SARS-CoV-2/human/Finland/FIN-UH25M-Caco2-P1/2020, complete genome	20A	20A		20A	B.1	B.1	0	good	5	0	0	0	0	0	2	0	0	0	89335	25	29809	0.9960539076346855	E:1,M:1,N:1,ORF1a:1,ORF1b:1,ORF3a:1,ORF6:1,ORF7a:1,ORF7b:1,ORF8:1,ORF9b:1,S:1	false	C241T,C3037T,C14408T,C15324T,A23403G				ORF1b:P314L,S:D614G						0	0	0	0				0	0	0	0		NODE_0000764	C15324T				NODE_0000764	C15324T				N/A	N/A	N/A	N/A	N/A	N/A	N/A	N/A	N/A	N/A			3000	0	good	0	10	0	good	0	24	-8	0	good	0		0	good	0		0		0	0	good		0	0	good	0				
612	MW718191.1 Severe acute respiratory syndrome coronavirus 2 isolate SARS-CoV-2/human/Finland/FIN-1-VE6-P1/2020, complete genome	19A	19A		19A	B	B	0	good	1	15	0	0	0	0	1	5	0	0	89299	25	29809	0.9960539076346855	E:1,M:1,N:1,ORF1a:1,ORF1b:1,ORF3a:1,ORF6:1,ORF7a:1,ORF7b:1,ORF8:1,ORF9b:1,S:1	false	C21707T	23585-23599			S:H49Y	S:Q675-,S:T676-,S:Q677-,S:T678-,S:N679-				C21707T	0	0	1	1			S:H49Y	0	0	1	1		NODE_0000000	C21707T	23585-23599	S:H49Y	S:Q675-,S:T676-,S:Q677-,S:T678-,S:N679-	NODE_0000000	C21707T	23585-23599	S:H49Y	S:Q675-,S:T676-,S:Q677-,S:T678-,S:N679-	N/A	N/A	N/A	N/A	N/A	N/A	N/A	N/A	N/A	N/A			3000	0	good	0	10	0	good	0	24	-6	0	good	2		0	good	0		0		0	0	good		0	0	good	0				
611	MW718190.1 Severe acute respiratory syndrome coronavirus 2 isolate SARS-CoV-2/human/Finland/FIN-UH25M-Caco2-P3/2020, complete genome	20A	20A		20A	B.1	B.1	0	good	5	0	0	0	0	0	2	0	0	0	89335	25	29809	0.9960539076346855	E:1,M:1,N:1,ORF1a:1,ORF1b:1,ORF3a:1,ORF6:1,ORF7a:1,ORF7b:1,ORF8:1,ORF9b:1,S:1	false	C241T,C3037T,C14408T,C15324T,A23403G				ORF1b:P314L,S:D614G						0	0	0	0				0	0	0	0		NODE_0000764	C15324T				NODE_0000764	C15324T				N/A	N/A	N/A	N/A	N/A	N/A	N/A	N/A	N/A	N/A			3000	0	good	0	10	0	good	0	24	-8	0	good	0		0	good	0		0		0	0	good		0	0	good	0				
613	MW718192.1 Severe acute respiratory syndrome coronavirus 2 isolate SARS-CoV-2/human/Finland/FIN-1-VE6-P2/2020, complete genome	19A	19A		19A	B	B	0	good	1	15	0	0	0	0	1	5	0	0	89299	25	29809	0.9960539076346855	E:1,M:1,N:1,ORF1a:1,ORF1b:1,ORF3a:1,ORF6:1,ORF7a:1,ORF7b:1,ORF8:1,ORF9b:1,S:1	false	C21707T	23585-23599			S:H49Y	S:Q675-,S:T676-,S:Q677-,S:T678-,S:N679-				C21707T	0	0	1	1			S:H49Y	0	0	1	1		NODE_0000000	C21707T	23585-23599	S:H49Y	S:Q675-,S:T676-,S:Q677-,S:T678-,S:N679-	NODE_0000000	C21707T	23585-23599	S:H49Y	S:Q675-,S:T676-,S:Q677-,S:T678-,S:N679-	N/A	N/A	N/A	N/A	N/A	N/A	N/A	N/A	N/A	N/A			3000	0	good	0	10	0	good	0	24	-6	0	good	2		0	good	0		0		0	0	good		0	0	good	0				
614	MW718193.1 Severe acute respiratory syndrome coronavirus 2 isolate SARS-CoV-2/human/Finland/FIN-1-VE6-P3/2020, complete genome	19A	19A		19A	B	B	0	good	1	15	0	0	0	0	1	5	0	0	89299	25	29809	0.9960539076346855	E:1,M:1,N:1,ORF1a:1,ORF1b:1,ORF3a:1,ORF6:1,ORF7a:1,ORF7b:1,ORF8:1,ORF9b:1,S:1	false	C21707T	23585-23599			S:H49Y	S:Q675-,S:T676-,S:Q677-,S:T678-,S:N679-				C21707T	0	0	1	1			S:H49Y	0	0	1	1		NODE_0000000	C21707T	23585-23599	S:H49Y	S:Q675-,S:T676-,S:Q677-,S:T678-,S:N679-	NODE_0000000	C21707T	23585-23599	S:H49Y	S:Q675-,S:T676-,S:Q677-,S:T678-,S:N679-	N/A	N/A	N/A	N/A	N/A	N/A	N/A	N/A	N/A	N/A			3000	0	good	0	10	0	good	0	24	-6	0	good	2		0	good	0		0		0	0	good		0	0	good	0				
615	MW718194.1 Severe acute respiratory syndrome coronavirus 2 isolate SARS-CoV-2/human/Finland/FIN-1-VE6-P4/2020, complete genome	19A	19A		19A	B	B	0	good	1	15	0	0	0	0	1	5	0	0	89299	25	29809	0.9960539076346855	E:1,M:1,N:1,ORF1a:1,ORF1b:1,ORF3a:1,ORF6:1,ORF7a:1,ORF7b:1,ORF8:1,ORF9b:1,S:1	false	C21707T	23585-23599			S:H49Y	S:Q675-,S:T676-,S:Q677-,S:T678-,S:N679-				C21707T	0	0	1	1			S:H49Y	0	0	1	1		NODE_0000000	C21707T	23585-23599	S:H49Y	S:Q675-,S:T676-,S:Q677-,S:T678-,S:N679-	NODE_0000000	C21707T	23585-23599	S:H49Y	S:Q675-,S:T676-,S:Q677-,S:T678-,S:N679-	N/A	N/A	N/A	N/A	N/A	N/A	N/A	N/A	N/A	N/A			3000	0	good	0	10	0	good	0	24	-6	0	good	2		0	good	0		0		0	0	good		0	0	good	0				
617	MW751130.1 Severe acute respiratory syndrome coronavirus 2 isolate SARS-CoV-2/human/KEN/C253/2020, complete genome	20A	20A		20A	B.1	B.1	0	good	5	0	0	0	0	0	3	0	0	0	89326	55	29836	0.9959535832525165	E:1,M:1,N:1,ORF1a:1,ORF1b:1,ORF3a:1,ORF6:1,ORF7a:1,ORF7b:1,ORF8:1,ORF9b:1,S:1	false	C241T,C3037T,C14408T,G17523T,A23403G				ORF1b:P314L,ORF1b:M1352I,S:D614G				G17523T|21B		0	1	0	1			ORF1b:M1352I	0	0	1	1		NODE_0000764	G17523T		ORF1b:M1352I		NODE_0000764	G17523T		ORF1b:M1352I		N/A	N/A	N/A	N/A	N/A	N/A	N/A	N/A	N/A	N/A			3000	0	good	0	10	0	good	0	24	-4	0	good	4		0	good	0		0		0	0	good		0	0	good	0				
622	MW751157.1 Severe acute respiratory syndrome coronavirus 2 isolate SARS-CoV-2/human/KEN/C787/2020, complete genome	20A	20A		20A	B.1	B.1	0	good	4	0	0	0	0	0	2	0	0	0	89330	55	29836	0.9959535832525165	E:1,M:1,N:1,ORF1a:1,ORF1b:1,ORF3a:1,ORF6:1,ORF7a:1,ORF7b:1,ORF8:1,ORF9b:1,S:1	false	C241T,C3037T,C14408T,A23403G				ORF1b:P314L,S:D614G						0	0	0	0				0	0	0	0		NODE_0000764					NODE_0000764					N/A	N/A	N/A	N/A	N/A	N/A	N/A	N/A	N/A	N/A			3000	0	good	0	10	0	good	0	24	-8	0	good	0		0	good	0		0		0	0	good		0	0	good	0				
620	MW751149.1 Severe acute respiratory syndrome coronavirus 2 isolate SARS-CoV-2/human/KEN/C656/2020, complete genome	20A	20A		20A	B.1	B.1	0	good	4	0	0	0	2	0	2	0	0	2	89328	55	29836	0.9958867003310704	E:1,M:1,N:1,ORF1a:0.9997727789138832,ORF1b:1,ORF3a:1,ORF6:1,ORF7a:1,ORF7b:1,ORF8:1,ORF9b:1,S:0.9992150706436421	false	C3037T,C14408T,A23403G,G29742A				ORF1b:P314L,S:D614G			T241C		G29742A	1	0	1	2				0	0	0	0	11083,23144	NODE_0000764	T241C,G29742A				NODE_0000764	T241C,G29742A				N/A	N/A	N/A	N/A	N/A	N/A	N/A	N/A	N/A	N/A	ORF1a:3606,S:528		3000	0	good	2	10	0	good	0	24	-1	0	good	7		0	good	0		0		0	0	good		0	0	good	0				
618	MW751133.1 Severe acute respiratory syndrome coronavirus 2 isolate SARS-CoV-2/human/KEN/C314/2020, complete genome	19B	19B		19B	A	A	0	good	7	0	0	0	0	0	5	0	0	0	89318	55	29836	0.9959535832525165	E:1,M:1,N:1,ORF1a:1,ORF1b:1,ORF3a:1,ORF6:1,ORF7a:1,ORF7b:1,ORF8:1,ORF9b:1,S:1	false	C8782T,G11230T,C12213T,T28144C,G28167A,G28878A,G29742A				N:S202N,ORF1a:M3655I,ORF1a:S3983F,ORF8:L84S,ORF8:E92K					C12213T	0	0	1	1			ORF1a:S3983F	0	0	1	1		internal_b384	G11230T,C12213T,G28167A,G28878A,G29742A		N:S202N,ORF1a:M3655I,ORF1a:S3983F,ORF8:E92K		internal_b384	G11230T,C12213T,G28167A,G28878A,G29742A		N:S202N,ORF1a:M3655I,ORF1a:S3983F,ORF8:E92K		N/A	N/A	N/A	N/A	N/A	N/A	N/A	N/A	N/A	N/A			3000	0	good	0	10	0	good	0	24	-7	0	good	1		0	good	0		0		0	0	good		0	0	good	0				
624	MW751170.1 Severe acute respiratory syndrome coronavirus 2 isolate SARS-CoV-2/human/KEN/C1751/2020, complete genome	20A	20A		20A	B.1	B.1	0	good	4	0	0	0	0	0	2	0	0	0	89330	55	29836	0.9959535832525165	E:1,M:1,N:1,ORF1a:1,ORF1b:1,ORF3a:1,ORF6:1,ORF7a:1,ORF7b:1,ORF8:1,ORF9b:1,S:1	false	C241T,C3037T,C14408T,A23403G				ORF1b:P314L,S:D614G						0	0	0	0				0	0	0	0		NODE_0000764					NODE_0000764					N/A	N/A	N/A	N/A	N/A	N/A	N/A	N/A	N/A	N/A			3000	0	good	0	10	0	good	0	24	-8	0	good	0		0	good	0		0		0	0	good		0	0	good	0				
621	MW751154.1 Severe acute respiratory syndrome coronavirus 2 isolate SARS-CoV-2/human/KEN/C713/2020, complete genome	20A	20A		20A	B.1	B.1	0	good	5	0	0	0	0	0	3	0	0	0	89326	55	29836	0.9959535832525165	E:1,M:1,N:1,ORF1a:1,ORF1b:1,ORF3a:1,ORF6:1,ORF7a:1,ORF7b:1,ORF8:1,ORF9b:1,S:1	false	C241T,C3037T,G9652T,C14408T,A23403G				ORF1a:M3129I,ORF1b:P314L,S:D614G					G9652T	0	0	1	1			ORF1a:M3129I	0	0	1	1		NODE_0000764	G9652T		ORF1a:M3129I		NODE_0000764	G9652T		ORF1a:M3129I		N/A	N/A	N/A	N/A	N/A	N/A	N/A	N/A	N/A	N/A			3000	0	good	0	10	0	good	0	24	-7	0	good	1		0	good	0		0		0	0	good		0	0	good	0				
619	MW751146.1 Severe acute respiratory syndrome coronavirus 2 isolate SARS-CoV-2/human/KEN/C571/2020, complete genome	19B	19B		19B	A	A	0	good	6	0	0	0	0	0	5	0	0	0	89322	55	29836	0.9959535832525165	E:1,M:1,N:1,ORF1a:1,ORF1b:1,ORF3a:1,ORF6:1,ORF7a:1,ORF7b:1,ORF8:1,ORF9b:1,S:1	false	C8782T,G11230T,C12213T,T28144C,G28167A,G28878A				N:S202N,ORF1a:M3655I,ORF1a:S3983F,ORF8:L84S,ORF8:E92K			A29742G		C12213T	1	0	1	2			ORF1a:S3983F	0	0	1	1		internal_b384	G11230T,C12213T,G28167A,G28878A		N:S202N,ORF1a:M3655I,ORF1a:S3983F,ORF8:E92K		internal_b384	G11230T,C12213T,G28167A,G28878A		N:S202N,ORF1a:M3655I,ORF1a:S3983F,ORF8:E92K		N/A	N/A	N/A	N/A	N/A	N/A	N/A	N/A	N/A	N/A			3000	0	good	0	10	0	good	0	24	-1	0	good	7		0	good	0		0		0	0	good		0	0	good	0				
623	MW751165.1 Severe acute respiratory syndrome coronavirus 2 isolate SARS-CoV-2/human/KEN/C1216/2020, complete genome	20A	20A		20A	B.1	B.1	0	good	5	0	0	0	2	0	3	0	0	1	89324	55	29836	0.9958867003310704	E:1,M:1,N:1,ORF1a:1,ORF1b:0.9996290801186943,ORF3a:1,ORF6:1,ORF7a:1,ORF7b:1,ORF8:1,ORF9b:1,S:1	false	C241T,C3037T,C3990T,C14408T,A23403G				ORF1a:T1242I,ORF1b:P314L,S:D614G					C3990T	0	0	1	1			ORF1a:T1242I	0	0	1	1	19329,19477	NODE_0000764	C3990T		ORF1a:T1242I		NODE_0000764	C3990T		ORF1a:T1242I		N/A	N/A	N/A	N/A	N/A	N/A	N/A	N/A	N/A	N/A	ORF1b:2004		3000	0	good	2	10	0	good	0	24	-7	0	good	1		0	good	0		0		0	0	good		0	0	good	0				
626	MZ040125.1 Severe acute respiratory syndrome coronavirus 2 isolate SARS-CoV-2/human/GMB/GC19-023/2020, complete genome	20B	20B		20B	B.1.1.326	B.1.1.326	0	good	9	0	0	0	0	0	6	0	0	0	89310	55	29836	0.9959535832525165	E:1,M:1,N:1,ORF1a:1,ORF1b:1,ORF3a:1,ORF6:1,ORF7a:1,ORF7b:1,ORF8:1,ORF9b:1,S:1	false	C241T,C3037T,C6573T,C14408T,A23403G,C25528T,G28881A,G28882A,G28883C				N:R203K,N:G204R,ORF1a:S2103F,ORF1b:P314L,ORF3a:L46F,S:D614G			A4354G			1	0	0	1				0	0	0	0		NODE_0000922	C6573T,C25528T		ORF1a:S2103F,ORF3a:L46F		B.1.1.326	A4354G				N/A	N/A	N/A	N/A	N/A	N/A	N/A	N/A	N/A	N/A			3000	0	good	0	10	0	good	0	24	-2	0	good	6		0	good	0		0		0	0	good		0	0	good	0				
616	MW737421.1 Severe acute respiratory syndrome coronavirus 2 isolate SARS-CoV-2/human/IRN/Ir-3/2019, complete genome	19A	19A		19A	B	B	336.111111	bad	45	0	0	0	0	0	39	0	0	0	89268	39	29854	0.9970905929170987	E:1,M:1,N:1,ORF1a:1,ORF1b:1,ORF3a:1,ORF6:1,ORF7a:1,ORF7b:1,ORF8:1,ORF9b:1,S:1	false	G1304C,G1306A,T4200A,T5159A,G5324C,G5354C,T6172C,G6212C,T6462C,A6575C,G6617C,A6639C,A6687C,A7479G,T7494C,A10829T,G11083T,G11087A,T11112G,T11172C,A11841T,G12062A,G12378C,G12464C,G12467C,C13517T,G14354C,C14805T,A16925C,A16965C,T17247C,A18978C,G19006T,G19078C,T19353A,A19413T,G19780C,A23539T,A24879C,T24948A,A26014C,G26140A,A26141C,G27990T,C28887T				N:T205I,ORF1a:E347Q,ORF1a:M1312K,ORF1a:F1632I,ORF1a:E1687Q,ORF1a:D1697H,ORF1a:A1983P,ORF1a:V2066A,ORF1a:S2104R,ORF1a:G2118R,ORF1a:H2125P,ORF1a:Y2141S,ORF1a:N2405S,ORF1a:M2410T,ORF1a:I3522F,ORF1a:L3606F,ORF1a:E3608K,ORF1a:M3616R,ORF1a:L3636P,ORF1a:Q3859L,ORF1a:E3933K,ORF1a:R4038T,ORF1a:A4067P,ORF1a:A4068P,ORF1b:T17I,ORF1b:R296T,ORF1b:H1153P,ORF1b:Q1166H,ORF1b:Q1837H,ORF1b:A1847S,ORF1b:E1871Q,ORF1b:N1962K,ORF1b:Q1982H,ORF1b:A2105P,ORF3a:T208P,ORF3a:D250T,ORF8:V33F,S:Q1106P,S:V1129E			T26144G	C28887T|21C&20H&21H&21D	G1304C,G1306A,T4200A,T5159A,G5324C,G5354C,T6172C,G6212C,T6462C,A6575C,G6617C,A6639C,A6687C,A7479G,T7494C,A10829T,G11087A,T11112G,T11172C,A11841T,G12062A,G12378C,G12464C,G12467C,C13517T,G14354C,A16925C,A16965C,T17247C,A18978C,G19006T,G19078C,T19353A,A19413T,G19780C,A23539T,A24879C,T24948A,A26014C,G26140A,A26141C,G27990T	1	1	42	44	ORF3a:V251G		N:T205I,ORF1a:E347Q,ORF1a:M1312K,ORF1a:F1632I,ORF1a:E1687Q,ORF1a:D1697H,ORF1a:A1983P,ORF1a:V2066A,ORF1a:S2104R,ORF1a:G2118R,ORF1a:H2125P,ORF1a:Y2141S,ORF1a:N2405S,ORF1a:M2410T,ORF1a:I3522F,ORF1a:E3608K,ORF1a:M3616R,ORF1a:L3636P,ORF1a:Q3859L,ORF1a:E3933K,ORF1a:R4038T,ORF1a:A4067P,ORF1a:A4068P,ORF1b:T17I,ORF1b:R296T,ORF1b:H1153P,ORF1b:Q1166H,ORF1b:Q1837H,ORF1b:A1847S,ORF1b:E1871Q,ORF1b:N1962K,ORF1b:Q1982H,ORF1b:A2105P,ORF3a:T208P,ORF3a:D250T,ORF8:V33F,S:Q1106P,S:V1129E	1	0	38	39		NODE_0000000	G1304C,G1306A,T4200A,T5159A,G5324C,G5354C,T6172C,G6212C,T6462C,A6575C,G6617C,A6639C,A6687C,A7479G,T7494C,A10829T,G11083T,G11087A,T11112G,T11172C,A11841T,G12062A,G12378C,G12464C,G12467C,C13517T,G14354C,C14805T,A16925C,A16965C,T17247C,A18978C,G19006T,G19078C,T19353A,A19413T,G19780C,A23539T,A24879C,T24948A,A26014C,G26140A,A26141C,G27990T,C28887T		N:T205I,ORF1a:E347Q,ORF1a:M1312K,ORF1a:F1632I,ORF1a:E1687Q,ORF1a:D1697H,ORF1a:A1983P,ORF1a:V2066A,ORF1a:S2104R,ORF1a:G2118R,ORF1a:H2125P,ORF1a:Y2141S,ORF1a:N2405S,ORF1a:M2410T,ORF1a:I3522F,ORF1a:L3606F,ORF1a:E3608K,ORF1a:M3616R,ORF1a:L3636P,ORF1a:Q3859L,ORF1a:E3933K,ORF1a:R4038T,ORF1a:A4067P,ORF1a:A4068P,ORF1b:T17I,ORF1b:R296T,ORF1b:H1153P,ORF1b:Q1166H,ORF1b:Q1837H,ORF1b:A1847S,ORF1b:E1871Q,ORF1b:N1962K,ORF1b:Q1982H,ORF1b:A2105P,ORF3a:T208P,ORF3a:D250T,ORF8:V33F,S:Q1106P,S:V1129E		NODE_0000000	G1304C,G1306A,T4200A,T5159A,G5324C,G5354C,T6172C,G6212C,T6462C,A6575C,G6617C,A6639C,A6687C,A7479G,T7494C,A10829T,G11083T,G11087A,T11112G,T11172C,A11841T,G12062A,G12378C,G12464C,G12467C,C13517T,G14354C,C14805T,A16925C,A16965C,T17247C,A18978C,G19006T,G19078C,T19353A,A19413T,G19780C,A23539T,A24879C,T24948A,A26014C,G26140A,A26141C,G27990T,C28887T		N:T205I,ORF1a:E347Q,ORF1a:M1312K,ORF1a:F1632I,ORF1a:E1687Q,ORF1a:D1697H,ORF1a:A1983P,ORF1a:V2066A,ORF1a:S2104R,ORF1a:G2118R,ORF1a:H2125P,ORF1a:Y2141S,ORF1a:N2405S,ORF1a:M2410T,ORF1a:I3522F,ORF1a:L3606F,ORF1a:E3608K,ORF1a:M3616R,ORF1a:L3636P,ORF1a:Q3859L,ORF1a:E3933K,ORF1a:R4038T,ORF1a:A4067P,ORF1a:A4068P,ORF1b:T17I,ORF1b:R296T,ORF1b:H1153P,ORF1b:Q1166H,ORF1b:Q1837H,ORF1b:A1847S,ORF1b:E1871Q,ORF1b:N1962K,ORF1b:Q1982H,ORF1b:A2105P,ORF3a:T208P,ORF3a:D250T,ORF8:V33F,S:Q1106P,S:V1129E		N/A	N/A	N/A	N/A	N/A	N/A	N/A	N/A	N/A	N/A			3000	0	good	0	10	0	good	0	24	44	183.333333	bad	52		0	good	0		0		0	0	good		0	0	good	0				
629	MZ040128.1 Severe acute respiratory syndrome coronavirus 2 isolate SARS-CoV-2/human/GMB/GC19-015/2020, complete genome	20B	20B		20B	B.1.1.326	B.1.1.326	0	good	9	0	0	0	0	0	6	0	0	0	89310	55	29836	0.9959535832525165	E:1,M:1,N:1,ORF1a:1,ORF1b:1,ORF3a:1,ORF6:1,ORF7a:1,ORF7b:1,ORF8:1,ORF9b:1,S:1	false	C241T,C3037T,C6573T,C14408T,A23403G,C25528T,G28881A,G28882A,G28883C				N:R203K,N:G204R,ORF1a:S2103F,ORF1b:P314L,ORF3a:L46F,S:D614G			A4354G			1	0	0	1				0	0	0	0		NODE_0000922	C6573T,C25528T		ORF1a:S2103F,ORF3a:L46F		B.1.1.326	A4354G				N/A	N/A	N/A	N/A	N/A	N/A	N/A	N/A	N/A	N/A			3000	0	good	0	10	0	good	0	24	-2	0	good	6		0	good	0		0		0	0	good		0	0	good	0				
627	MZ040126.1 Severe acute respiratory syndrome coronavirus 2 isolate SARS-CoV-2/human/GMB/GC19-027/2020, complete genome	20B	20B		20B	B.1.1.326	B.1.1.326	0	good	9	0	0	0	0	0	6	0	0	0	89310	55	29836	0.9959535832525165	E:1,M:1,N:1,ORF1a:1,ORF1b:1,ORF3a:1,ORF6:1,ORF7a:1,ORF7b:1,ORF8:1,ORF9b:1,S:1	false	C241T,C3037T,C6573T,C14408T,A23403G,C25528T,G28881A,G28882A,G28883C				N:R203K,N:G204R,ORF1a:S2103F,ORF1b:P314L,ORF3a:L46F,S:D614G			A4354G			1	0	0	1				0	0	0	0		NODE_0000922	C6573T,C25528T		ORF1a:S2103F,ORF3a:L46F		B.1.1.326	A4354G				N/A	N/A	N/A	N/A	N/A	N/A	N/A	N/A	N/A	N/A			3000	0	good	0	10	0	good	0	24	-2	0	good	6		0	good	0		0		0	0	good		0	0	good	0				
628	MZ040127.1 Severe acute respiratory syndrome coronavirus 2 isolate SARS-CoV-2/human/GMB/GC19-052/2020, complete genome	20B	20B		20B	B.1.1.326	B.1.1.326	0	good	9	0	0	0	0	0	6	0	0	0	89310	55	29836	0.9959535832525165	E:1,M:1,N:1,ORF1a:1,ORF1b:1,ORF3a:1,ORF6:1,ORF7a:1,ORF7b:1,ORF8:1,ORF9b:1,S:1	false	C241T,C3037T,C6573T,C14408T,A23403G,C25528T,G28881A,G28882A,G28883C				N:R203K,N:G204R,ORF1a:S2103F,ORF1b:P314L,ORF3a:L46F,S:D614G			A4354G			1	0	0	1				0	0	0	0		NODE_0000922	C6573T,C25528T		ORF1a:S2103F,ORF3a:L46F		B.1.1.326	A4354G				N/A	N/A	N/A	N/A	N/A	N/A	N/A	N/A	N/A	N/A			3000	0	good	0	10	0	good	0	24	-2	0	good	6		0	good	0		0		0	0	good		0	0	good	0				
630	MZ040129.1 Severe acute respiratory syndrome coronavirus 2 isolate SARS-CoV-2/human/GMB/GC19-026/2020, complete genome	19A	19A		19A	B.6	B.6	0	good	5	0	0	0	0	0	5	0	0	0	89326	55	29836	0.9959535832525165	E:1,M:1,N:1,ORF1a:1,ORF1b:1,ORF3a:1,ORF6:1,ORF7a:1,ORF7b:1,ORF8:1,ORF9b:1,S:1	false	C6312A,G11083T,C13730T,C23929T,C28311T				N:P13L,ORF1a:T2016K,ORF1a:L3606F,ORF1b:A88V,ORF9b:P10S						0	0	0	0				0	0	0	0		NODE_0000000	C6312A,G11083T,C13730T,C23929T,C28311T		N:P13L,ORF1a:T2016K,ORF1a:L3606F,ORF1b:A88V,ORF9b:P10S		NODE_0000755					N/A	N/A	N/A	N/A	N/A	N/A	N/A	N/A	N/A	N/A			3000	0	good	0	10	0	good	0	24	-8	0	good	0		0	good	0		0		0	0	good		0	0	good	0				
631	MZ040130.1 Severe acute respiratory syndrome coronavirus 2 isolate SARS-CoV-2/human/GMB/GC19-029/2020, complete genome	20A	20A		20A	B.1	B.1	0	good	7	0	0	0	0	0	4	0	0	0	89318	55	29836	0.9959535832525165	E:1,M:1,N:1,ORF1a:1,ORF1b:1,ORF3a:1,ORF6:1,ORF7a:1,ORF7b:1,ORF8:1,ORF9b:1,S:1	false	C241T,C2416T,C3037T,G8371T,C14408T,A23403G,G25563T				ORF1a:Q2702H,ORF1b:P314L,ORF3a:Q57H,S:D614G					G8371T	0	0	1	1			ORF1a:Q2702H	0	0	1	1		NODE_0000764	C2416T,G8371T,G25563T		ORF1a:Q2702H,ORF3a:Q57H		NODE_0000764	C2416T,G8371T,G25563T		ORF1a:Q2702H,ORF3a:Q57H		N/A	N/A	N/A	N/A	N/A	N/A	N/A	N/A	N/A	N/A			3000	0	good	0	10	0	good	0	24	-7	0	good	1		0	good	0		0		0	0	good		0	0	good	0				
635	BS000685.1 Severe acute respiratory syndrome coronavirus 2 hCoV-19/Japan/Donner1/2020 RNA, complete genome	20B	20B		20B	B.1.1	B.1.1	1	good	9	0	0	0	0	1	4	0	0	1	89310	55	29836	0.9959201417917934	E:1,M:1,N:1,ORF1a:1,ORF1b:1,ORF3a:1,ORF6:1,ORF7a:0.9918032786885246,ORF7b:1,ORF8:1,ORF9b:1,S:1	false	C241T,C313T,C3037T,C14408T,C21742T,A23403G,G28881A,G28882A,G28883C				N:R203K,N:G204R,ORF1b:P314L,S:D614G					C21742T	0	0	1	1				0	0	0	0		NODE_0000922	C313T,C21742T				NODE_0000922	C313T,C21742T				N/A	N/A	N/A	N/A	N/A	N/A	N/A	N/A	N/A	N/A	ORF7a:113	W:27730	3000	0	good	0	10	10	good	1	24	-7	0	good	1		0	good	0		0		0	0	good		0	0	good	0				
632	MZ044345.1 Severe acute respiratory syndrome coronavirus 2 isolate SARS-CoV-2/human/RUS/-41/2020, complete genome	20B	20B		20B	B.1.1	B.1.1	0	good	10	0	0	0	0	0	4	0	0	0	89489	8	29850	0.9979935123566197	E:1,M:1,N:1,ORF1a:1,ORF1b:1,ORF3a:1,ORF6:1,ORF7a:1,ORF7b:1,ORF8:1,ORF9b:1,S:1	false	G8C,T10C,A12T,C241T,C3037T,C14408T,A23403G,G28881A,G28882A,G28883C				N:R203K,N:G204R,ORF1b:P314L,S:D614G					G8C,T10C,A12T	0	0	3	3				0	0	0	0		NODE_0000922	G8C,T10C,A12T				NODE_0000922	G8C,T10C,A12T				N/A	N/A	N/A	N/A	N/A	N/A	N/A	N/A	N/A	N/A			3000	0	good	0	10	0	good	0	24	-5	0	good	3		0	good	0		0		0	0	good		0	0	good	0				
633	MZ047312.1 Severe acute respiratory syndrome coronavirus 2 isolate SARS-CoV-2/human/RUS/-42/2020, complete genome	20B	20B		20B	B.1.1	B.1.1	0	good	13	1	0	0	0	0	5	0	0	0	89486	13	29861	0.9981941611209577	E:1,M:1,N:1,ORF1a:1,ORF1b:1,ORF3a:1,ORF6:1,ORF7a:1,ORF7b:1,ORF8:1,ORF9b:1,S:1	false	C241T,C3037T,C8106T,C14408T,A23403G,G28881A,G28882A,G28883C,C29854A,T29856C,C29857G,T29858G,T29859A	29851			N:R203K,N:G204R,ORF1a:A2614V,ORF1b:P314L,S:D614G					C8106T,C29854A,T29856C,C29857G,T29858G,T29859A	0	0	6	6			ORF1a:A2614V	0	0	1	1		NODE_0000922	C8106T,C29854A,T29856C,C29857G,T29858G,T29859A	29851	ORF1a:A2614V		NODE_0000922	C8106T,C29854A,T29856C,C29857G,T29858G,T29859A	29851	ORF1a:A2614V		N/A	N/A	N/A	N/A	N/A	N/A	N/A	N/A	N/A	N/A			3000	0	good	0	10	0	good	0	24	-1	0	good	7		0	good	0		0		0	0	good		0	0	good	0				
634	MZ266377.1 Severe acute respiratory syndrome coronavirus 2 isolate SARS-CoV-2/human/HKG/HKPU-00028/2020, complete genome	19A	19A		19A	B	B	0	good	2	0	0	0	2	0	1	0	0	2	89336	55	29836	0.9958867003310704	E:1,M:1,N:1,ORF1a:0.9995455578277664,ORF1b:1,ORF3a:1,ORF6:1,ORF7a:1,ORF7b:1,ORF8:1,ORF9b:1,S:1	false	T13929C,G26144T				ORF3a:G251V					T13929C,G26144T	0	0	2	2			ORF3a:G251V	0	0	1	1	6255,11074	NODE_0000000	T13929C,G26144T		ORF3a:G251V		NODE_0000000	T13929C,G26144T		ORF3a:G251V		N/A	N/A	N/A	N/A	N/A	N/A	N/A	N/A	N/A	N/A	ORF1a:1997,ORF1a:3603		3000	0	good	2	10	0	good	0	24	-6	0	good	2		0	good	0		0		0	0	good		0	0	good	0				
625	MW751183.1 Severe acute respiratory syndrome coronavirus 2 isolate SARS-CoV-2/human/KEN/C2685/2020, complete genome	20A	20A		20A	B.1	B.1	0	good	6	0	0	0	53	0	4	0	0	35	89269	55	29836	0.9941811858341972	E:1,M:1,N:1,ORF1a:1,ORF1b:0.9870178041543026,ORF3a:1,ORF6:1,ORF7a:1,ORF7b:1,ORF8:1,ORF9b:1,S:1	false	C241T,C3037T,C14408T,C20178T,A23403G,G28307T				N:A12S,ORF1b:P314L,ORF9b:M8I,S:D614G				C20178T|25C	G28307T	0	1	1	2			N:A12S,ORF9b:M8I	0	0	2	2	20233-20236,20249,20257-20259,20263,20267-20270,20316,20326,20332,20342,20346,20353,20355,20359,20361,20364-20365,20369,20377,20380-20381,20384-20386,20391,20397,20402,20406-20407,20413,20421,20428,20430,20433-20437,20458,20466,20471,20486-20490	NODE_0000764	C20178T,G28307T		N:A12S,ORF9b:M8I		NODE_0000764	C20178T,G28307T		N:A12S,ORF9b:M8I		N/A	N/A	N/A	N/A	N/A	N/A	N/A	N/A	N/A	N/A	ORF1b:2256-2257,ORF1b:2261,ORF1b:2264,ORF1b:2266-2268,ORF1b:2283,ORF1b:2287,ORF1b:2289,ORF1b:2292-2293,ORF1b:2296,ORF1b:2298-2301,ORF1b:2304-2307,ORF1b:2310,ORF1b:2312,ORF1b:2314,ORF1b:2316,ORF1b:2318,ORF1b:2321-2324,ORF1b:2331,ORF1b:2333,ORF1b:2335,ORF1b:2340-2341		3000	0	good	53	10	0	good	0	24	-3	0	good	5		0	good	0		0		0	0	good		0	0	good	0				
636	BS000686.1 Severe acute respiratory syndrome coronavirus 2 hCoV-19/Japan/Donner2/2020 RNA, complete genome	20B	20B		20B	B.1.1	B.1.1	0	good	10	0	0	0	1	0	5	0	0	0	89305	55	29836	0.9959201417917934	E:1,M:1,N:1,ORF1a:1,ORF1b:1,ORF3a:1,ORF6:1,ORF7a:1,ORF7b:1,ORF8:1,ORF9b:1,S:1	false	C241T,C313T,C823T,C3037T,C14408T,G23401T,A23403G,G28881A,G28882A,G28883C				N:R203K,N:G204R,ORF1b:P314L,S:Q613H,S:D614G				C823T|25B	G23401T	0	1	1	2			S:Q613H	0	0	1	1	29788	NODE_0000922	C313T,C823T,G23401T		S:Q613H		NODE_0000922	C313T,C823T,G23401T		S:Q613H		N/A	N/A	N/A	N/A	N/A	N/A	N/A	N/A	N/A	N/A			3000	0	good	1	10	0	good	0	24	-3	0	good	5		0	good	0		0		0	0	good		0	0	good	0				
638	BS000705.1 Severe acute respiratory syndrome coronavirus 2 hCoV-19/Japan/Donner25/2020 RNA, nearly complete genome	20B	20B		20B	B.1.1	B.1.1	0	good	10	0	0	0	218	0	5	0	0	73	89088	55	29836	0.9886633448149015	E:1,M:1,N:1,ORF1a:1,ORF1b:1,ORF3a:1,ORF6:1,ORF7a:1,ORF7b:1,ORF8:1,ORF9b:1,S:0.9427001569858713	false	C241T,C313T,C823T,C3037T,C14408T,G20134T,A23403G,G28881A,G28882A,G28883C				N:R203K,N:G204R,ORF1b:P314L,ORF1b:V2223L,S:D614G				C823T|25B	G20134T	0	1	1	2			ORF1b:V2223L	0	0	1	1	22325-22542	NODE_0000922	C313T,C823T,G20134T		ORF1b:V2223L		NODE_0000922	C313T,C823T,G20134T		ORF1b:V2223L		N/A	N/A	N/A	N/A	N/A	N/A	N/A	N/A	N/A	N/A	S:255-327		3000	0	good	218	10	0	good	0	24	-3	0	good	5		0	good	0		0		0	0	good		0	0	good	0				
639	BS000707.1 Severe acute respiratory syndrome coronavirus 2 hCoV-19/Japan/Donner27/2020 RNA, complete genome	20B	20B		20B	B.1.1	B.1.1	0	good	10	0	0	0	0	0	6	0	0	0	89306	55	29836	0.9959535832525165	E:1,M:1,N:1,ORF1a:1,ORF1b:1,ORF3a:1,ORF6:1,ORF7a:1,ORF7b:1,ORF8:1,ORF9b:1,S:1	false	C241T,C313T,T606C,C3037T,C14408T,A23403G,C23634T,G28881A,G28882A,G28883C				N:R203K,N:G204R,ORF1a:I114T,ORF1b:P314L,S:D614G,S:S691F					T606C,C23634T	0	0	2	2			ORF1a:I114T,S:S691F	0	0	2	2		NODE_0000922	C313T,T606C,C23634T		ORF1a:I114T,S:S691F		NODE_0000922	C313T,T606C,C23634T		ORF1a:I114T,S:S691F		N/A	N/A	N/A	N/A	N/A	N/A	N/A	N/A	N/A	N/A			3000	0	good	0	10	0	good	0	24	-6	0	good	2		0	good	0		0		0	0	good		0	0	good	0				
637	BS000697.1 Severe acute respiratory syndrome coronavirus 2 hCoV-19/Japan/Donner17/2020 RNA, nearly complete genome	19A	19A		19A	B	B	1	good	7	3	0	0	18	1	3	1	0	8	89284	55	29836	0.9953181954987794	E:1,M:1,N:1,ORF1a:0.9997727789138832,ORF1b:1,ORF3a:1,ORF6:1,ORF7a:1,ORF7b:1,ORF8:1,ORF9b:1,S:0.9945054945054945	false	G11272T,C11752T,A16804G,C25587T,C25665T,C26447T,T28912C	27700-27702			E:S68F,ORF1a:M3669I,ORF1b:N1113D	ORF7a:I103-				G11272T,C11752T,A16804G,C25587T,C25665T,C26447T,T28912C	0	0	7	7			E:S68F,ORF1a:M3669I,ORF1b:N1113D	0	0	3	3	21982-21993,22289-22294	NODE_0000000	G11272T,C11752T,A16804G,C25587T,C25665T,C26447T,T28912C	27700-27702	E:S68F,ORF1a:M3669I,ORF1b:N1113D	ORF7a:I103-	NODE_0000000	G11272T,C11752T,A16804G,C25587T,C25665T,C26447T,T28912C	27700-27702	E:S68F,ORF1a:M3669I,ORF1b:N1113D	ORF7a:I103-	N/A	N/A	N/A	N/A	N/A	N/A	N/A	N/A	N/A	N/A	ORF1a:584,S:140-144,S:243-244	R:2015	3000	0	good	18	10	10	good	1	24	0	0	good	8		0	good	0		0		0	0	good		0	0	good	0				
640	BS000711.1 Severe acute respiratory syndrome coronavirus 2 hCoV-19/Japan/Donner31/2020 RNA, complete genome	20B	20B		20B	B.1.1	B.1.1	1	good	11	0	0	0	0	1	6	0	0	1	89302	55	29836	0.9959201417917934	E:1,M:1,N:1,ORF1a:1,ORF1b:0.9996290801186943,ORF3a:1,ORF6:1,ORF7a:1,ORF7b:1,ORF8:1,ORF9b:1,S:1	false	C241T,C313T,C3037T,C14408T,A15124G,A23403G,T23584C,T26966A,G28881A,G28882A,G28883C				M:H148Q,N:R203K,N:G204R,ORF1b:P314L,ORF1b:I553V,S:D614G					A15124G,T23584C,T26966A	0	0	3	3			M:H148Q,ORF1b:I553V	0	0	2	2		NODE_0000922	C313T,A15124G,T23584C,T26966A		M:H148Q,ORF1b:I553V		NODE_0000922	C313T,A15124G,T23584C,T26966A		M:H148Q,ORF1b:I553V		N/A	N/A	N/A	N/A	N/A	N/A	N/A	N/A	N/A	N/A	ORF1b:395	R:14650	3000	0	good	0	10	10	good	1	24	-5	0	good	3		0	good	0		0		0	0	good		0	0	good	0				
641	BS000869.1 Severe acute respiratory syndrome coronavirus 2 hCoV-19/Japan/Donner197/2020 RNA, complete genome	20A	20A		20A	B.1	B.1	0.173611	good	13	0	0	0	0	0	8	0	0	0	89294	55	29836	0.9959535832525165	E:1,M:1,N:1,ORF1a:1,ORF1b:1,ORF3a:1,ORF6:1,ORF7a:1,ORF7b:1,ORF8:1,ORF9b:1,S:1	false	C241T,C3037T,C14408T,C17104T,C18877T,G19947T,G21157T,C21811T,A23403G,G24000T,G25563T,C26735T,G28851T				N:S193I,ORF1b:P314L,ORF1b:H1213Y,ORF1b:K2160N,ORF1b:V2564L,ORF3a:Q57H,S:D614G,S:S813I				C21811T|23C	C17104T,G19947T,G21157T,G24000T,G28851T	0	1	5	6			N:S193I,ORF1b:H1213Y,ORF1b:K2160N,ORF1b:V2564L,S:S813I	0	0	5	5		NODE_0000764	C17104T,C18877T,G19947T,G21157T,C21811T,G24000T,G25563T,C26735T,G28851T		N:S193I,ORF1b:H1213Y,ORF1b:K2160N,ORF1b:V2564L,ORF3a:Q57H,S:S813I		NODE_0000764	C17104T,C18877T,G19947T,G21157T,C21811T,G24000T,G25563T,C26735T,G28851T		N:S193I,ORF1b:H1213Y,ORF1b:K2160N,ORF1b:V2564L,ORF3a:Q57H,S:S813I		N/A	N/A	N/A	N/A	N/A	N/A	N/A	N/A	N/A	N/A			3000	0	good	0	10	0	good	0	24	1	4.166667	good	9		0	good	0		0		0	0	good		0	0	good	0				
643	MZ317958.1 Severe acute respiratory syndrome coronavirus 2 isolate SARS-CoV-2/Homo sampiens/CHN/AY013/2020, complete genome	19A	19A		19A	B	B	0	good	3	0	0	0	0	0	3	0	0	0	89346	2	29787	0.9960873490954085	E:1,M:1,N:1,ORF1a:1,ORF1b:1,ORF3a:1,ORF6:1,ORF7a:1,ORF7b:1,ORF8:1,ORF9b:1,S:1	false	G3518T,A17423G,C28854T				N:S194L,ORF1a:V1085F,ORF1b:Y1319C				C28854T|20A	G3518T,A17423G	0	1	2	3			N:S194L,ORF1a:V1085F,ORF1b:Y1319C	0	0	3	3		NODE_0000000	G3518T,A17423G,C28854T		N:S194L,ORF1a:V1085F,ORF1b:Y1319C		NODE_0000000	G3518T,A17423G,C28854T		N:S194L,ORF1a:V1085F,ORF1b:Y1319C		N/A	N/A	N/A	N/A	N/A	N/A	N/A	N/A	N/A	N/A			3000	0	good	0	10	0	good	0	24	-2	0	good	6		0	good	0		0		0	0	good		0	0	good	0				
644	MZ318016.1 Severe acute respiratory syndrome coronavirus 2 isolate SARS-CoV-2/Homo sampiens/CHN/OS50/2020, complete genome	19B	19B		19B	A	A	0	good	7	3	3	0	0	0	2	1	0	0	89553	35	29902	0.9988295488746949	E:1,M:1,N:1,ORF1a:1,ORF1b:1,ORF3a:1,ORF6:1,ORF7a:1,ORF7b:1,ORF8:1,ORF9b:1,S:1	false	C8782T,T28144C,C29095T,A29875T,A29879T,A29883T,A29887T	26159-26161	29892:TTT		ORF3a:N257D,ORF8:L84S	ORF3a:V255-				C29095T,A29875T,A29879T,A29883T,A29887T	0	0	5	5			ORF3a:N257D	0	0	1	1		internal_b384	C29095T,A29875T,A29879T,A29883T,A29887T	26159-26161	ORF3a:N257D	ORF3a:V255-	internal_b384	C29095T,A29875T,A29879T,A29883T,A29887T	26159-26161	ORF3a:N257D	ORF3a:V255-	N/A	N/A	N/A	N/A	N/A	N/A	N/A	N/A	N/A	N/A			3000	0	good	0	10	0	good	0	24	-2	0	good	6		0	good	0		0		0	0	good		0	0	good	0				
646	MZ331922.1 Severe acute respiratory syndrome coronavirus 2 isolate SARS-CoV-2/human/NZL/20VR1273/2020, complete genome	20B	20B		20B	B.1.1	B.1.1	0	good	9	0	0	0	0	0	5	0	0	0	89313	55	29837	0.9959870247132395	E:1,M:1,N:1,ORF1a:1,ORF1b:1,ORF3a:1,ORF6:1,ORF7a:1,ORF7b:1,ORF8:1,ORF9b:1,S:1	false	C241T,C3037T,C14408T,T19839C,A23403G,C24099T,G28881A,G28882A,G28883C				N:R203K,N:G204R,ORF1b:P314L,S:D614G,S:A846V					C24099T	0	0	1	1			S:A846V	0	0	1	1		NODE_0000922	T19839C,C24099T		S:A846V		NODE_0000922	T19839C,C24099T		S:A846V		N/A	N/A	N/A	N/A	N/A	N/A	N/A	N/A	N/A	N/A			3000	0	good	0	10	0	good	0	24	-7	0	good	1		0	good	0		0		0	0	good		0	0	good	0				
645	MZ331900.1 Severe acute respiratory syndrome coronavirus 2 isolate SARS-CoV-2/human/NZL/20VR0996/2020, complete genome	20C	20C		20C	B.1	B.1	0	good	6	0	0	0	1	0	4	0	0	0	89297	55	29828	0.9956526101060095	E:1,M:1,N:1,ORF1a:1,ORF1b:1,ORF3a:1,ORF6:1,ORF7a:1,ORF7b:1,ORF8:1,ORF9b:1,S:1	false	C241T,C1059T,C3037T,C14408T,A23403G,G25563T				ORF1a:T265I,ORF1b:P314L,ORF3a:Q57H,S:D614G						0	0	0	0				0	0	0	0	24382	NODE_0000826					NODE_0000764	C1059T,G25563T		ORF1a:T265I,ORF3a:Q57H		N/A	N/A	N/A	N/A	N/A	N/A	N/A	N/A	N/A	N/A			3000	0	good	1	10	0	good	0	24	-8	0	good	0		0	good	0		0		0	0	good		0	0	good	0				
642	BS001050.1 Severe acute respiratory syndrome coronavirus 2 hCoV-19/Japan/Donner381/2020 RNA, nearly complete genome	20B	20B		20B	B.1.1.316.1	R.1	0.173611	good	25	1	0	0	158	0	14	0	0	53	89079	55	29836	0.9906698324582818	E:1,M:1,N:1,ORF1a:1,ORF1b:1,ORF3a:1,ORF6:1,ORF7a:1,ORF7b:1,ORF8:1,ORF9b:1,S:0.9583987441130298	false	C241T,C1267T,C3037T,C14340T,C14408T,A17344G,G17551A,C18877T,A19167G,C19274A,T19839C,G21824A,G22017T,G23012A,A23403G,G23868T,T26076C,T26604C,C27213T,C28833T,G28881A,G28882A,G28883C,G29527T,G29745T	28271			M:F28L,N:S187L,N:R203K,N:G204R,N:Q418H,ORF1b:P314L,ORF1b:I1293V,ORF1b:G1362R,ORF1b:P1936H,S:D88N,S:W152L,S:E484K,S:D614G,S:G769V				C1267T|21A	A17344G,G21824A,T26076C,G29745T	0	1	4	5			ORF1b:I1293V,S:D88N	0	0	2	2	21833-21990	NODE_0000922	C1267T,C14340T,A17344G,G17551A,C18877T,A19167G,C19274A,T19839C,G21824A,G22017T,G23012A,G23868T,T26076C,T26604C,C27213T,C28833T,G29527T,G29745T	28271	M:F28L,N:S187L,N:Q418H,ORF1b:I1293V,ORF1b:G1362R,ORF1b:P1936H,S:D88N,S:W152L,S:E484K,S:G769V		R.1	C1267T,A17344G,G21824A,T26076C,G29745T	28271	ORF1b:I1293V,S:D88N		N/A	N/A	N/A	N/A	N/A	N/A	N/A	N/A	N/A	N/A	S:91-143		3000	0	good	158	10	0	good	0	24	1	4.166667	good	9		0	good	0		0		0	0	good		0	0	good	0				
650	MZ332056.1 Severe acute respiratory syndrome coronavirus 2 isolate SARS-CoV-2/human/NZL/20VR1890/2020, complete genome	20A	20A		20A	B.1	B.1	0	good	6	0	0	0	0	0	3	0	0	0	89325	55	29837	0.9959870247132395	E:1,M:1,N:1,ORF1a:1,ORF1b:1,ORF3a:1,ORF6:1,ORF7a:1,ORF7b:1,ORF8:1,ORF9b:1,S:1	false	C241T,C3037T,C6723T,C14408T,A23403G,T26094C				ORF1a:T2153I,ORF1b:P314L,S:D614G					C6723T,T26094C	0	0	2	2			ORF1a:T2153I	0	0	1	1		NODE_0000764	C6723T,T26094C		ORF1a:T2153I		NODE_0000764	C6723T,T26094C		ORF1a:T2153I		N/A	N/A	N/A	N/A	N/A	N/A	N/A	N/A	N/A	N/A			3000	0	good	0	10	0	good	0	24	-6	0	good	2		0	good	0		0		0	0	good		0	0	good	0				
647	MZ331927.1 Severe acute respiratory syndrome coronavirus 2 isolate SARS-CoV-2/human/NZL/20VR1278/2020, complete genome	20A	20A		20A	B.1.91	B.1.91	0	good	5	0	0	0	0	0	3	0	0	0	89329	55	29837	0.9959870247132395	E:1,M:1,N:1,ORF1a:1,ORF1b:1,ORF3a:1,ORF6:1,ORF7a:1,ORF7b:1,ORF8:1,ORF9b:1,S:1	false	C241T,C3037T,C14408T,A23403G,G24077T				ORF1b:P314L,S:D614G,S:D839Y						0	0	0	0				0	0	0	0		NODE_0000764	G24077T		S:D839Y		B.1.91					N/A	N/A	N/A	N/A	N/A	N/A	N/A	N/A	N/A	N/A			3000	0	good	0	10	0	good	0	24	-8	0	good	0		0	good	0		0		0	0	good		0	0	good	0				
651	MZ332099.1 Severe acute respiratory syndrome coronavirus 2 isolate SARS-CoV-2/human/NZL/20VR1956/2020, complete genome	20A	20A		20A	B.1	B.1	0	good	10	0	0	0	0	0	3	0	0	0	89282	55	29828	0.9956860515667324	E:1,M:1,N:1,ORF1a:1,ORF1b:1,ORF3a:1,ORF6:1,ORF7a:1,ORF7b:1,ORF8:1,ORF9b:1,S:1	false	C241T,C1060T,C3037T,C5167T,T7438C,C8772T,C14408T,A23403G,C25096T,C29353T				ORF1a:T2836I,ORF1b:P314L,S:D614G					C1060T,C5167T,T7438C,C8772T,C25096T,C29353T	0	0	6	6			ORF1a:T2836I	0	0	1	1		NODE_0000764	C1060T,C5167T,T7438C,C8772T,C25096T,C29353T		ORF1a:T2836I		NODE_0000764	C1060T,C5167T,T7438C,C8772T,C25096T,C29353T		ORF1a:T2836I		N/A	N/A	N/A	N/A	N/A	N/A	N/A	N/A	N/A	N/A			3000	0	good	0	10	0	good	0	24	-2	0	good	6		0	good	0		0		0	0	good		0	0	good	0				
649	MZ332008.1 Severe acute respiratory syndrome coronavirus 2 isolate SARS-CoV-2/human/NZL/20VR1818/2020, complete genome	20C	20C		20C	B.1	B.1	0	good	8	0	0	0	0	0	5	0	0	0	89317	55	29837	0.9959870247132395	E:1,M:1,N:1,ORF1a:1,ORF1b:1,ORF3a:1,ORF6:1,ORF7a:1,ORF7b:1,ORF8:1,ORF9b:1,S:1	false	C241T,C1059T,C3037T,C14408T,C16260T,A23403G,G25563T,C28821A				N:S183Y,ORF1a:T265I,ORF1b:P314L,ORF3a:Q57H,S:D614G						0	0	0	0				0	0	0	0		NODE_0000826	C16260T,C28821A		N:S183Y		NODE_0000764	C1059T,C16260T,G25563T,C28821A		N:S183Y,ORF1a:T265I,ORF3a:Q57H		N/A	N/A	N/A	N/A	N/A	N/A	N/A	N/A	N/A	N/A			3000	0	good	0	10	0	good	0	24	-8	0	good	0		0	good	0		0		0	0	good		0	0	good	0				
654	MZ332177.1 Severe acute respiratory syndrome coronavirus 2 isolate SARS-CoV-2/human/NZL/20VR2067/2020, complete genome	20A	20A		20A	B.1.91	B.1.91	0	good	6	0	0	0	0	0	4	0	0	0	89325	55	29837	0.9959870247132395	E:1,M:1,N:1,ORF1a:1,ORF1b:1,ORF3a:1,ORF6:1,ORF7a:1,ORF7b:1,ORF8:1,ORF9b:1,S:1	false	C241T,C3037T,C4683T,C14408T,A23403G,G24077T				ORF1a:A1473V,ORF1b:P314L,S:D614G,S:D839Y				C4683T|25B&24D		0	1	0	1			ORF1a:A1473V	0	0	1	1		NODE_0000764	C4683T,G24077T		ORF1a:A1473V,S:D839Y		B.1.91	C4683T		ORF1a:A1473V		N/A	N/A	N/A	N/A	N/A	N/A	N/A	N/A	N/A	N/A			3000	0	good	0	10	0	good	0	24	-4	0	good	4		0	good	0		0		0	0	good		0	0	good	0				
655	MZ332242.1 Severe acute respiratory syndrome coronavirus 2 isolate SARS-CoV-2/human/NZL/20VR2507/2020, complete genome	20B	20B		20B	B.1.1	B.1.1	0	good	10	0	0	0	0	0	7	0	0	0	89306	55	29836	0.9959535832525165	E:1,M:1,N:1,ORF1a:1,ORF1b:1,ORF3a:1,ORF6:1,ORF7a:1,ORF7b:1,ORF8:1,ORF9b:1,S:1	false	C241T,C3037T,G11534A,C14408T,G23126T,A23403G,G27703T,G28881A,G28882A,G28883C				N:R203K,N:G204R,ORF1a:G3757S,ORF1b:P314L,ORF7a:V104F,S:A522S,S:D614G					G11534A,G23126T,G27703T	0	0	3	3			ORF1a:G3757S,ORF7a:V104F,S:A522S	0	0	3	3		NODE_0000922	G11534A,G23126T,G27703T		ORF1a:G3757S,ORF7a:V104F,S:A522S		NODE_0000922	G11534A,G23126T,G27703T		ORF1a:G3757S,ORF7a:V104F,S:A522S		N/A	N/A	N/A	N/A	N/A	N/A	N/A	N/A	N/A	N/A			3000	0	good	0	10	0	good	0	24	-5	0	good	3		0	good	0		0		0	0	good		0	0	good	0				
652	MZ332141.1 Severe acute respiratory syndrome coronavirus 2 isolate SARS-CoV-2/human/NZL/20VR2016/2020, complete genome	20B	20B		20B	B.1.1	B.1.1	0	good	7	0	0	0	0	0	4	0	0	0	89318	55	29836	0.9959535832525165	E:1,M:1,N:1,ORF1a:1,ORF1b:1,ORF3a:1,ORF6:1,ORF7a:1,ORF7b:1,ORF8:1,ORF9b:1,S:1	false	C241T,C3037T,C14408T,A23403G,G28881A,G28882A,G28883C				N:R203K,N:G204R,ORF1b:P314L,S:D614G						0	0	0	0				0	0	0	0		NODE_0000922					NODE_0000922					N/A	N/A	N/A	N/A	N/A	N/A	N/A	N/A	N/A	N/A			3000	0	good	0	10	0	good	0	24	-8	0	good	0		0	good	0		0		0	0	good		0	0	good	0				
648	MZ331971.1 Severe acute respiratory syndrome coronavirus 2 isolate SARS-CoV-2/human/NZL/20VR1771/2020, complete genome	19A	19A		19A	B	B	0	good	9	0	0	0	1	0	7	0	0	1	89309	55	29836	0.9959201417917934	E:1,M:1,N:1,ORF1a:1,ORF1b:0.9996290801186943,ORF3a:1,ORF6:1,ORF7a:1,ORF7b:1,ORF8:1,ORF9b:1,S:1	false	C3096T,G11083T,C12781T,G13627T,C14805T,C15540T,G17944T,G26144T,A28338G				N:D22G,ORF1a:S944L,ORF1a:L3606F,ORF1b:D54Y,ORF1b:V1493L,ORF3a:G251V,ORF9b:I19V					C3096T,C12781T,G13627T,C15540T,G17944T,A28338G	0	0	6	6			N:D22G,ORF1a:S944L,ORF1b:D54Y,ORF1b:V1493L,ORF9b:I19V	0	0	5	5	16985	NODE_0000000	C3096T,G11083T,C12781T,G13627T,C14805T,C15540T,G17944T,G26144T,A28338G		N:D22G,ORF1a:S944L,ORF1a:L3606F,ORF1b:D54Y,ORF1b:V1493L,ORF3a:G251V,ORF9b:I19V		NODE_0000000	C3096T,G11083T,C12781T,G13627T,C14805T,C15540T,G17944T,G26144T,A28338G		N:D22G,ORF1a:S944L,ORF1a:L3606F,ORF1b:D54Y,ORF1b:V1493L,ORF3a:G251V,ORF9b:I19V		N/A	N/A	N/A	N/A	N/A	N/A	N/A	N/A	N/A	N/A	ORF1b:1173		3000	0	good	1	10	0	good	0	24	-2	0	good	6		0	good	0		0		0	0	good		0	0	good	0				
653	MZ332152.1 Severe acute respiratory syndrome coronavirus 2 isolate SARS-CoV-2/human/NZL/20VR2027/2020, complete genome	20B	20B		20B	B.1.1	B.1.1	0	good	9	0	0	0	0	0	4	0	0	0	89310	55	29836	0.9959535832525165	E:1,M:1,N:1,ORF1a:1,ORF1b:1,ORF3a:1,ORF6:1,ORF7a:1,ORF7b:1,ORF8:1,ORF9b:1,S:1	false	C241T,C3037T,C14408T,A23014G,A23403G,G28881A,G28882A,G28883C,C29640T				N:R203K,N:G204R,ORF1b:P314L,S:D614G					A23014G,C29640T	0	0	2	2				0	0	0	0		NODE_0000922	A23014G,C29640T				NODE_0000922	A23014G,C29640T				N/A	N/A	N/A	N/A	N/A	N/A	N/A	N/A	N/A	N/A			3000	0	good	0	10	0	good	0	24	-6	0	good	2		0	good	0		0		0	0	good		0	0	good	0				
656	MZ332258.1 Severe acute respiratory syndrome coronavirus 2 isolate SARS-CoV-2/human/NZL/20VR2532/2020, complete genome	20A	20A		20A	B.1	B.1	0	good	5	0	0	0	0	0	3	0	0	0	89326	55	29836	0.9959535832525165	E:1,M:1,N:1,ORF1a:1,ORF1b:1,ORF3a:1,ORF6:1,ORF7a:1,ORF7b:1,ORF8:1,ORF9b:1,S:1	false	C241T,C2189T,C3037T,C14408T,A23403G				ORF1a:L642F,ORF1b:P314L,S:D614G					C2189T	0	0	1	1			ORF1a:L642F	0	0	1	1		NODE_0000764	C2189T		ORF1a:L642F		NODE_0000764	C2189T		ORF1a:L642F		N/A	N/A	N/A	N/A	N/A	N/A	N/A	N/A	N/A	N/A			3000	0	good	0	10	0	good	0	24	-7	0	good	1		0	good	0		0		0	0	good		0	0	good	0				
657	MZ332286.1 Severe acute respiratory syndrome coronavirus 2 isolate SARS-CoV-2/human/NZL/20VR2571/2020, complete genome	19A	19A		19A	B.3	B.3	0	good	3	0	0	0	0	0	3	0	0	0	89337	55	29837	0.9959870247132395	E:1,M:1,N:1,ORF1a:1,ORF1b:1,ORF3a:1,ORF6:1,ORF7a:1,ORF7b:1,ORF8:1,ORF9b:1,S:1	false	G1440A,G2891A,C7011T				ORF1a:G392D,ORF1a:A876T,ORF1a:A2249V					C7011T	0	0	1	1			ORF1a:A2249V	0	0	1	1		NODE_0000000	G1440A,G2891A,C7011T		ORF1a:G392D,ORF1a:A876T,ORF1a:A2249V		B.3	C7011T		ORF1a:A2249V		N/A	N/A	N/A	N/A	N/A	N/A	N/A	N/A	N/A	N/A			3000	0	good	0	10	0	good	0	24	-7	0	good	1		0	good	0		0		0	0	good		0	0	good	0				
659	MZ332344.1 Severe acute respiratory syndrome coronavirus 2 isolate SARS-CoV-2/human/NZL/20VR2934/2020, complete genome	20A	20A		20A	B.1	B.1	0	good	6	0	0	0	0	0	2	0	0	0	89322	55	29836	0.9959535832525165	E:1,M:1,N:1,ORF1a:1,ORF1b:1,ORF3a:1,ORF6:1,ORF7a:1,ORF7b:1,ORF8:1,ORF9b:1,S:1	false	C241T,C3037T,T7438C,C14408T,A23403G,C29353T				ORF1b:P314L,S:D614G					T7438C,C29353T	0	0	2	2				0	0	0	0		NODE_0000764	T7438C,C29353T				NODE_0000764	T7438C,C29353T				N/A	N/A	N/A	N/A	N/A	N/A	N/A	N/A	N/A	N/A			3000	0	good	0	10	0	good	0	24	-6	0	good	2		0	good	0		0		0	0	good		0	0	good	0				
658	MZ332291.1 Severe acute respiratory syndrome coronavirus 2 isolate SARS-CoV-2/human/NZL/20VR2579/2020, complete genome	20B	20B		20B	B.1.1	B.1.1	0	good	7	0	0	0	0	0	4	0	0	0	89318	55	29836	0.9959535832525165	E:1,M:1,N:1,ORF1a:1,ORF1b:1,ORF3a:1,ORF6:1,ORF7a:1,ORF7b:1,ORF8:1,ORF9b:1,S:1	false	C241T,C3037T,C14408T,A23403G,G28881A,G28882A,G28883C				N:R203K,N:G204R,ORF1b:P314L,S:D614G						0	0	0	0				0	0	0	0		NODE_0000922					NODE_0000922					N/A	N/A	N/A	N/A	N/A	N/A	N/A	N/A	N/A	N/A			3000	0	good	0	10	0	good	0	24	-8	0	good	0		0	good	0		0		0	0	good		0	0	good	0				
660	MZ332370.1 Severe acute respiratory syndrome coronavirus 2 isolate SARS-CoV-2/human/NZL/20VR3008/2020, complete genome	19A	19A		19A	B	B	0	good	5	0	0	0	0	0	3	0	0	0	89329	55	29837	0.9959870247132395	E:1,M:1,N:1,ORF1a:1,ORF1b:1,ORF3a:1,ORF6:1,ORF7a:1,ORF7b:1,ORF8:1,ORF9b:1,S:1	false	G11083T,C14805T,G21123A,G26144T,G28842T				N:S190I,ORF1a:L3606F,ORF3a:G251V					G21123A,G28842T	0	0	2	2			N:S190I	0	0	1	1		NODE_0000000	G11083T,C14805T,G21123A,G26144T,G28842T		N:S190I,ORF1a:L3606F,ORF3a:G251V		NODE_0000000	G11083T,C14805T,G21123A,G26144T,G28842T		N:S190I,ORF1a:L3606F,ORF3a:G251V		N/A	N/A	N/A	N/A	N/A	N/A	N/A	N/A	N/A	N/A			3000	0	good	0	10	0	good	0	24	-6	0	good	2		0	good	0		0		0	0	good		0	0	good	0				
661	MZ332392.1 Severe acute respiratory syndrome coronavirus 2 isolate SARS-CoV-2/human/NZL/20VR3039/2020, complete genome	20C	20C		20C	B.1	B.1	0	good	9	0	0	0	0	0	6	0	0	0	89295	55	29831	0.9957863759489014	E:1,M:1,N:1,ORF1a:1,ORF1b:1,ORF3a:1,ORF6:1,ORF7a:1,ORF7b:1,ORF8:1,ORF9b:1,S:1	false	C241T,C1059T,C3037T,C14408T,C16260T,G19072T,A23403G,G25563T,C28821A				N:S183Y,ORF1a:T265I,ORF1b:P314L,ORF1b:D1869Y,ORF3a:Q57H,S:D614G					G19072T	0	0	1	1			ORF1b:D1869Y	0	0	1	1		NODE_0000826	C16260T,G19072T,C28821A		N:S183Y,ORF1b:D1869Y		NODE_0000764	C1059T,C16260T,G19072T,G25563T,C28821A		N:S183Y,ORF1a:T265I,ORF1b:D1869Y,ORF3a:Q57H		N/A	N/A	N/A	N/A	N/A	N/A	N/A	N/A	N/A	N/A			3000	0	good	0	10	0	good	0	24	-7	0	good	1		0	good	0		0		0	0	good		0	0	good	0				
662	MZ332449.1 Severe acute respiratory syndrome coronavirus 2 isolate SARS-CoV-2/human/NZL/20VR3166/2020, complete genome	20C	20C		20C	B.1	B.1	0.173611	good	10	0	0	0	0	0	6	0	0	0	89309	55	29837	0.9959870247132395	E:1,M:1,N:1,ORF1a:1,ORF1b:1,ORF3a:1,ORF6:1,ORF7a:1,ORF7b:1,ORF8:1,ORF9b:1,S:1	false	C241T,T833C,C1059T,C1267T,C3037T,C14408T,A23403G,G25563T,C27964T,C29774T				ORF1a:F190L,ORF1a:T265I,ORF1b:P314L,ORF3a:Q57H,ORF8:S24L,S:D614G				C1267T|21A,C29774T|25E	T833C	0	2	1	3			ORF1a:F190L	0	0	1	1		NODE_0000826	T833C,C1267T,C27964T,C29774T		ORF1a:F190L,ORF8:S24L		NODE_0000764	T833C,C1059T,C1267T,G25563T,C27964T,C29774T		ORF1a:F190L,ORF1a:T265I,ORF3a:Q57H,ORF8:S24L		N/A	N/A	N/A	N/A	N/A	N/A	N/A	N/A	N/A	N/A			3000	0	good	0	10	0	good	0	24	1	4.166667	good	9		0	good	0		0		0	0	good		0	0	good	0				
668	MZ379258.1 Severe acute respiratory syndrome coronavirus 2 isolate SARS-CoV-2/human/KAZ/KZ_Almaty/2020, complete genome	19A	19A		19A	B	B	0	good	0	0	0	0	0	0	0	0	0	0	89709	1	29903	1	E:1,M:1,N:1,ORF1a:1,ORF1b:1,ORF3a:1,ORF6:1,ORF7a:1,ORF7b:1,ORF8:1,ORF9b:1,S:1	false											0	0	0	0				0	0	0	0		NODE_0000000					NODE_0000000					N/A	N/A	N/A	N/A	N/A	N/A	N/A	N/A	N/A	N/A			3000	0	good	0	10	0	good	0	24	-8	0	good	0		0	good	0		0		0	0	good		0	0	good	0				
666	MZ356528.1 Severe acute respiratory syndrome coronavirus 2 isolate SARS-CoV-2/human/IND/THSTI-BAL-912/2020, complete genome	19A	19A		19A	B.6	B.6	4	good	7	0	0	0	0	2	6	0	0	1	89546	17	29874	0.9984282513460188	E:1,M:1,N:1,ORF1a:1,ORF1b:1,ORF3a:1,ORF6:1,ORF7a:1,ORF7b:1,ORF8:1,ORF9b:1,S:0.9992150706436421	false	C875T,C6312A,G11083T,C13730T,C16887T,C23929T,C28311T				N:P13L,ORF1a:L204F,ORF1a:T2016K,ORF1a:L3606F,ORF1b:A88V,ORF9b:P10S					C875T,C16887T	0	0	2	2			ORF1a:L204F	0	0	1	1		NODE_0000000	C875T,C6312A,G11083T,C13730T,C16887T,C23929T,C28311T		N:P13L,ORF1a:L204F,ORF1a:T2016K,ORF1a:L3606F,ORF1b:A88V,ORF9b:P10S		NODE_0000755	C875T,C16887T		ORF1a:L204F		N/A	N/A	N/A	N/A	N/A	N/A	N/A	N/A	N/A	N/A	S:943	M:24389,S:24390	3000	0	good	0	10	20	good	2	24	-6	0	good	2		0	good	0		0		0	0	good		0	0	good	0				
667	MZ359830.1 Severe acute respiratory syndrome coronavirus 2 isolate SARS-CoV-2/human/IRN/12624/2020, complete genome	19A	19A		19A	B.4	B.4	0.173611	good	6	0	0	0	0	0	5	0	0	0	89376	59	29858	0.9965555295455305	E:1,M:1,N:1,ORF1a:1,ORF1b:1,ORF3a:1,ORF6:1,ORF7a:1,ORF7b:1,ORF8:1,ORF9b:1,S:1	false	G1397A,C12651T,C27046T,C28377A,T28688C,G29742T				M:T175M,N:A35E,ORF1a:V378I,ORF1a:T4129I,ORF9b:R32S			T11083G		C12651T,C27046T,C28377A	1	0	3	4	ORF1a:F3606L		M:T175M,N:A35E,ORF1a:T4129I,ORF9b:R32S	1	0	4	5		NODE_0000000	G1397A,C12651T,C27046T,C28377A,T28688C,G29742T		M:T175M,N:A35E,ORF1a:V378I,ORF1a:T4129I,ORF9b:R32S		B.4	T11083G,C12651T,C27046T,C28377A		M:T175M,N:A35E,ORF1a:F3606L,ORF1a:T4129I,ORF9b:R32S		N/A	N/A	N/A	N/A	N/A	N/A	N/A	N/A	N/A	N/A			3000	0	good	0	10	0	good	0	24	1	4.166667	good	9		0	good	0		0		0	0	good		0	0	good	0				
663	MZ332491.1 Severe acute respiratory syndrome coronavirus 2 isolate SARS-CoV-2/human/NZL/20VR3480/2020, complete genome	20A	20A		20A	B.1.91	B.1.91	0	good	5	0	0	0	1	0	3	0	0	1	89325	55	29836	0.9959201417917934	E:1,M:1,N:1,ORF1a:0.9997727789138832,ORF1b:1,ORF3a:1,ORF6:1,ORF7a:1,ORF7b:1,ORF8:1,ORF9b:1,S:1	false	C241T,C3037T,C14408T,A23403G,G24077T				ORF1b:P314L,S:D614G,S:D839Y						0	0	0	0				0	0	0	0	10527	NODE_0000764	G24077T		S:D839Y		B.1.91					N/A	N/A	N/A	N/A	N/A	N/A	N/A	N/A	N/A	N/A	ORF1a:3421		3000	0	good	1	10	0	good	0	24	-8	0	good	0		0	good	0		0		0	0	good		0	0	good	0				
665	MZ336031.1 Severe acute respiratory syndrome coronavirus 2 isolate SARS-CoV-2/human/IND/20BMCRI81135/2020, complete genome	20B	20B		20B	B.1.1.46	B.1.1.46	0	good	15	0	0	0	0	0	10	0	0	0	89643	3	29903	0.999933117078554	E:1,M:1,N:1,ORF1a:1,ORF1b:1,ORF3a:1,ORF6:1,ORF7a:1,ORF7b:1,ORF8:1,ORF9b:1,S:1	false	C241T,C1218T,C3037T,C8917T,G14028A,C14408T,A23403G,C27110T,T27384C,C28045T,C28311T,G28857C,G28881A,G28882A,G28883C				N:P13L,N:R195T,N:R203K,N:G204R,ORF1a:S318L,ORF1b:M187I,ORF1b:P314L,ORF8:A51V,ORF9b:P10S,S:D614G				C28311T|21K&21L&22B&22E&23A&24A&22C&22A&23F&23D&23B&24E&22D&22F&25C&rec&23C&24C&24F&23E&24B&23H&25B&25A&24G&23I&23G&24H&21G&24D&21M&25D&24I&25G&25E&25H&25I&25F	G14028A,C28045T,G28857C	0	1	3	4			N:P13L,N:R195T,ORF1b:M187I,ORF8:A51V,ORF9b:P10S	0	0	5	5		NODE_0000922	C1218T,C8917T,G14028A,C27110T,T27384C,C28045T,C28311T,G28857C		N:P13L,N:R195T,ORF1a:S318L,ORF1b:M187I,ORF8:A51V,ORF9b:P10S		B.1.1.46	G14028A,C28045T,C28311T,G28857C		N:P13L,N:R195T,ORF1b:M187I,ORF8:A51V,ORF9b:P10S		N/A	N/A	N/A	N/A	N/A	N/A	N/A	N/A	N/A	N/A			3000	0	good	0	10	0	good	0	24	-1	0	good	7		0	good	0		0		0	0	good		0	0	good	0				
664	MZ336023.1 Severe acute respiratory syndrome coronavirus 2 isolate SARS-CoV-2/human/IND/20BMCRI249296/2020, complete genome	20B	20B		20B	B.1.1.306	B.1.1.306	11.111111	good	22	0	0	0	0	0	12	0	0	0	89597	9	29903	0.9997324683142159	E:1,M:1,N:1,ORF1a:1,ORF1b:1,ORF3a:1,ORF6:1,ORF7a:1,ORF7b:1,ORF8:1,ORF9b:1,S:1	false	G204A,C241T,C313T,G1145T,C3037T,C5700A,A10995G,C13680T,C14230T,C14408T,T18742C,A19080G,C23191T,A23403G,C25416T,G25565T,G25785T,C26110T,T26157A,G28881A,G28882A,G28883C				N:R203K,N:G204R,ORF1a:D294Y,ORF1a:A1812D,ORF1a:K3577R,ORF1b:P255S,ORF1b:P314L,ORF1b:Y1759H,ORF3a:S58I,ORF3a:W131C,ORF3a:P240S,S:D614G				C25416T|23A&22C&23F&23D&23B&22D&22F&23C&23E&23H&rec&23G	G204A,G1145T,A10995G,C13680T,C14230T,T18742C,A19080G,C23191T,G25565T,G25785T,C26110T,T26157A	0	1	12	13			ORF1a:D294Y,ORF1a:K3577R,ORF1b:P255S,ORF1b:Y1759H,ORF3a:S58I,ORF3a:W131C,ORF3a:P240S	0	0	7	7		NODE_0000922	G204A,C313T,G1145T,C5700A,A10995G,C13680T,C14230T,T18742C,A19080G,C23191T,C25416T,G25565T,G25785T,C26110T,T26157A		ORF1a:D294Y,ORF1a:A1812D,ORF1a:K3577R,ORF1b:P255S,ORF1b:Y1759H,ORF3a:S58I,ORF3a:W131C,ORF3a:P240S		NODE_0000955	G204A,G1145T,A10995G,C13680T,C14230T,T18742C,A19080G,C23191T,C25416T,G25565T,G25785T,C26110T,T26157A		ORF1a:D294Y,ORF1a:K3577R,ORF1b:P255S,ORF1b:Y1759H,ORF3a:S58I,ORF3a:W131C,ORF3a:P240S		N/A	N/A	N/A	N/A	N/A	N/A	N/A	N/A	N/A	N/A			3000	0	good	0	10	0	good	0	24	8	33.333333	mediocre	16		0	good	0		0		0	0	good		0	0	good	0				
670	MZ419860.1 Severe acute respiratory syndrome coronavirus 2 isolate SARS-CoV-2/human/BRA/ICO1041/2020, complete genome	20A	20A		20A	B.1	B.1	0	good	5	0	0	0	0	0	3	0	0	0	89689	1	29903	1	E:1,M:1,N:1,ORF1a:1,ORF1b:1,ORF3a:1,ORF6:1,ORF7a:1,ORF7b:1,ORF8:1,ORF9b:1,S:1	false	C3037T,C14408T,A23403G,T27299C,A27345G				ORF1b:P314L,ORF6:I33T,S:D614G			T241C		T27299C,A27345G	1	0	2	3			ORF6:I33T	0	0	1	1		NODE_0000764	T241C,T27299C,A27345G		ORF6:I33T		NODE_0000764	T241C,T27299C,A27345G		ORF6:I33T		N/A	N/A	N/A	N/A	N/A	N/A	N/A	N/A	N/A	N/A			3000	0	good	0	10	0	good	0	24	0	0	good	8		0	good	0		0		0	0	good		0	0	good	0				
672	MZ683495.1 Severe acute respiratory syndrome coronavirus 2 isolate SARS-CoV-2/human/FIN/1/2020, complete genome	19A	19A		19A	B	B	0	good	1	0	0	0	0	0	1	0	0	0	89300	39	29806	0.9954854028023944	E:1,M:1,N:1,ORF1a:1,ORF1b:1,ORF3a:1,ORF6:1,ORF7a:1,ORF7b:1,ORF8:1,ORF9b:1,S:1	false	C21707T				S:H49Y					C21707T	0	0	1	1			S:H49Y	0	0	1	1		NODE_0000000	C21707T		S:H49Y		NODE_0000000	C21707T		S:H49Y		N/A	N/A	N/A	N/A	N/A	N/A	N/A	N/A	N/A	N/A			3000	0	good	0	10	0	good	0	24	-7	0	good	1		0	good	0		0		0	0	good		0	0	good	0				
671	MZ643428.1 Severe acute respiratory syndrome coronavirus 2 isolate SARS-CoV-2/human/MEX/228/2020, complete genome	20C	20C		20C	B.1	B.1	0	good	9	0	0	0	0	0	7	0	0	0	89634	1	29890	0.999565261010601	E:1,M:1,N:1,ORF1a:1,ORF1b:1,ORF3a:1,ORF6:1,ORF7a:1,ORF7b:1,ORF8:1,ORF9b:1,S:1	false	C241T,A687G,C1059T,C3037T,C14408T,G20057A,A23403G,G24368T,G25563T				ORF1a:K141R,ORF1a:T265I,ORF1b:P314L,ORF1b:G2197D,ORF3a:Q57H,S:D614G,S:D936Y					A687G,G20057A,G24368T	0	0	3	3			ORF1a:K141R,ORF1b:G2197D,S:D936Y	0	0	3	3		NODE_0000826	A687G,G20057A,G24368T		ORF1a:K141R,ORF1b:G2197D,S:D936Y		NODE_0000764	A687G,C1059T,G20057A,G24368T,G25563T		ORF1a:K141R,ORF1a:T265I,ORF1b:G2197D,ORF3a:Q57H,S:D936Y		N/A	N/A	N/A	N/A	N/A	N/A	N/A	N/A	N/A	N/A			3000	0	good	0	10	0	good	0	24	-5	0	good	3		0	good	0		0		0	0	good		0	0	good	0				
669	MZ419856.1 Severe acute respiratory syndrome coronavirus 2 isolate SARS-CoV-2/human/BRA/ICO1016/2020, complete genome	20B	20B		20B	B.1.1.33	B.1.1.33	0	good	9	0	0	0	0	0	6	0	0	0	89523	4	29856	0.9983279269638498	E:1,M:1,N:1,ORF1a:1,ORF1b:1,ORF3a:1,ORF6:1,ORF7a:1,ORF7b:1,ORF8:1,ORF9b:1,S:1	false	C241T,C3037T,C14408T,A23403G,T27299C,G28881A,G28882A,G28883C,T29148C				N:R203K,N:G204R,N:I292T,ORF1b:P314L,ORF6:I33T,S:D614G						0	0	0	0				0	0	0	0		NODE_0000922	T27299C,T29148C		N:I292T,ORF6:I33T		NODE_0000944					N/A	N/A	N/A	N/A	N/A	N/A	N/A	N/A	N/A	N/A			3000	0	good	0	10	0	good	0	24	-8	0	good	0		0	good	0		0		0	0	good		0	0	good	0				
673	MZ683496.1 Severe acute respiratory syndrome coronavirus 2 isolate SARS-CoV-2/human/FIN/25/2020, complete genome	20A	20A		20A	B.1	B.1	0	good	6	0	0	0	0	0	2	0	0	0	89430	24	29841	0.9971574758385446	E:1,M:1,N:1,ORF1a:1,ORF1b:1,ORF3a:1,ORF6:1,ORF7a:1,ORF7b:1,ORF8:1,ORF9b:1,S:1	false	C241T,C3037T,C14408T,A23403G,T26187C,C29837A				ORF1b:P314L,S:D614G					T26187C,C29837A	0	0	2	2				0	0	0	0		NODE_0000764	T26187C,C29837A				NODE_0000764	T26187C,C29837A				N/A	N/A	N/A	N/A	N/A	N/A	N/A	N/A	N/A	N/A			3000	0	good	0	10	0	good	0	24	-6	0	good	2		0	good	0		0		0	0	good		0	0	good	0				
675	MZ683498.1 Severe acute respiratory syndrome coronavirus 2 isolate SARS-CoV-2/human/FIN/4/2020, complete genome	19A	19A		19A	B	B	0	good	6	0	0	0	0	0	4	0	0	0	89397	3	29809	0.9967896197705916	E:1,M:1,N:1,ORF1a:1,ORF1b:1,ORF3a:1,ORF6:1,ORF7a:1,ORF7b:1,ORF8:1,ORF9b:1,S:1	false	T13C,G11083T,C14805T,C18086T,G26144T,G28842T				N:S190I,ORF1a:L3606F,ORF1b:T1540I,ORF3a:G251V					T13C,C18086T,G28842T	0	0	3	3			N:S190I,ORF1b:T1540I	0	0	2	2		NODE_0000000	T13C,G11083T,C14805T,C18086T,G26144T,G28842T		N:S190I,ORF1a:L3606F,ORF1b:T1540I,ORF3a:G251V		NODE_0000000	T13C,G11083T,C14805T,C18086T,G26144T,G28842T		N:S190I,ORF1a:L3606F,ORF1b:T1540I,ORF3a:G251V		N/A	N/A	N/A	N/A	N/A	N/A	N/A	N/A	N/A	N/A			3000	0	good	0	10	0	good	0	24	-5	0	good	3		0	good	0		0		0	0	good		0	0	good	0				
674	MZ683497.1 Severe acute respiratory syndrome coronavirus 2 isolate SARS-CoV-2/human/FIN/3/2020, complete genome	20B	20B		20B	B.1.1	B.1.1	0	good	8	0	0	0	0	0	5	0	0	0	89371	6	29806	0.9965889710062535	E:1,M:1,N:1,ORF1a:1,ORF1b:1,ORF3a:1,ORF6:1,ORF7a:1,ORF7b:1,ORF8:1,ORF9b:1,S:1	false	C241T,C3037T,A9347G,C14408T,A23403G,G28881A,G28882A,G28883C				N:R203K,N:G204R,ORF1a:T3028A,ORF1b:P314L,S:D614G					A9347G	0	0	1	1			ORF1a:T3028A	0	0	1	1		NODE_0000922	A9347G		ORF1a:T3028A		NODE_0000922	A9347G		ORF1a:T3028A		N/A	N/A	N/A	N/A	N/A	N/A	N/A	N/A	N/A	N/A			3000	0	good	0	10	0	good	0	24	-7	0	good	1		0	good	0		0		0	0	good		0	0	good	0				
676	MZ824625.1 Severe acute respiratory syndrome coronavirus 2 isolate SARS-CoV-2/human/CHN/Hefei-240/2020, complete genome	19A	19A		19A	B	B	0	good	3	0	0	0	0	0	1	0	0	0	89697	1	29903	1	E:1,M:1,N:1,ORF1a:1,ORF1b:1,ORF3a:1,ORF6:1,ORF7a:1,ORF7b:1,ORF8:1,ORF9b:1,S:1	false	A3674G,A18114G,C26370T				ORF1a:N1137D					A3674G,A18114G,C26370T	0	0	3	3			ORF1a:N1137D	0	0	1	1		NODE_0000000	A3674G,A18114G,C26370T		ORF1a:N1137D		NODE_0000000	A3674G,A18114G,C26370T		ORF1a:N1137D		N/A	N/A	N/A	N/A	N/A	N/A	N/A	N/A	N/A	N/A			3000	0	good	0	10	0	good	0	24	-5	0	good	3		0	good	0		0		0	0	good		0	0	good	0				
677	MZ824628.1 Severe acute respiratory syndrome coronavirus 2 isolate SARS-CoV-2/human/CHN/Hefei-29/2020, complete genome	19A	19A		19A	B	B	0.694444	good	4	0	0	0	0	0	3	0	0	0	89693	1	29903	1	E:1,M:1,N:1,ORF1a:1,ORF1b:1,ORF3a:1,ORF6:1,ORF7a:1,ORF7b:1,ORF8:1,ORF9b:1,S:1	false	C8139T,G25563T,T26061C,G26144T				ORF1a:S2625F,ORF3a:Q57H,ORF3a:G251V				C8139T|21E,G25563T|20G&20C&20A&21C&21F&20H&21H	T26061C,G26144T	0	2	2	4			ORF1a:S2625F,ORF3a:Q57H,ORF3a:G251V	0	0	3	3		NODE_0000000	C8139T,G25563T,T26061C,G26144T		ORF1a:S2625F,ORF3a:Q57H,ORF3a:G251V		NODE_0000000	C8139T,G25563T,T26061C,G26144T		ORF1a:S2625F,ORF3a:Q57H,ORF3a:G251V		N/A	N/A	N/A	N/A	N/A	N/A	N/A	N/A	N/A	N/A			3000	0	good	0	10	0	good	0	24	2	8.333333	good	10		0	good	0		0		0	0	good		0	0	good	0				
678	MZ824649.1 Severe acute respiratory syndrome coronavirus 2 isolate SARS-CoV-2/human/CHN/Hefei-728/2020, complete genome	19B	19B		19B	A	A	0	good	6	0	0	0	0	0	2	0	0	0	89685	1	29903	1	E:1,M:1,N:1,ORF1a:1,ORF1b:1,ORF3a:1,ORF6:1,ORF7a:1,ORF7b:1,ORF8:1,ORF9b:1,S:1	false	G3167A,C8782T,C16954T,T17610C,C18060T,T28144C				ORF1a:A968T,ORF8:L84S					G3167A,C16954T,T17610C,C18060T	0	0	4	4			ORF1a:A968T	0	0	1	1		internal_b384	G3167A,C16954T,T17610C,C18060T		ORF1a:A968T		internal_b384	G3167A,C16954T,T17610C,C18060T		ORF1a:A968T		N/A	N/A	N/A	N/A	N/A	N/A	N/A	N/A	N/A	N/A			3000	0	good	0	10	0	good	0	24	-4	0	good	4		0	good	0		0		0	0	good		0	0	good	0				
682	MZ962407.1 Severe acute respiratory syndrome coronavirus 2 isolate SARS-CoV-2/human/FIN/FIN-UH25M-C1P1/2020, complete genome	20A	20A		20A	B.1	B.1	0	good	5	0	0	0	0	0	2	0	0	0	89533	19	29869	0.9982610440424038	E:1,M:1,N:1,ORF1a:1,ORF1b:1,ORF3a:1,ORF6:1,ORF7a:1,ORF7b:1,ORF8:1,ORF9b:1,S:1	false	C241T,C3037T,C14408T,C15324T,A23403G				ORF1b:P314L,S:D614G						0	0	0	0				0	0	0	0		NODE_0000764	C15324T				NODE_0000764	C15324T				N/A	N/A	N/A	N/A	N/A	N/A	N/A	N/A	N/A	N/A			3000	0	good	0	10	0	good	0	24	-8	0	good	0		0	good	0		0		0	0	good		0	0	good	0				
685	LC647128.1 Severe acute respiratory syndrome coronavirus 2 hCoV-19/Bangladesh/ECHD_00063/2020 RNA, complete genome	20A	20A		20A	B.1	B.1	0	good	11	0	0	0	2	0	8	0	0	1	89153	55	29787	0.9942480687556432	E:1,M:1,N:0.9976190476190476,ORF1a:1,ORF1b:1,ORF3a:1,ORF6:1,ORF7a:1,ORF7b:1,ORF8:1,ORF9b:1,S:1	false	C241T,C3037T,G4201T,C12369T,C14408T,G20438T,C23103T,A23403G,C26527T,A29365C,G29372A				M:A2V,N:E367K,ORF1a:M1312I,ORF1a:T4035I,ORF1b:P314L,ORF1b:S2324I,S:S514F,S:D614G					G4201T,C12369T,G20438T,C23103T,C26527T,A29365C,G29372A	0	0	7	7			M:A2V,N:E367K,ORF1a:M1312I,ORF1a:T4035I,ORF1b:S2324I,S:S514F	0	0	6	6	29357-29358	NODE_0000764	G4201T,C12369T,G20438T,C23103T,C26527T,A29365C,G29372A		M:A2V,N:E367K,ORF1a:M1312I,ORF1a:T4035I,ORF1b:S2324I,S:S514F		NODE_0000764	G4201T,C12369T,G20438T,C23103T,C26527T,A29365C,G29372A		M:A2V,N:E367K,ORF1a:M1312I,ORF1a:T4035I,ORF1b:S2324I,S:S514F		N/A	N/A	N/A	N/A	N/A	N/A	N/A	N/A	N/A	N/A	N:362		3000	0	good	2	10	0	good	0	24	-1	0	good	7		0	good	0		0		0	0	good		0	0	good	0				
681	MZ934691.1 Severe acute respiratory syndrome coronavirus 2 isolate SARS-CoV-2/human/FIN/hCoV-19-Finland-1/2020, complete genome	19A	19A		19A	B	B	0	good	1	15	0	0	0	0	1	5	0	0	89554	1	29870	0.9988964317961408	E:1,M:1,N:1,ORF1a:1,ORF1b:1,ORF3a:1,ORF6:1,ORF7a:1,ORF7b:1,ORF8:1,ORF9b:1,S:1	false	C21707T	23585-23599			S:H49Y	S:Q675-,S:T676-,S:Q677-,S:T678-,S:N679-				C21707T	0	0	1	1			S:H49Y	0	0	1	1		NODE_0000000	C21707T	23585-23599	S:H49Y	S:Q675-,S:T676-,S:Q677-,S:T678-,S:N679-	NODE_0000000	C21707T	23585-23599	S:H49Y	S:Q675-,S:T676-,S:Q677-,S:T678-,S:N679-	N/A	N/A	N/A	N/A	N/A	N/A	N/A	N/A	N/A	N/A			3000	0	good	0	10	0	good	0	24	-6	0	good	2		0	good	0		0		0	0	good		0	0	good	0				
680	MZ934692.1 Severe acute respiratory syndrome coronavirus 2 isolate SARS-CoV-2/human/FIN/hCoV-19-Finland-FIN-25/2020, complete genome	20A	20A		20A	B.1	B.1	0	good	6	15	0	0	0	0	3	5	0	0	89534	1	29870	0.9988964317961408	E:1,M:1,N:1,ORF1a:1,ORF1b:1,ORF3a:1,ORF6:1,ORF7a:1,ORF7b:1,ORF8:1,ORF9b:1,S:1	false	C241T,C3037T,C14408T,A23403G,C23606T,T26187C	23585-23599			ORF1b:P314L,S:D614G,S:R682W	S:Q675-,S:T676-,S:Q677-,S:T678-,S:N679-				C23606T,T26187C	0	0	2	2			S:R682W	0	0	1	1		NODE_0000764	C23606T,T26187C	23585-23599	S:R682W	S:Q675-,S:T676-,S:Q677-,S:T678-,S:N679-	NODE_0000764	C23606T,T26187C	23585-23599	S:R682W	S:Q675-,S:T676-,S:Q677-,S:T678-,S:N679-	N/A	N/A	N/A	N/A	N/A	N/A	N/A	N/A	N/A	N/A			3000	0	good	0	10	0	good	0	24	-5	0	good	3		0	good	0		0		0	0	good		0	0	good	0				
683	MZ970746.1 Severe acute respiratory syndrome coronavirus 2 isolate SARS-CoV-2/human/DJI/NAMRU3_CL1/2020, complete genome	20C	20C		20C	B.1	B.1	0	good	8	0	0	0	0	0	6	0	0	0	89314	55	29836	0.9959535832525165	E:1,M:1,N:1,ORF1a:1,ORF1b:1,ORF3a:1,ORF6:1,ORF7a:1,ORF7b:1,ORF8:1,ORF9b:1,S:1	false	C241T,C1059T,C3037T,C14408T,C14576T,A23403G,G24368T,G25563T				ORF1a:T265I,ORF1b:P314L,ORF1b:A370V,ORF3a:Q57H,S:D614G,S:D936Y					C14576T,G24368T	0	0	2	2			ORF1b:A370V,S:D936Y	0	0	2	2		NODE_0000826	C14576T,G24368T		ORF1b:A370V,S:D936Y		NODE_0000764	C1059T,C14576T,G24368T,G25563T		ORF1a:T265I,ORF1b:A370V,ORF3a:Q57H,S:D936Y		N/A	N/A	N/A	N/A	N/A	N/A	N/A	N/A	N/A	N/A			3000	0	good	0	10	0	good	0	24	-6	0	good	2		0	good	0		0		0	0	good		0	0	good	0				
688	OK435207.1 Severe acute respiratory syndrome coronavirus 2 isolate SARS-CoV-2/human/MEX/BCN-478/2020, complete genome	20A	20A		20A	B.1	B.1	0	good	9	0	0	0	3	0	5	0	0	0	89451	38	29867	0.9974584489850516	E:1,M:1,N:1,ORF1a:1,ORF1b:1,ORF3a:1,ORF6:1,ORF7a:1,ORF7b:1,ORF8:1,ORF9b:1,S:1	false	C241T,C3037T,C5467T,C14408T,A20268G,A23403G,G28326T,C28854T,T29867A				N:G18V,N:S194L,ORF1b:P314L,ORF9b:V15L,S:D614G					C5467T,G28326T,T29867A	0	0	3	3			N:G18V,ORF9b:V15L	0	0	2	2	29863-29865	NODE_0000764	C5467T,A20268G,G28326T,C28854T,T29867A		N:G18V,N:S194L,ORF9b:V15L		NODE_0000764	C5467T,A20268G,G28326T,C28854T,T29867A		N:G18V,N:S194L,ORF9b:V15L		N/A	N/A	N/A	N/A	N/A	N/A	N/A	N/A	N/A	N/A			3000	0	good	3	10	0	good	0	24	-5	0	good	3		0	good	0		0		0	0	good		0	0	good	0				
684	MZ970747.1 Severe acute respiratory syndrome coronavirus 2 isolate SARS-CoV-2/human/DJI/NAMRU3_CL2/2020, complete genome	20C	20C		20C	B.1	B.1	0	good	8	0	0	0	0	0	6	0	0	0	89314	55	29836	0.9959535832525165	E:1,M:1,N:1,ORF1a:1,ORF1b:1,ORF3a:1,ORF6:1,ORF7a:1,ORF7b:1,ORF8:1,ORF9b:1,S:1	false	C241T,C1059T,C3037T,C14408T,C14576T,A23403G,G24368T,G25563T				ORF1a:T265I,ORF1b:P314L,ORF1b:A370V,ORF3a:Q57H,S:D614G,S:D936Y					C14576T,G24368T	0	0	2	2			ORF1b:A370V,S:D936Y	0	0	2	2		NODE_0000826	C14576T,G24368T		ORF1b:A370V,S:D936Y		NODE_0000764	C1059T,C14576T,G24368T,G25563T		ORF1a:T265I,ORF1b:A370V,ORF3a:Q57H,S:D936Y		N/A	N/A	N/A	N/A	N/A	N/A	N/A	N/A	N/A	N/A			3000	0	good	0	10	0	good	0	24	-6	0	good	2		0	good	0		0		0	0	good		0	0	good	0				
687	OK427000.1 Severe acute respiratory syndrome coronavirus 2 isolate SARS-CoV-2/human/NZL/20CV0294/2020, complete genome	20A	20A		20A	B.1	B.1	0	good	9	0	0	0	0	0	6	0	0	0	89310	55	29836	0.9959535832525165	E:1,M:1,N:1,ORF1a:1,ORF1b:1,ORF3a:1,ORF6:1,ORF7a:1,ORF7b:1,ORF8:1,ORF9b:1,S:1	false	C241T,C3037T,C13501T,C14408T,C18877T,G21123T,A23403G,G25563T,G28371T				N:S33I,ORF1b:P12S,ORF1b:P314L,ORF3a:Q57H,ORF9b:V30L,S:D614G					C13501T,G21123T,G28371T	0	0	3	3			N:S33I,ORF1b:P12S,ORF9b:V30L	0	0	3	3		NODE_0000764	C13501T,C18877T,G21123T,G25563T,G28371T		N:S33I,ORF1b:P12S,ORF3a:Q57H,ORF9b:V30L		NODE_0000764	C13501T,C18877T,G21123T,G25563T,G28371T		N:S33I,ORF1b:P12S,ORF3a:Q57H,ORF9b:V30L		N/A	N/A	N/A	N/A	N/A	N/A	N/A	N/A	N/A	N/A			3000	0	good	0	10	0	good	0	24	-5	0	good	3		0	good	0		0		0	0	good		0	0	good	0				
679	MZ906150.1 Severe acute respiratory syndrome coronavirus 2 isolate SARS-CoV-2/human/USA/TG640795/2020, complete genome	20C	20C		20C	B.1	B.1	0	good	7	0	0	0	48	0	5	0	0	19	89465	5	29851	0.9965220880848076	E:1,M:1,N:1,ORF1a:1,ORF1b:0.9929525222551929,ORF3a:1,ORF6:1,ORF7a:1,ORF7b:1,ORF8:1,ORF9b:1,S:1	false	C241T,C1059T,C3037T,C14408T,A23403G,G25563T,C27964T				ORF1a:T265I,ORF1b:P314L,ORF3a:Q57H,ORF8:S24L,S:D614G						0	0	0	0				0	0	0	0	10,19307,19311,19321,19383-19388,19418,19472-19508	NODE_0000826	C27964T		ORF8:S24L		NODE_0000764	C1059T,G25563T,C27964T		ORF1a:T265I,ORF3a:Q57H,ORF8:S24L		N/A	N/A	N/A	N/A	N/A	N/A	N/A	N/A	N/A	N/A	ORF1b:1947-1948,ORF1b:1952,ORF1b:1973-1974,ORF1b:1984,ORF1b:2002-2014		3000	0	good	48	10	0	good	0	24	-8	0	good	0		0	good	0		0		0	0	good		0	0	good	0				
689	OK435266.1 Severe acute respiratory syndrome coronavirus 2 isolate SARS-CoV-2/human/MEX/BCS-468/2020, complete genome	20A	20A		20A	B.1.609	B.1.609	0	good	10	0	0	0	2	0	4	0	0	1	89538	2	29861	0.9984951342674648	E:1,M:1,N:1,ORF1a:1,ORF1b:1,ORF3a:1,ORF6:1,ORF7a:1,ORF7b:1,ORF8:1,ORF9b:1,S:0.9992150706436421	false	C241T,A1752G,C3037T,C4582T,C14408T,A15165G,G19999T,A20268G,A23403G,G29861A				ORF1a:Y496C,ORF1b:P314L,ORF1b:V2178F,S:D614G					A1752G,A15165G,G19999T,G29861A	0	0	4	4			ORF1a:Y496C,ORF1b:V2178F	0	0	2	2	22986-22987	NODE_0000764	A1752G,C4582T,A15165G,G19999T,A20268G,G29861A		ORF1a:Y496C,ORF1b:V2178F		B.1.609	A1752G,A15165G,G19999T,G29861A		ORF1a:Y496C,ORF1b:V2178F		N/A	N/A	N/A	N/A	N/A	N/A	N/A	N/A	N/A	N/A	S:475		3000	0	good	2	10	0	good	0	24	-4	0	good	4		0	good	0		0		0	0	good		0	0	good	0				
686	OK350745.1 Severe acute respiratory syndrome coronavirus 2 isolate SARS-CoV-2/human/CAN/Quebec-21697/2020, complete genome	20B	20B		20B	B.1.1	B.1.1	0	good	10	0	0	0	6	0	5	0	0	3	89300	55	29836	0.9957529344881785	E:1,M:1,N:1,ORF1a:0.9997727789138832,ORF1b:0.9996290801186943,ORF3a:1,ORF6:1,ORF7a:1,ORF7b:1,ORF8:1,ORF9b:1,S:0.9992150706436421	false	C241T,C3037T,C12412T,C14189T,C14408T,A23403G,G28881A,G28882A,G28883C,T29765A				N:R203K,N:G204R,ORF1b:A241V,ORF1b:P314L,S:D614G					C12412T,C14189T,T29765A	0	0	3	3			ORF1b:A241V	0	0	1	1	9811-9812,16255-16256,24981-24982	NODE_0000922	C12412T,C14189T,T29765A		ORF1b:A241V		NODE_0000922	C12412T,C14189T,T29765A		ORF1b:A241V		N/A	N/A	N/A	N/A	N/A	N/A	N/A	N/A	N/A	N/A	ORF1a:3183,ORF1b:930,S:1140		3000	0	good	6	10	0	good	0	24	-5	0	good	3		0	good	0		0		0	0	good		0	0	good	0				
692	OK435936.1 Severe acute respiratory syndrome coronavirus 2 isolate SARS-CoV-2/human/MEX/MIC-459/2020, complete genome	20B	20B		20B	B.1.1	B.1.1	0	good	12	0	0	0	180	0	6	0	0	64	89229	39	29857	0.9911714543691268	E:1,M:1,N:1,ORF1a:1,ORF1b:0.9929525222551929,ORF3a:1,ORF6:1,ORF7a:1,ORF7b:1,ORF8:1,ORF9b:1,S:0.9646781789638933	false	C241T,G1135T,A2024G,C3037T,C14408T,T19839C,A23403G,C27213T,G28881A,G28882A,G28883C,C29857T				N:R203K,N:G204R,ORF1a:K290N,ORF1a:T587A,ORF1b:P314L,S:D614G					G1135T,A2024G,C27213T,C29857T	0	0	4	4			ORF1a:K290N,ORF1a:T587A	0	0	2	2	20218-20273,22896-22958,22961-22963,22993-22994,22998-23048,23051-23052,23054-23055,23122	NODE_0000922	G1135T,A2024G,T19839C,C27213T,C29857T		ORF1a:K290N,ORF1a:T587A		NODE_0000922	G1135T,A2024G,T19839C,C27213T,C29857T		ORF1a:K290N,ORF1a:T587A		N/A	N/A	N/A	N/A	N/A	N/A	N/A	N/A	N/A	N/A	ORF1b:2251-2269,S:445-467,S:477-498		3000	0	good	180	10	0	good	0	24	-4	0	good	4		0	good	0		0		0	0	good		0	0	good	0				
690	OK435453.1 Severe acute respiratory syndrome coronavirus 2 isolate SARS-CoV-2/human/MEX/CMX-10/2020, complete genome	20A	20A		20A	B.1.609	B.1.609	0	good	5	0	0	0	97	0	2	0	0	44	89433	11	29860	0.9949837808915494	E:1,M:1,N:1,ORF1a:0.9929561463303794,ORF1b:0.9974035608308606,ORF3a:1,ORF6:1,ORF7a:0.9508196721311475,ORF7b:1,ORF8:1,ORF9b:1,S:1	false	C241T,C3037T,C4582T,C14408T,A23403G				ORF1b:P314L,S:D614G						0	0	0	0				0	0	0	0	8740-8805,8845,8848,8852,8863-8866,8877-8880,8883,8889,8891-8892,20268,20279,20281,20286,20289,20375,20478-20480,27601,27607,27613,27634,27645,27647,27650	NODE_0000764	C4582T				B.1.609					N/A	N/A	N/A	N/A	N/A	N/A	N/A	N/A	N/A	N/A	ORF1a:2826-2847,ORF1a:2860-2861,ORF1a:2863,ORF1a:2867,ORF1a:2871-2873,ORF1a:2875-2876,ORF1b:2267,ORF1b:2271-2274,ORF1b:2303,ORF1b:2338,ORF7a:70,ORF7a:72,ORF7a:74,ORF7a:81,ORF7a:85-86		3000	0	good	97	10	0	good	0	24	-8	0	good	0		0	good	0		0		0	0	good		0	0	good	0				
691	OK435476.1 Severe acute respiratory syndrome coronavirus 2 isolate SARS-CoV-2/human/MEX/CMX-12/2020, complete genome	20B	20B		20B	B.1.1	B.1.1	0	good	12	0	0	0	146	0	6	0	0	60	89272	39	29860	0.992408788415878	E:1,M:1,N:1,ORF1a:0.9904567143830948,ORF1b:0.9955489614243324,ORF3a:1,ORF6:1,ORF7a:0.9508196721311475,ORF7b:1,ORF8:1,ORF9b:1,S:1	false	C241T,C3037T,C8655T,C14408T,C17676T,T19839C,A21137G,A23403G,G28881A,G28882A,G28883C,A29860T				N:R203K,N:G204R,ORF1a:S2797F,ORF1b:P314L,ORF1b:K2557R,S:D614G				A21137G|24I	C8655T,C17676T,A29860T	0	1	3	4			ORF1a:S2797F,ORF1b:K2557R	0	0	2	2	8663-8755,8757,8764,8767,8772,8781-8782,8784,8787,8801-8811,20250,20260,20269-20270,20273-20274,20277-20291,20407,20412,27571-27578,27728,27732-27733	NODE_0000922	C8655T,C17676T,T19839C,A21137G,A29860T		ORF1a:S2797F,ORF1b:K2557R		NODE_0000922	C8655T,C17676T,T19839C,A21137G,A29860T		ORF1a:S2797F,ORF1b:K2557R		N/A	N/A	N/A	N/A	N/A	N/A	N/A	N/A	N/A	N/A	ORF1a:2800-2831,ORF1a:2833-2834,ORF1a:2836,ORF1a:2839-2841,ORF1a:2846-2849,ORF1b:2261,ORF1b:2265,ORF1b:2268-2275,ORF1b:2314-2315,ORF7a:60-62,ORF7a:112-114		3000	0	good	146	10	0	good	0	24	-1	0	good	7		0	good	0		0		0	0	good		0	0	good	0				
698	OK548938.1 Severe acute respiratory syndrome coronavirus 2 isolate SARS-CoV-2/human/Mexico/SEARCH-102576/2020, complete genome	20C	20C		20C	B.1.320	B.1.320	0	good	9	0	0	0	0	0	5	0	0	0	88758	87	29684	0.9898003544794837	E:1,M:1,N:1,ORF1a:1,ORF1b:1,ORF3a:1,ORF6:1,ORF7a:1,ORF7b:1,ORF8:1,ORF9b:1,S:1	false	C241T,C379A,C1059T,C3037T,G4657A,C14408T,G21578T,A23403G,G25563T				ORF1a:T265I,ORF1b:P314L,ORF3a:Q57H,S:V6F,S:D614G					G4657A,G21578T	0	0	2	2			S:V6F	0	0	1	1		NODE_0000826	C379A,G4657A,G21578T		S:V6F		B.1.320	G4657A,G21578T		S:V6F		N/A	N/A	N/A	N/A	N/A	N/A	N/A	N/A	N/A	N/A			3000	0	good	0	10	0	good	0	24	-6	0	good	2		0	good	0		0		0	0	good		0	0	good	0				
695	OK449067.1 Severe acute respiratory syndrome coronavirus 2 isolate SARS-CoV-2/human/KEN/K508/2020, complete genome	20A	20A		20A	B.1	B.1	0	good	8	0	0	0	2	0	6	0	0	1	89312	55	29836	0.9958867003310704	E:1,M:1,N:1,ORF1a:1,ORF1b:1,ORF3a:1,ORF6:1,ORF7a:1,ORF7b:1,ORF8:1,ORF9b:1,S:0.9992150706436421	false	C241T,C3037T,C6270T,C6285T,C14408T,C16616G,C17104T,A23403G				ORF1a:T2002M,ORF1a:T2007I,ORF1b:P314L,ORF1b:T1050S,ORF1b:H1213Y,S:D614G				C6285T|21D	C6270T,C16616G,C17104T	0	1	3	4			ORF1a:T2002M,ORF1a:T2007I,ORF1b:T1050S,ORF1b:H1213Y	0	0	4	4	24981-24982	NODE_0000764	C6270T,C6285T,C16616G,C17104T		ORF1a:T2002M,ORF1a:T2007I,ORF1b:T1050S,ORF1b:H1213Y		NODE_0000764	C6270T,C6285T,C16616G,C17104T		ORF1a:T2002M,ORF1a:T2007I,ORF1b:T1050S,ORF1b:H1213Y		N/A	N/A	N/A	N/A	N/A	N/A	N/A	N/A	N/A	N/A	S:1140		3000	0	good	2	10	0	good	0	24	-1	0	good	7		0	good	0		0		0	0	good		0	0	good	0				
699	OK548948.1 Severe acute respiratory syndrome coronavirus 2 isolate SARS-CoV-2/human/Mexico/SEARCH-102586/2020, complete genome	20A	20A		20A	B.1.243	B.1.243	0	good	10	0	0	0	102	0	3	0	0	35	88652	87	29684	0.9863893254857372	E:1,M:1,N:0.9166666666666666,ORF1a:1,ORF1b:1,ORF3a:1,ORF6:1,ORF7a:1,ORF7b:1,ORF8:1,ORF9b:1,S:1	false	C241T,C3037T,G4300T,C6196T,C14408T,T15432C,A20268G,A23403G,T24076C,C28854T				N:S194L,ORF1b:P314L,S:D614G					G4300T,C6196T,T15432C	0	0	3	3				0	0	0	0	29343-29383,29418-29478	NODE_0000764	G4300T,C6196T,T15432C,A20268G,T24076C,C28854T		N:S194L		B.1.243	G4300T,C6196T,T15432C				N/A	N/A	N/A	N/A	N/A	N/A	N/A	N/A	N/A	N/A	N:357-370,N:382-402		3000	0	good	102	10	0	good	0	24	-5	0	good	3		0	good	0		0		0	0	good		0	0	good	0				
703	OK548983.1 Severe acute respiratory syndrome coronavirus 2 isolate SARS-CoV-2/human/Mexico/SEARCH-102622/2020, complete genome	20A	20A		20A	B.1	B.1	0	good	6	0	0	0	0	0	3	0	0	0	88770	87	29684	0.9898003544794837	E:1,M:1,N:1,ORF1a:1,ORF1b:1,ORF3a:1,ORF6:1,ORF7a:1,ORF7b:1,ORF8:1,ORF9b:1,S:1	false	C241T,C3037T,C14408T,A20268G,A23403G,C28854T				N:S194L,ORF1b:P314L,S:D614G						0	0	0	0				0	0	0	0		NODE_0000764	A20268G,C28854T		N:S194L		NODE_0000764	A20268G,C28854T		N:S194L		N/A	N/A	N/A	N/A	N/A	N/A	N/A	N/A	N/A	N/A			3000	0	good	0	10	0	good	0	24	-8	0	good	0		0	good	0		0		0	0	good		0	0	good	0				
697	OK548928.1 Severe acute respiratory syndrome coronavirus 2 isolate SARS-CoV-2/human/Mexico/SEARCH-102566/2020, complete genome	20C	20C		20C	B.1	B.1	0	good	8	0	0	0	94	0	6	0	0	32	88668	87	29684	0.9866568571715213	E:1,M:1,N:0.9238095238095239,ORF1a:1,ORF1b:1,ORF3a:1,ORF6:1,ORF7a:1,ORF7b:1,ORF8:1,ORF9b:1,S:1	false	C241T,C1059T,C3037T,C11195T,C14408T,G17014T,A23403G,G25563T				ORF1a:T265I,ORF1a:L3644F,ORF1b:P314L,ORF1b:D1183Y,ORF3a:Q57H,S:D614G				G17014T|21C	C11195T	0	1	1	2			ORF1a:L3644F,ORF1b:D1183Y	0	0	2	2	29343-29383,29426-29478	NODE_0000826	C11195T,G17014T		ORF1a:L3644F,ORF1b:D1183Y		NODE_0000764	C1059T,C11195T,G17014T,G25563T		ORF1a:T265I,ORF1a:L3644F,ORF1b:D1183Y,ORF3a:Q57H		N/A	N/A	N/A	N/A	N/A	N/A	N/A	N/A	N/A	N/A	N:357-370,N:385-402		3000	0	good	94	10	0	good	0	24	-3	0	good	5		0	good	0		0		0	0	good		0	0	good	0				
693	OK435962.1 Severe acute respiratory syndrome coronavirus 2 isolate SARS-CoV-2/human/MEX/MOR-464/2020, complete genome	20A	20A		20A	B.1.609	B.1.609	0	good	6	0	0	0	162	0	3	0	0	60	89373	6	29858	0.9929104103267231	E:1,M:1,N:1,ORF1a:0.998863894569416,ORF1b:0.983679525222552,ORF3a:1,ORF6:1,ORF7a:1,ORF7b:1,ORF8:1,ORF9b:1,S:0.9913657770800628	false	C241T,C3037T,C4582T,C13119T,C14408T,A23403G				ORF1a:A4285V,ORF1b:P314L,S:D614G					C13119T	0	0	1	1			ORF1a:A4285V	0	0	1	1	6956-6957,6963-6969,6977,20234-20291,20306,20329,20337,20363-20420,20422,23094-23125	NODE_0000764	C4582T,C13119T		ORF1a:A4285V		B.1.609	C13119T		ORF1a:A4285V		N/A	N/A	N/A	N/A	N/A	N/A	N/A	N/A	N/A	N/A	ORF1a:2231,ORF1a:2233-2235,ORF1a:2238,ORF1b:2256-2275,ORF1b:2280,ORF1b:2288,ORF1b:2290,ORF1b:2299-2319,S:511-521		3000	0	good	162	10	0	good	0	24	-7	0	good	1		0	good	0		0		0	0	good		0	0	good	0				
705	OK549199.1 Severe acute respiratory syndrome coronavirus 2 isolate SARS-CoV-2/human/Mexico/BCN-SEARCH-102855/2020, complete genome	20C	20C		20C	B.1	B.1	0	good	10	0	0	0	54	0	6	0	0	19	88700	87	29684	0.9879945156004414	E:1,M:1,N:0.9547619047619048,ORF1a:1,ORF1b:1,ORF3a:1,ORF6:1,ORF7a:1,ORF7b:1,ORF8:1,ORF9b:1,S:1	false	C241T,C1059T,C3037T,C14408T,C16193T,G17014T,A23403G,G25563T,C26801T,C27005T				ORF1a:T265I,ORF1b:P314L,ORF1b:P909L,ORF1b:D1183Y,ORF3a:Q57H,S:D614G				G17014T|21C	C16193T,C26801T,C27005T	0	1	3	4			ORF1b:P909L,ORF1b:D1183Y	0	0	2	2	29343-29396	NODE_0000826	C16193T,G17014T,C26801T,C27005T		ORF1b:P909L,ORF1b:D1183Y		NODE_0000764	C1059T,C16193T,G17014T,G25563T,C26801T,C27005T		ORF1a:T265I,ORF1b:P909L,ORF1b:D1183Y,ORF3a:Q57H		N/A	N/A	N/A	N/A	N/A	N/A	N/A	N/A	N/A	N/A	N:357-375		3000	0	good	54	10	0	good	0	24	-1	0	good	7		0	good	0		0		0	0	good		0	0	good	0				
704	OK549143.1 Severe acute respiratory syndrome coronavirus 2 isolate SARS-CoV-2/human/Mexico/BCN-SEARCH-102796/2020, complete genome	20A	20A		20A	B.1	B.1	0	good	7	0	0	0	98	0	4	0	0	35	88668	87	29684	0.9865230913286293	E:1,M:1,N:0.9166666666666666,ORF1a:1,ORF1b:1,ORF3a:1,ORF6:1,ORF7a:1,ORF7b:1,ORF8:1,ORF9b:1,S:1	false	C241T,C3037T,C14408T,A20268G,G21786T,A23403G,C28854T				N:S194L,ORF1b:P314L,S:G75V,S:D614G				G21786T|21G		0	1	0	1			S:G75V	0	0	1	1	29344-29382,29406-29411,29426-29478	NODE_0000764	A20268G,G21786T,C28854T		N:S194L,S:G75V		NODE_0000764	A20268G,G21786T,C28854T		N:S194L,S:G75V		N/A	N/A	N/A	N/A	N/A	N/A	N/A	N/A	N/A	N/A	N:357-370,N:378-380,N:385-402		3000	0	good	98	10	0	good	0	24	-4	0	good	4		0	good	0		0		0	0	good		0	0	good	0				
701	OK548958.1 Severe acute respiratory syndrome coronavirus 2 isolate SARS-CoV-2/human/Mexico/SEARCH-102596/2020, complete genome	20C	20C		20C	B.1.320	B.1.320	0	good	10	3	0	0	0	0	7	1	0	0	88737	87	29684	0.9898003544794837	E:1,M:1,N:1,ORF1a:1,ORF1b:1,ORF3a:1,ORF6:1,ORF7a:1,ORF7b:1,ORF8:1,ORF9b:1,S:1	false	C241T,C379A,C1059T,C3037T,G4657A,C14408T,G19252T,G21578T,A23403G,G25563T	22587-22589			ORF1a:T265I,ORF1b:P314L,ORF1b:V1929L,ORF3a:Q57H,S:V6F,S:N343Y,S:D614G	S:F342-				G4657A,G19252T,G21578T	0	0	3	3			ORF1b:V1929L,S:V6F,S:N343Y	0	0	3	3		NODE_0000826	C379A,G4657A,G19252T,G21578T	22587-22589	ORF1b:V1929L,S:V6F,S:N343Y	S:F342-	B.1.320	G4657A,G19252T,G21578T	22587-22589	ORF1b:V1929L,S:V6F,S:N343Y	S:F342-	N/A	N/A	N/A	N/A	N/A	N/A	N/A	N/A	N/A	N/A			3000	0	good	0	10	0	good	0	24	-4	0	good	4		0	good	0		0		0	0	good		0	0	good	0				
702	OK548971.1 Severe acute respiratory syndrome coronavirus 2 isolate SARS-CoV-2/human/Mexico/SEARCH-102610/2020, complete genome	20C	20C		20C	B.1	B.1	0	good	6	0	0	0	154	0	4	0	0	52	88616	87	29684	0.984650369528141	E:1,M:1,N:0.9166666666666666,ORF1a:1,ORF1b:1,ORF3a:1,ORF6:1,ORF7a:0.860655737704918,ORF7b:1,ORF8:1,ORF9b:1,S:1	false	C241T,C1059T,C3037T,C14408T,A23403G,G25563T				ORF1a:T265I,ORF1b:P314L,ORF3a:Q57H,S:D614G						0	0	0	0				0	0	0	0	27495-27546,29343-29383,29418-29478	NODE_0000826					NODE_0000764	C1059T,G25563T		ORF1a:T265I,ORF3a:Q57H		N/A	N/A	N/A	N/A	N/A	N/A	N/A	N/A	N/A	N/A	ORF7a:35-51,N:357-370,N:382-402		3000	0	good	154	10	0	good	0	24	-8	0	good	0		0	good	0		0		0	0	good		0	0	good	0				
700	OK548957.1 Severe acute respiratory syndrome coronavirus 2 isolate SARS-CoV-2/human/Mexico/SEARCH-102595/2020, complete genome	20A	20A		20A	B.1.243	B.1.243	0	good	10	0	0	0	40	0	4	0	0	14	88714	87	29684	0.9884626960505635	E:1,M:1,N:0.9666666666666667,ORF1a:1,ORF1b:1,ORF3a:1,ORF6:1,ORF7a:1,ORF7b:1,ORF8:1,ORF9b:1,S:1	false	C241T,G1268A,C3037T,C6196T,C14408T,T15432C,A20268G,A23403G,T24076C,C28854T				N:S194L,ORF1a:D335N,ORF1b:P314L,S:D614G					G1268A,C6196T,T15432C	0	0	3	3			ORF1a:D335N	0	0	1	1	29344-29383	NODE_0000764	G1268A,C6196T,T15432C,A20268G,T24076C,C28854T		N:S194L,ORF1a:D335N		B.1.243	G1268A,C6196T,T15432C		ORF1a:D335N		N/A	N/A	N/A	N/A	N/A	N/A	N/A	N/A	N/A	N/A	N:357-370		3000	0	good	40	10	0	good	0	24	-5	0	good	3		0	good	0		0		0	0	good		0	0	good	0				
696	OK548927.1 Severe acute respiratory syndrome coronavirus 2 isolate SARS-CoV-2/human/Mexico/SEARCH-102565/2020, complete genome	20C	20C		20C	B.1	B.1	0	good	10	3	0	0	0	0	7	0	0	0	88739	87	29684	0.9898003544794837	E:1,M:1,N:1,ORF1a:1,ORF1b:1,ORF3a:1,ORF6:1,ORF7a:1,ORF7b:1,ORF8:1,ORF9b:1,S:1	false	C241T,C1059T,A2647G,G2809T,C3037T,C14408T,T17687C,A23403G,G25563T,C25886T	134-136			ORF1a:T265I,ORF1a:R848S,ORF1b:P314L,ORF1b:V1407A,ORF3a:Q57H,ORF3a:S165F,S:D614G					A2647G,G2809T,T17687C,C25886T	0	0	4	4			ORF1a:R848S,ORF1b:V1407A,ORF3a:S165F	0	0	3	3		NODE_0000826	A2647G,G2809T,T17687C,C25886T	134-136	ORF1a:R848S,ORF1b:V1407A,ORF3a:S165F		NODE_0000764	C1059T,A2647G,G2809T,T17687C,G25563T,C25886T	134-136	ORF1a:T265I,ORF1a:R848S,ORF1b:V1407A,ORF3a:Q57H,ORF3a:S165F		N/A	N/A	N/A	N/A	N/A	N/A	N/A	N/A	N/A	N/A			3000	0	good	0	10	0	good	0	24	-3	0	good	5		0	good	0		0		0	0	good		0	0	good	0				
694	OK436133.1 Severe acute respiratory syndrome coronavirus 2 isolate SARS-CoV-2/human/MEX/PUE-462/2020, complete genome	20C	20C		20C	B.1	B.1	0	good	10	0	0	0	118	0	6	0	0	49	89293	39	29855	0.9931779420125071	E:1,M:1,N:1,ORF1a:0.9984094523971825,ORF1b:1,ORF3a:1,ORF6:1,ORF7a:0.8688524590163934,ORF7b:0.9545454545454546,ORF8:1,ORF9b:1,S:0.9811616954474097	false	C241T,C1059T,C3037T,C14408T,C21914T,A23403G,C23589T,G25563T,C29750T,T29855C				ORF1a:T265I,ORF1b:P314L,ORF3a:Q57H,S:L118F,S:D614G,S:T676I					C21914T,C23589T,C29750T,T29855C	0	0	4	4			S:L118F,S:T676I	0	0	2	2	8658,8798,8808,8815,8862,8864,8866,8869-8871,8874-8875,8881,22897-22934,22966-22986,23006-23008,23021,23056,27598-27599,27601-27609,27611-27612,27616,27622-27626,27634,27650-27665,27753-27755,27763,27772	NODE_0000826	C21914T,C23589T,C29750T,T29855C		S:L118F,S:T676I		NODE_0000764	C1059T,C21914T,C23589T,G25563T,C29750T,T29855C		ORF1a:T265I,ORF3a:Q57H,S:L118F,S:T676I		N/A	N/A	N/A	N/A	N/A	N/A	N/A	N/A	N/A	N/A	ORF1a:2798,ORF1a:2845,ORF1a:2848,ORF1a:2866-2867,ORF1a:2869-2870,S:446-458,S:468-475,S:482,S:487,S:498,ORF7a:69-73,ORF7a:75,ORF7a:77-78,ORF7a:81,ORF7a:86-91,ORF7a:121,ORF7b:3,ORF7b:6		3000	0	good	118	10	0	good	0	24	-4	0	good	4		0	good	0		0		0	0	good		0	0	good	0				
706	OK549200.1 Severe acute respiratory syndrome coronavirus 2 isolate SARS-CoV-2/human/Mexico/BCN-SEARCH-102856/2020, complete genome	20A	20A		20A	B.1.241	B.1.241	0	good	12	0	0	0	0	0	5	0	0	0	88746	87	29684	0.9898003544794837	E:1,M:1,N:1,ORF1a:1,ORF1b:1,ORF3a:1,ORF6:1,ORF7a:1,ORF7b:1,ORF8:1,ORF9b:1,S:1	false	C241T,C3037T,T9519C,C11575T,C14408T,C15222T,C19029T,A20268G,C21306T,A23403G,G24488T,C28854T				N:S194L,ORF1a:F3085S,ORF1b:P314L,S:D614G,S:V976F				C19029T|25E&25I	T9519C,C15222T,C21306T,G24488T	0	1	4	5			ORF1a:F3085S,S:V976F	0	0	2	2		NODE_0000764	T9519C,C11575T,C15222T,C19029T,A20268G,C21306T,G24488T,C28854T		N:S194L,ORF1a:F3085S,S:V976F		B.1.241	T9519C,C15222T,C19029T,C21306T,G24488T		ORF1a:F3085S,S:V976F		N/A	N/A	N/A	N/A	N/A	N/A	N/A	N/A	N/A	N/A			3000	0	good	0	10	0	good	0	24	0	0	good	8		0	good	0		0		0	0	good		0	0	good	0				
707	OK594604.1 Severe acute respiratory syndrome coronavirus 2 isolate SARS-CoV-2/human/MYS/NC387/2020, complete genome	19A	19A		19A	B.6.6	B.6.6	0	good	6	0	0	0	0	0	5	0	0	0	89322	55	29836	0.9959535832525165	E:1,M:1,N:1,ORF1a:1,ORF1b:1,ORF3a:1,ORF6:1,ORF7a:1,ORF7b:1,ORF8:1,ORF9b:1,S:1	false	C6312A,G11083T,C13730T,C19524T,C23929T,C28311T				N:P13L,ORF1a:T2016K,ORF1a:L3606F,ORF1b:A88V,ORF9b:P10S			A6310C			1	0	0	1	ORF1a:R2015S			1	0	0	1		NODE_0000000	C6312A,G11083T,C13730T,C19524T,C23929T,C28311T		N:P13L,ORF1a:T2016K,ORF1a:L3606F,ORF1b:A88V,ORF9b:P10S		B.6.6	A6310C		ORF1a:R2015S		N/A	N/A	N/A	N/A	N/A	N/A	N/A	N/A	N/A	N/A			3000	0	good	0	10	0	good	0	24	-2	0	good	6		0	good	0		0		0	0	good		0	0	good	0				
708	OL336607.1 Severe acute respiratory syndrome coronavirus 2 isolate SARS-CoV-2/human/MLI/M00960/2020, complete genome	20A	20A		20A	B.1	B.1	5.340278	good	19	0	0	0	0	1	11	0	0	0	89594	14	29903	0.9995318195498779	E:1,M:1,N:1,ORF1a:1,ORF1b:1,ORF3a:1,ORF6:1,ORF7a:1,ORF7b:1,ORF8:1,ORF9b:1,S:1	false	T41A,C241T,T1783C,C2416T,C3037T,C5100T,C10138T,G11128A,C14322T,C14408T,C15654T,A23403G,G23587C,C25433T,G25563T,T26038C,A28482G,T28600C,C28833T				N:Q70R,N:S187L,ORF1a:S1612L,ORF1a:M3621I,ORF1b:P314L,ORF3a:T14I,ORF3a:Q57H,ORF3a:S216P,ORF9b:K67E,S:D614G,S:Q675H					T41A,T1783C,C5100T,C10138T,G11128A,C14322T,C15654T,G23587C,C25433T,T26038C,A28482G,T28600C,C28833T	0	0	13	13			N:Q70R,N:S187L,ORF1a:S1612L,ORF1a:M3621I,ORF3a:T14I,ORF3a:S216P,ORF9b:K67E,S:Q675H	0	0	8	8		NODE_0000764	T41A,T1783C,C2416T,C5100T,C10138T,G11128A,C14322T,C15654T,G23587C,C25433T,G25563T,T26038C,A28482G,T28600C,C28833T		N:Q70R,N:S187L,ORF1a:S1612L,ORF1a:M3621I,ORF3a:T14I,ORF3a:Q57H,ORF3a:S216P,ORF9b:K67E,S:Q675H		NODE_0000764	T41A,T1783C,C2416T,C5100T,C10138T,G11128A,C14322T,C15654T,G23587C,C25433T,G25563T,T26038C,A28482G,T28600C,C28833T		N:Q70R,N:S187L,ORF1a:S1612L,ORF1a:M3621I,ORF3a:T14I,ORF3a:Q57H,ORF3a:S216P,ORF9b:K67E,S:Q675H		N/A	N/A	N/A	N/A	N/A	N/A	N/A	N/A	N/A	N/A		Y:847	3000	0	good	0	10	10	good	1	24	5	20.833333	good	13		0	good	0		0		0	0	good		0	0	good	0				
715	OV078155.1 Severe acute respiratory syndrome coronavirus 2 isolate AS-015_4031_bronchus genome assembly, complete genome: monopartite	20B	20B		20B	B.1.1	B.1.1	0	good	10	0	0	0	0	0	4	0	0	0	89588	13	29888	0.9990970805604789	E:1,M:1,N:1,ORF1a:1,ORF1b:1,ORF3a:1,ORF6:1,ORF7a:1,ORF7b:1,ORF8:1,ORF9b:1,S:1	false	C241T,C3037T,C14408T,A23403G,G28881A,G28882A,G28883C,C29738T,G29747T,C29835T				N:R203K,N:G204R,ORF1b:P314L,S:D614G					C29738T,G29747T,C29835T	0	0	3	3				0	0	0	0		NODE_0000922	C29738T,G29747T,C29835T				NODE_0000922	C29738T,G29747T,C29835T				N/A	N/A	N/A	N/A	N/A	N/A	N/A	N/A	N/A	N/A			3000	0	good	0	10	0	good	0	24	-5	0	good	3		0	good	0		0		0	0	good		0	0	good	0				
712	OL588207.1 Severe acute respiratory syndrome coronavirus 2 isolate SARS-CoV-2/human/JPN/JP_Hiro46070c/2020, complete genome	20B	20B		20B	B.1.1	B.1.1	0	good	9	0	0	0	2	0	5	0	0	1	89308	55	29836	0.9958867003310704	E:1,M:1,N:1,ORF1a:1,ORF1b:1,ORF3a:1,ORF6:1,ORF7a:1,ORF7b:1,ORF8:1,ORF9b:1,S:0.9992150706436421	false	C241T,C313T,C3037T,C6318T,C14408T,A23403G,G28881A,G28882A,G28883C				N:R203K,N:G204R,ORF1a:P2018L,ORF1b:P314L,S:D614G					C6318T	0	0	1	1			ORF1a:P2018L	0	0	1	1	24981-24982	NODE_0000922	C313T,C6318T		ORF1a:P2018L		NODE_0000922	C313T,C6318T		ORF1a:P2018L		N/A	N/A	N/A	N/A	N/A	N/A	N/A	N/A	N/A	N/A	S:1140		3000	0	good	2	10	0	good	0	24	-7	0	good	1		0	good	0		0		0	0	good		0	0	good	0				
710	OL549281.1 Severe acute respiratory syndrome coronavirus 2 isolate SARS-CoV-2/human/TUR/Kocak/2020, complete genome	19B	19B		19B	A	A	0	good	9	0	0	0	0	0	4	0	0	0	89472	8	29843	0.9977594221315587	E:1,M:1,N:1,ORF1a:1,ORF1b:1,ORF3a:1,ORF6:1,ORF7a:1,ORF7b:1,ORF8:1,ORF9b:1,S:1	false	C313T,G5554T,C8782T,G17259T,G22468T,C26873T,T28144C,G28878A,G29742A				N:S202N,ORF1a:K1763N,ORF1b:E1264D,ORF8:L84S				G17259T|20J	C313T,G5554T,C26873T	0	1	3	4			ORF1a:K1763N,ORF1b:E1264D	0	0	2	2		internal_b384	C313T,G5554T,G17259T,G22468T,C26873T,G28878A,G29742A		N:S202N,ORF1a:K1763N,ORF1b:E1264D		internal_b384	C313T,G5554T,G17259T,G22468T,C26873T,G28878A,G29742A		N:S202N,ORF1a:K1763N,ORF1b:E1264D		N/A	N/A	N/A	N/A	N/A	N/A	N/A	N/A	N/A	N/A			3000	0	good	0	10	0	good	0	24	-1	0	good	7		0	good	0		0		0	0	good		0	0	good	0				
713	OL588210.1 Severe acute respiratory syndrome coronavirus 2 isolate SARS-CoV-2/human/JPN/JP_Hiro99268c/2020, complete genome	20B	20B		20B	B.1.1	B.1.1	0	good	9	0	0	0	2	0	5	0	0	1	89308	55	29836	0.9958867003310704	E:1,M:1,N:1,ORF1a:1,ORF1b:1,ORF3a:1,ORF6:1,ORF7a:1,ORF7b:1,ORF8:1,ORF9b:1,S:0.9992150706436421	false	C241T,C313T,C3037T,C6318T,C14408T,A23403G,G28881A,G28882A,G28883C				N:R203K,N:G204R,ORF1a:P2018L,ORF1b:P314L,S:D614G					C6318T	0	0	1	1			ORF1a:P2018L	0	0	1	1	24981-24982	NODE_0000922	C313T,C6318T		ORF1a:P2018L		NODE_0000922	C313T,C6318T		ORF1a:P2018L		N/A	N/A	N/A	N/A	N/A	N/A	N/A	N/A	N/A	N/A	S:1140		3000	0	good	2	10	0	good	0	24	-7	0	good	1		0	good	0		0		0	0	good		0	0	good	0				
714	OV078153.1 Severe acute respiratory syndrome coronavirus 2 isolate AS-011_4019_bronchus genome assembly, complete genome: monopartite	20A	20A		20A	B.1	B.1	0	good	7	0	0	0	0	0	4	0	0	0	89510	19	29864	0.9980938367387887	E:1,M:1,N:1,ORF1a:1,ORF1b:1,ORF3a:1,ORF6:1,ORF7a:1,ORF7b:1,ORF8:1,ORF9b:1,S:1	false	C241T,C3037T,G10255T,C14408T,A20268G,A23403G,G28703T				N:D144Y,ORF1a:L3330F,ORF1b:P314L,S:D614G					G10255T,G28703T	0	0	2	2			N:D144Y,ORF1a:L3330F	0	0	2	2		NODE_0000764	G10255T,A20268G,G28703T		N:D144Y,ORF1a:L3330F		NODE_0000764	G10255T,A20268G,G28703T		N:D144Y,ORF1a:L3330F		N/A	N/A	N/A	N/A	N/A	N/A	N/A	N/A	N/A	N/A			3000	0	good	0	10	0	good	0	24	-6	0	good	2		0	good	0		0		0	0	good		0	0	good	0				
709	OL468568.1 Severe acute respiratory syndrome coronavirus 2 isolate SARS-CoV-2/human/JPN/JP_Hiro46057c/2020, complete genome	20B	20B		20B	B.1.1	B.1.1	0	good	9	0	0	0	4	0	5	0	0	2	89306	55	29836	0.9958198174096244	E:1,M:1,N:1,ORF1a:1,ORF1b:0.9996290801186943,ORF3a:1,ORF6:1,ORF7a:1,ORF7b:1,ORF8:1,ORF9b:1,S:0.9992150706436421	false	C241T,C313T,C3037T,C6318T,C14408T,A23403G,G28881A,G28882A,G28883C				N:R203K,N:G204R,ORF1a:P2018L,ORF1b:P314L,S:D614G					C6318T	0	0	1	1			ORF1a:P2018L	0	0	1	1	16255-16256,24981-24982	NODE_0000922	C313T,C6318T		ORF1a:P2018L		NODE_0000922	C313T,C6318T		ORF1a:P2018L		N/A	N/A	N/A	N/A	N/A	N/A	N/A	N/A	N/A	N/A	ORF1b:930,S:1140		3000	0	good	4	10	0	good	0	24	-7	0	good	1		0	good	0		0		0	0	good		0	0	good	0				
717	OV078955.1 Severe acute respiratory syndrome coronavirus 2 isolate SARS-CoV-2_433_003745 genome assembly, complete genome: monopartite	20C	20C		20C	B.1	B.1	25.173611	good	15	0	0	0	229	0	6	0	0	77	89219	39	29874	0.9901013276259907	E:1,M:1,N:1,ORF1a:0.982503976369007,ORF1b:1,ORF3a:1,ORF6:1,ORF7a:1,ORF7b:1,ORF8:1,ORF9b:1,S:1	false	C241T,C1059T,C3037T,C14408T,C21145T,G21824T,A23403G,G25563T,G29861A,G29864A,A29865G,A29866C,G29868A,A29869T,C29870T				ORF1a:T265I,ORF1b:P314L,ORF1b:L2560F,ORF3a:Q57H,S:D88Y,S:D614G					C21145T,G21824T,G29861A,G29864A,A29865G,A29866C,G29868A,A29869T,C29870T	0	0	9	9			ORF1b:L2560F,S:D88Y	0	0	2	2	1646-1874	NODE_0000826	C21145T,G21824T,G29861A,G29864A,A29865G,A29866C,G29868A,A29869T,C29870T		ORF1b:L2560F,S:D88Y		NODE_0000764	C1059T,C21145T,G21824T,G25563T,G29861A,G29864A,A29865G,A29866C,G29868A,A29869T,C29870T		ORF1a:T265I,ORF1b:L2560F,ORF3a:Q57H,S:D88Y		N/A	N/A	N/A	N/A	N/A	N/A	N/A	N/A	N/A	N/A	ORF1a:461-537		3000	0	good	229	10	0	good	0	24	1	4.166667	good	9	29861-29869:7	50	mediocre	7		0		0	0	good		0	0	good	0				
711	OL588205.1 Severe acute respiratory syndrome coronavirus 2 isolate SARS-CoV-2/human/JPN/JP_Hiro49017c/2020, complete genome	20B	20B		20B	B.1.1	B.1.1	0	good	9	0	0	0	3	0	5	0	0	2	89307	55	29836	0.9958532588703475	E:1,M:1,N:1,ORF1a:0.9997727789138832,ORF1b:1,ORF3a:1,ORF6:1,ORF7a:1,ORF7b:1,ORF8:1,ORF9b:1,S:0.9992150706436421	false	C241T,C313T,C3037T,C6318T,C14408T,A23403G,G28881A,G28882A,G28883C				N:R203K,N:G204R,ORF1a:P2018L,ORF1b:P314L,S:D614G					C6318T	0	0	1	1			ORF1a:P2018L	0	0	1	1	1001,24981-24982	NODE_0000922	C313T,C6318T		ORF1a:P2018L		NODE_0000922	C313T,C6318T		ORF1a:P2018L		N/A	N/A	N/A	N/A	N/A	N/A	N/A	N/A	N/A	N/A	ORF1a:246,S:1140		3000	0	good	3	10	0	good	0	24	-7	0	good	1		0	good	0		0		0	0	good		0	0	good	0				
720	OL756844.1 Severe acute respiratory syndrome coronavirus 2 isolate SARS-CoV-2/human/USA/MI-MDHHS-SC20705/2020, complete genome	20C	20C		20C	B.1	B.1	1	good	8	0	0	0	0	1	4	0	0	0	89413	39	29853	0.9970237099956526	E:1,M:1,N:1,ORF1a:1,ORF1b:1,ORF3a:1,ORF6:1,ORF7a:1,ORF7b:1,ORF8:1,ORF9b:1,S:1	false	C241T,C1059T,C3037T,T8899C,C14408T,A23403G,G25563T,C29774T				ORF1a:T265I,ORF1b:P314L,ORF3a:Q57H,S:D614G				C29774T|25E	T8899C	0	1	1	2				0	0	0	0		NODE_0000826	T8899C,C29774T				NODE_0000764	C1059T,T8899C,G25563T,C29774T		ORF1a:T265I,ORF3a:Q57H		N/A	N/A	N/A	N/A	N/A	N/A	N/A	N/A	N/A	N/A		Y:15849	3000	0	good	0	10	10	good	1	24	-3	0	good	5		0	good	0		0		0	0	good		0	0	good	0				
719	OL676201.1 Severe acute respiratory syndrome coronavirus 2 isolate SARS-CoV-2/human/USA/hCov_19_USA_ID_IVREF_671442_2020/2020, complete genome	20G	20G		20G	B.1.2	B.1.2	0.694444	good	20	0	0	0	0	0	12	0	0	0	89410	32	29861	0.9975587733672207	E:1,M:1,N:1,ORF1a:1,ORF1b:1,ORF3a:1,ORF6:1,ORF7a:1,ORF7b:1,ORF8:1,ORF9b:1,S:1	false	C241T,C1059T,T1927C,C3037T,C8605T,C10319T,C11124T,C12970T,C14408T,A18424G,C20628T,C21304T,A22255T,A23403G,G25563T,G25907T,T27384C,C27964T,C28472T,C28869T				N:P67S,N:P199L,ORF1a:T265I,ORF1a:L3352F,ORF1a:A3620V,ORF1b:P314L,ORF1b:N1653D,ORF1b:R2613C,ORF3a:Q57H,ORF3a:G172V,ORF8:S24L,S:D614G				T27384C|21L&23A&24A&22C&22A&23F&23D&23B&24E&22D&22F&25C&23C&24C&rec&24F&23E&24B&23H&25B&25A&24G&23I&23G&24H&24D&25D&24I&25G&25E&25H&25F	T1927C,C8605T,C11124T,C12970T,C20628T,A22255T	0	1	6	7			ORF1a:A3620V	0	0	1	1		B.1.2	T1927C,C8605T,C11124T,C12970T,C20628T,A22255T,T27384C		ORF1a:A3620V		B.1.2	T1927C,C8605T,C11124T,C12970T,C20628T,A22255T,T27384C		ORF1a:A3620V		N/A	N/A	N/A	N/A	N/A	N/A	N/A	N/A	N/A	N/A			3000	0	good	0	10	0	good	0	24	2	8.333333	good	10		0	good	0		0		0	0	good		0	0	good	0				
716	OV078954.1 Severe acute respiratory syndrome coronavirus 2 isolate SARS-CoV-2_433-003437 genome assembly, complete genome: monopartite	20C	20C		20C	B.1	B.1	68.984376	mediocre	17	5	3	1	644	0	5	1	0	806	88234	21	29690	0.9706718389459251	E:1,M:1,N:1,ORF1a:0.9827311974551238,ORF1b:0.9614243323442137,ORF3a:1,ORF6:1,ORF7a:1,ORF7b:1,ORF8:1,ORF9b:1,S:0.5086342229199372	false	G23C,A30C,C241T,C1059T,C3037T,C14408T,C21145T,T21657C,C21658A,A21659C,G21824T,A23312C,A23329G,T23336A,T23341A,T23375G,G25563T	21665,23403,23448-23449,29688	25:C,29:T,23441:A	S:36-629	ORF1a:T265I,ORF1b:P314L,ORF1b:L2560F,ORF3a:Q57H,S:T33P	S:G35-				G23C,A30C,C21145T,T21657C,C21658A,A21659C,G21824T,A23312C,A23329G,T23336A,T23341A,T23375G	0	0	12	12			ORF1b:L2560F,S:T33P	0	0	2	2	1646-1873,20885-21086,21449-21656,23386-23391	NODE_0000826	G23C,A30C,C21145T,T21657C,C21658A,A21659C,G21824T,A23312C,A23329G,T23336A,T23341A,T23375G	21665,23403,23448-23449,29688	ORF1b:L2560F,S:T33P	S:G35-	NODE_0000764	G23C,A30C,C1059T,C21145T,T21657C,C21658A,A21659C,G21824T,A23312C,A23329G,T23336A,T23341A,T23375G,G25563T	21665,23403,23448-23449,29688	ORF1a:T265I,ORF1b:L2560F,ORF3a:Q57H,S:T33P	S:G35-	N/A	N/A	N/A	N/A	N/A	N/A	N/A	N/A	N/A	N/A	ORF1a:461-536,ORF1b:2473-2540,ORF1b:2661-2696,S:1-32,S:36-629		3000	12.740741	good	644	10	0	good	0	24	8	33.333333	mediocre	16		0	good	0	S:36-629	1		0	75	mediocre		0	0	good	0				
723	OL913316.1 Severe acute respiratory syndrome coronavirus 2 isolate SARS-CoV-2/human/KEN/NIC_187/2020, complete genome	20A	20A		20A	B.1	B.1	0	good	6	0	0	0	0	0	3	0	0	0	89322	55	29836	0.9959535832525165	E:1,M:1,N:1,ORF1a:1,ORF1b:1,ORF3a:1,ORF6:1,ORF7a:1,ORF7b:1,ORF8:1,ORF9b:1,S:1	false	C241T,C2937T,C3037T,C14408T,A20268G,A23403G				ORF1a:T891I,ORF1b:P314L,S:D614G					C2937T	0	0	1	1			ORF1a:T891I	0	0	1	1		NODE_0000764	C2937T,A20268G		ORF1a:T891I		NODE_0000764	C2937T,A20268G		ORF1a:T891I		N/A	N/A	N/A	N/A	N/A	N/A	N/A	N/A	N/A	N/A			3000	0	good	0	10	0	good	0	24	-7	0	good	1		0	good	0		0		0	0	good		0	0	good	0				
721	OL790194.1 Severe acute respiratory syndrome coronavirus 2 isolate SARS-CoV-2/human/MEX/OAX P1/2020, complete genome	20C	20C		20C	B.1	B.1	0	good	8	0	0	0	0	0	5	0	0	0	89677	1	29903	1	E:1,M:1,N:1,ORF1a:1,ORF1b:1,ORF3a:1,ORF6:1,ORF7a:1,ORF7b:1,ORF8:1,ORF9b:1,S:1	false	C241T,C1059T,C1471T,C3037T,C14408T,A23403G,C23709T,G25563T				ORF1a:T265I,ORF1b:P314L,ORF3a:Q57H,S:D614G,S:T716I				C23709T|20I	C1471T	0	1	1	2			S:T716I	0	0	1	1		NODE_0000826	C1471T,C23709T		S:T716I		NODE_0000764	C1059T,C1471T,C23709T,G25563T		ORF1a:T265I,ORF3a:Q57H,S:T716I		N/A	N/A	N/A	N/A	N/A	N/A	N/A	N/A	N/A	N/A			3000	0	good	0	10	0	good	0	24	-3	0	good	5		0	good	0		0		0	0	good		0	0	good	0				
722	OL913312.1 Severe acute respiratory syndrome coronavirus 2 isolate SARS-CoV-2/human/KEN/NIC_084/2020, complete genome	19A	19A		19A	B	B	0	good	5	0	0	0	0	0	3	0	0	0	89326	55	29836	0.9959535832525165	E:1,M:1,N:1,ORF1a:1,ORF1b:1,ORF3a:1,ORF6:1,ORF7a:1,ORF7b:1,ORF8:1,ORF9b:1,S:1	false	A4457G,G11083T,C14805T,T17247C,G26144T				ORF1a:I1398V,ORF1a:L3606F,ORF3a:G251V					A4457G,T17247C	0	0	2	2			ORF1a:I1398V	0	0	1	1		NODE_0000000	A4457G,G11083T,C14805T,T17247C,G26144T		ORF1a:I1398V,ORF1a:L3606F,ORF3a:G251V		NODE_0000000	A4457G,G11083T,C14805T,T17247C,G26144T		ORF1a:I1398V,ORF1a:L3606F,ORF3a:G251V		N/A	N/A	N/A	N/A	N/A	N/A	N/A	N/A	N/A	N/A			3000	0	good	0	10	0	good	0	24	-6	0	good	2		0	good	0		0		0	0	good		0	0	good	0				
724	OL913326.1 Severe acute respiratory syndrome coronavirus 2 isolate SARS-CoV-2/human/KEN/NIC_569/2020, complete genome	20B	20B		20B	B.1.1	B.1.1	0	good	8	0	0	0	1	0	4	0	0	1	89313	55	29836	0.9959201417917934	E:1,M:1,N:1,ORF1a:1,ORF1b:0.9996290801186943,ORF3a:1,ORF6:1,ORF7a:1,ORF7b:1,ORF8:1,ORF9b:1,S:1	false	C241T,C3037T,C14408T,T20394C,A23403G,G28881A,G28882A,G28883C				N:R203K,N:G204R,ORF1b:P314L,S:D614G					T20394C	0	0	1	1				0	0	0	0	19369	NODE_0000922	T20394C				NODE_0000922	T20394C				N/A	N/A	N/A	N/A	N/A	N/A	N/A	N/A	N/A	N/A	ORF1b:1968		3000	0	good	1	10	0	good	0	24	-7	0	good	1		0	good	0		0		0	0	good		0	0	good	0				
718	OV078964.1 Severe acute respiratory syndrome coronavirus 2 isolate SARS-CoV-2-P_L4008 genome assembly, complete genome: monopartite	20C	20C		20C	B.1	B.1	2821.103364	bad	10	25	12	7	2448	0	5	4	2	2167	85905	267	29796	0.9056616393004047	E:1,M:1,N:0.8595238095238096,ORF1a:0.7018859350147694,ORF1b:0.8902077151335311,ORF3a:0.9239130434782609,ORF6:1,ORF7a:1,ORF7b:1,ORF8:1,ORF9b:0.3979591836734694,S:0.6703296703296703	false	C1059T,C3037T,A4446G,C9627T,T9628C,G12038T,C14408T,G21824T,A23403G,G25563T	5354-5371,10397,19369,23951-23952,24325-24326,26155	3850:T,3859:A,5995:G,9619:T,9645:T,9937:T,10387:T,12013:A,12037:TG,18774:T,24966:T	ORF1a:1196-1910,ORF1a:3119-3224,ORF1a:3375-3377,ORF1a:3917-3924,ORF1b:1770-1967,S:798-1135,ORF3a:256-276	ORF1a:T265I,ORF1b:P314L,ORF3a:Q57H,S:D88Y,S:D614G	ORF1a:L3378-,ORF1b:F1968-,ORF3a:V255-,S:F797-	ORF1a:3118:X,ORF1a:3925:L			A4446G,C9627T,T9628C,G12038T,G21824T	0	0	5	5			S:D88Y	0	0	1	1	746-852,3908-4065,4634-4662,6937-7715,9405-9451,9944-10016,10433-10434,13048-13506,15557-15599,16724-16728,17894-17912,20397-20577,21627-21783,22378-22465,24456-24581,28314-28488	NODE_0000826	A4446G,C9627T,T9628C,G12038T,G21824T	5354-5371,10397,19369,23951-23952,24325-24326,26155	S:D88Y	ORF1a:L3378-,ORF1b:F1968-,ORF3a:V255-,S:F797-	NODE_0000764	C1059T,A4446G,C9627T,T9628C,G12038T,G21824T,G25563T	5354-5371,10397,19369,23951-23952,24325-24326,26155	ORF1a:T265I,ORF3a:Q57H,S:D88Y	ORF1a:L3378-,ORF1b:F1968-,ORF3a:V255-,S:F797-	N/A	N/A	N/A	N/A	N/A	N/A	N/A	N/A	N/A	N/A	ORF1a:1,ORF1a:161-196,ORF1a:1196-1910,ORF1a:2225-2484,ORF1a:3047-3062,ORF1a:3119-3224,ORF1a:3227-3251,ORF1a:3375-3377,ORF1a:3390,ORF1a:3917-3925,ORF1a:4262-4401,ORF1b:1-13,ORF1b:697-711,ORF1b:1086-1087,ORF1b:1476-1482,ORF1b:1770-1967,ORF1b:2310-2370,S:22-74,S:273-301,S:798-1135,ORF3a:256-276,N:14-72,ORF9b:11-69		3000	79.555556	mediocre	2448	10	0	good	0	24	3	12.500000	good	11		0	good	0	ORF1a:1196-1910,ORF1a:3119-3224,ORF1a:3375-3377,ORF1a:3917-3924,ORF1b:1770-1967,S:798-1135,ORF3a:256-276	7		0	525	bad		0	0	good	0				
728	OL979861.1 Severe acute respiratory syndrome coronavirus 2 isolate SARS-CoV-2/human/HKG/VM20058924/2020, complete genome	20B	20B		20B	B.1.1.63	B.1.1.63	0.173611	good	15	0	0	0	30	0	10	0	0	0	89616	2	29903	0.9989633147175868	E:1,M:1,N:1,ORF1a:1,ORF1b:1,ORF3a:1,ORF6:1,ORF7a:1,ORF7b:1,ORF8:1,ORF9b:1,S:1	false	C241T,C2973T,C3037T,T6049A,C14408T,C20312T,C21597T,A23403G,A25381C,C28308G,G28881A,G28882A,G28883C,C29144T,G29711T				N:A12G,N:R203K,N:G204R,ORF1a:A903V,ORF1a:F1928L,ORF1b:P314L,ORF1b:A2282V,ORF9b:H9D,S:S12F,S:D614G				C28308G|21D	C2973T,T6049A,C20312T,A25381C,G29711T	0	1	5	6			N:A12G,ORF1a:A903V,ORF1a:F1928L,ORF1b:A2282V,ORF9b:H9D	0	0	5	5	29839-29868	NODE_0000922	C2973T,T6049A,C20312T,C21597T,A25381C,C28308G,C29144T,G29711T		N:A12G,ORF1a:A903V,ORF1a:F1928L,ORF1b:A2282V,ORF9b:H9D,S:S12F		B.1.1.63	C2973T,T6049A,C20312T,A25381C,C28308G,G29711T		N:A12G,ORF1a:A903V,ORF1a:F1928L,ORF1b:A2282V,ORF9b:H9D		N/A	N/A	N/A	N/A	N/A	N/A	N/A	N/A	N/A	N/A			3000	0	good	30	10	0	good	0	24	1	4.166667	good	9		0	good	0		0		0	0	good		0	0	good	0				
726	OL979836.1 Severe acute respiratory syndrome coronavirus 2 isolate SARS-CoV-2/human/HKG/VM20063211/2020, complete genome	20B	20B		20B	B.1.1.63	B.1.1.63	0	good	13	0	0	0	0	0	10	0	0	0	89657	1	29903	1	E:1,M:1,N:1,ORF1a:1,ORF1b:1,ORF3a:1,ORF6:1,ORF7a:1,ORF7b:1,ORF8:1,ORF9b:1,S:1	false	C241T,C2973T,C3037T,C14408T,C18188A,C20312T,C21597T,A23403G,C28308G,G28881A,G28882A,G28883C,C29144T				N:A12G,N:R203K,N:G204R,ORF1a:A903V,ORF1b:P314L,ORF1b:T1574N,ORF1b:A2282V,ORF9b:H9D,S:S12F,S:D614G				C28308G|21D	C2973T,C18188A,C20312T	0	1	3	4			N:A12G,ORF1a:A903V,ORF1b:T1574N,ORF1b:A2282V,ORF9b:H9D	0	0	5	5		NODE_0000922	C2973T,C18188A,C20312T,C21597T,C28308G,C29144T		N:A12G,ORF1a:A903V,ORF1b:T1574N,ORF1b:A2282V,ORF9b:H9D,S:S12F		B.1.1.63	C2973T,C18188A,C20312T,C28308G		N:A12G,ORF1a:A903V,ORF1b:T1574N,ORF1b:A2282V,ORF9b:H9D		N/A	N/A	N/A	N/A	N/A	N/A	N/A	N/A	N/A	N/A			3000	0	good	0	10	0	good	0	24	-1	0	good	7		0	good	0		0		0	0	good		0	0	good	0				
725	OL965623.1 Severe acute respiratory syndrome coronavirus 2 isolate SARS-CoV-2/human/USA/hCov_19_USA_ID_IVREF_686189_2020/2020, complete genome	20G	20G		20G	B.1.2	B.1.2	6.250000	good	21	0	0	0	0	0	14	0	0	0	89388	38	29861	0.9973581246028826	E:1,M:1,N:1,ORF1a:1,ORF1b:1,ORF3a:1,ORF6:1,ORF7a:1,ORF7b:1,ORF8:1,ORF9b:1,S:1	false	C241T,C1059T,T1927C,C3037T,A3858T,C10319T,C14408T,C14676T,A18424G,C21304T,C21575T,A22255T,A23403G,C23683T,G25563T,G25907T,G25947C,C27964T,C28472T,C28869T,C29119T				N:P67S,N:P199L,ORF1a:T265I,ORF1a:Q1198L,ORF1a:L3352F,ORF1b:P314L,ORF1b:N1653D,ORF1b:R2613C,ORF3a:Q57H,ORF3a:G172V,ORF3a:Q185H,ORF8:S24L,S:L5F,S:D614G				C14676T|20I,C21575T|21F	T1927C,A3858T,A22255T,C23683T,G25947C,C29119T	0	2	6	8			ORF1a:Q1198L,ORF3a:Q185H,S:L5F	0	0	3	3		B.1.2	T1927C,A3858T,C14676T,C21575T,A22255T,C23683T,G25947C,C29119T		ORF1a:Q1198L,ORF3a:Q185H,S:L5F		B.1.2	T1927C,A3858T,C14676T,C21575T,A22255T,C23683T,G25947C,C29119T		ORF1a:Q1198L,ORF3a:Q185H,S:L5F		N/A	N/A	N/A	N/A	N/A	N/A	N/A	N/A	N/A	N/A			3000	0	good	0	10	0	good	0	24	6	25	good	14		0	good	0		0		0	0	good		0	0	good	0				
731	OL979906.1 Severe acute respiratory syndrome coronavirus 2 isolate SARS-CoV-2/human/HKG/VM20069015/2020, complete genome	20B	20B		20B	B.1.1.63	B.1.1.63	0	good	13	0	0	0	0	0	10	0	0	0	89657	1	29903	1	E:1,M:1,N:1,ORF1a:1,ORF1b:1,ORF3a:1,ORF6:1,ORF7a:1,ORF7b:1,ORF8:1,ORF9b:1,S:1	false	C241T,C2973T,C3037T,C14408T,C20312T,C21597T,A23403G,G25785T,C28308G,G28881A,G28882A,G28883C,C29144T				N:A12G,N:R203K,N:G204R,ORF1a:A903V,ORF1b:P314L,ORF1b:A2282V,ORF3a:W131C,ORF9b:H9D,S:S12F,S:D614G				C28308G|21D	C2973T,C20312T,G25785T	0	1	3	4			N:A12G,ORF1a:A903V,ORF1b:A2282V,ORF3a:W131C,ORF9b:H9D	0	0	5	5		NODE_0000922	C2973T,C20312T,C21597T,G25785T,C28308G,C29144T		N:A12G,ORF1a:A903V,ORF1b:A2282V,ORF3a:W131C,ORF9b:H9D,S:S12F		B.1.1.63	C2973T,C20312T,G25785T,C28308G		N:A12G,ORF1a:A903V,ORF1b:A2282V,ORF3a:W131C,ORF9b:H9D		N/A	N/A	N/A	N/A	N/A	N/A	N/A	N/A	N/A	N/A			3000	0	good	0	10	0	good	0	24	-1	0	good	7		0	good	0		0		0	0	good		0	0	good	0				
727	OL979840.1 Severe acute respiratory syndrome coronavirus 2 isolate SARS-CoV-2/human/HKG/VM20063236/2020, complete genome	20B	20B		20B	B.1.1.63	B.1.1.63	0	good	13	0	0	0	5	0	10	0	0	0	89649	2	29903	0.999799351235662	E:1,M:1,N:1,ORF1a:1,ORF1b:1,ORF3a:1,ORF6:1,ORF7a:1,ORF7b:1,ORF8:1,ORF9b:1,S:1	false	C241T,C2973T,C3037T,C14408T,C16985T,C20312T,C21597T,A23403G,C28308G,G28881A,G28882A,G28883C,C29144T				N:A12G,N:R203K,N:G204R,ORF1a:A903V,ORF1b:P314L,ORF1b:T1173I,ORF1b:A2282V,ORF9b:H9D,S:S12F,S:D614G				C28308G|21D	C2973T,C16985T,C20312T	0	1	3	4			N:A12G,ORF1a:A903V,ORF1b:T1173I,ORF1b:A2282V,ORF9b:H9D	0	0	5	5	29864-29868	NODE_0000922	C2973T,C16985T,C20312T,C21597T,C28308G,C29144T		N:A12G,ORF1a:A903V,ORF1b:T1173I,ORF1b:A2282V,ORF9b:H9D,S:S12F		B.1.1.63	C2973T,C16985T,C20312T,C28308G		N:A12G,ORF1a:A903V,ORF1b:T1173I,ORF1b:A2282V,ORF9b:H9D		N/A	N/A	N/A	N/A	N/A	N/A	N/A	N/A	N/A	N/A			3000	0	good	5	10	0	good	0	24	-1	0	good	7		0	good	0		0		0	0	good		0	0	good	0				
733	OL979955.1 Severe acute respiratory syndrome coronavirus 2 isolate SARS-CoV-2/human/HKG/VM20076986/2020, complete genome	20B	20B		20B	B.1.1.63	B.1.1.63	0	good	12	0	0	0	48	0	9	0	0	0	89613	1	29903	0.9983948098852958	E:1,M:1,N:1,ORF1a:1,ORF1b:1,ORF3a:1,ORF6:1,ORF7a:1,ORF7b:1,ORF8:1,ORF9b:1,S:1	false	C241T,C2973T,C3037T,C14408T,C20312T,C21597T,A23403G,C28308G,G28881A,G28882A,G28883C,C29144T				N:A12G,N:R203K,N:G204R,ORF1a:A903V,ORF1b:P314L,ORF1b:A2282V,ORF9b:H9D,S:S12F,S:D614G				C28308G|21D	C2973T,C20312T	0	1	2	3			N:A12G,ORF1a:A903V,ORF1b:A2282V,ORF9b:H9D	0	0	4	4	29820-29867	NODE_0000922	C2973T,C20312T,C21597T,C28308G,C29144T		N:A12G,ORF1a:A903V,ORF1b:A2282V,ORF9b:H9D,S:S12F		B.1.1.63	C2973T,C20312T,C28308G		N:A12G,ORF1a:A903V,ORF1b:A2282V,ORF9b:H9D		N/A	N/A	N/A	N/A	N/A	N/A	N/A	N/A	N/A	N/A			3000	0	good	48	10	0	good	0	24	-2	0	good	6		0	good	0		0		0	0	good		0	0	good	0				
734	OL979971.1 Severe acute respiratory syndrome coronavirus 2 isolate SARS-CoV-2/human/HKG/VM20076988/2020, complete genome	20B	20B		20B	B.1.1.63	B.1.1.63	0	good	13	0	0	0	0	0	9	0	0	0	89657	1	29903	1	E:1,M:1,N:1,ORF1a:1,ORF1b:1,ORF3a:1,ORF6:1,ORF7a:1,ORF7b:1,ORF8:1,ORF9b:1,S:1	false	C241T,C2973T,C3037T,C14408T,C20312T,C21597T,A23403G,C28308G,G28881A,G28882A,G28883C,C29144T,C29585T				N:A12G,N:R203K,N:G204R,ORF1a:A903V,ORF1b:P314L,ORF1b:A2282V,ORF9b:H9D,S:S12F,S:D614G				C28308G|21D	C2973T,C20312T,C29585T	0	1	3	4			N:A12G,ORF1a:A903V,ORF1b:A2282V,ORF9b:H9D	0	0	4	4		NODE_0000922	C2973T,C20312T,C21597T,C28308G,C29144T,C29585T		N:A12G,ORF1a:A903V,ORF1b:A2282V,ORF9b:H9D,S:S12F		B.1.1.63	C2973T,C20312T,C28308G,C29585T		N:A12G,ORF1a:A903V,ORF1b:A2282V,ORF9b:H9D		N/A	N/A	N/A	N/A	N/A	N/A	N/A	N/A	N/A	N/A			3000	0	good	0	10	0	good	0	24	-1	0	good	7		0	good	0		0		0	0	good		0	0	good	0				
729	OL979862.1 Severe acute respiratory syndrome coronavirus 2 isolate SARS-CoV-2/human/HKG/VM20066526/2020, complete genome	20B	20B		20B	B.1.1.63	B.1.1.63	0.173611	good	15	0	0	0	0	0	11	0	0	0	89649	1	29903	1	E:1,M:1,N:1,ORF1a:1,ORF1b:1,ORF3a:1,ORF6:1,ORF7a:1,ORF7b:1,ORF8:1,ORF9b:1,S:1	false	C241T,C2973T,C3037T,C14408T,C15494G,C20312T,C21597T,A23403G,G25785T,C28308G,G28881A,G28882A,G28883C,C29144T,A29866G				N:A12G,N:R203K,N:G204R,ORF1a:A903V,ORF1b:P314L,ORF1b:A676G,ORF1b:A2282V,ORF3a:W131C,ORF9b:H9D,S:S12F,S:D614G				C28308G|21D	C2973T,C15494G,C20312T,G25785T,A29866G	0	1	5	6			N:A12G,ORF1a:A903V,ORF1b:A676G,ORF1b:A2282V,ORF3a:W131C,ORF9b:H9D	0	0	6	6		NODE_0000922	C2973T,C15494G,C20312T,C21597T,G25785T,C28308G,C29144T,A29866G		N:A12G,ORF1a:A903V,ORF1b:A676G,ORF1b:A2282V,ORF3a:W131C,ORF9b:H9D,S:S12F		B.1.1.63	C2973T,C15494G,C20312T,G25785T,C28308G,A29866G		N:A12G,ORF1a:A903V,ORF1b:A676G,ORF1b:A2282V,ORF3a:W131C,ORF9b:H9D		N/A	N/A	N/A	N/A	N/A	N/A	N/A	N/A	N/A	N/A			3000	0	good	0	10	0	good	0	24	1	4.166667	good	9		0	good	0		0		0	0	good		0	0	good	0				
730	OL979887.1 Severe acute respiratory syndrome coronavirus 2 isolate SARS-CoV-2/human/HKG/VM20059663/2020, complete genome	20B	20B		20B	B.1.1.47	B.1.1.47	0	good	15	0	0	0	28	0	6	0	0	0	89621	1	29903	0.9990636390997559	E:1,M:1,N:1,ORF1a:1,ORF1b:1,ORF3a:1,ORF6:1,ORF7a:1,ORF7b:1,ORF8:1,ORF9b:1,S:1	false	C241T,C313T,C1912T,C3037T,C6539T,C9286T,C10252T,T11692C,C14178T,C14408T,C19763T,A23403G,G28881A,G28882A,G28883C				N:R203K,N:G204R,ORF1a:H2092Y,ORF1b:P314L,ORF1b:T2099I,S:D614G					C1912T,C6539T,C10252T,T11692C,C14178T	0	0	5	5			ORF1a:H2092Y	0	0	1	1	29841-29868	NODE_0000922	C313T,C1912T,C6539T,C9286T,C10252T,T11692C,C14178T,C19763T		ORF1a:H2092Y,ORF1b:T2099I		B.1.1.47	C1912T,C6539T,C10252T,T11692C,C14178T		ORF1a:H2092Y		N/A	N/A	N/A	N/A	N/A	N/A	N/A	N/A	N/A	N/A			3000	0	good	28	10	0	good	0	24	-3	0	good	5		0	good	0		0		0	0	good		0	0	good	0				
732	OL979926.1 Severe acute respiratory syndrome coronavirus 2 isolate SARS-CoV-2/human/HKG/VM20072424/2020, complete genome	20B	20B		20B	B.1.1.63	B.1.1.63	2.777778	good	15	0	0	0	3	0	11	0	0	0	89646	1	29903	0.999899675617831	E:1,M:1,N:1,ORF1a:1,ORF1b:1,ORF3a:1,ORF6:1,ORF7a:1,ORF7b:1,ORF8:1,ORF9b:1,S:1	false	C241T,C2973T,C3037T,C14408T,A20262G,C20312T,C21597T,A23403G,A25125G,G25785T,C28308G,G28881A,G28882A,G28883C,C29144T				N:A12G,N:R203K,N:G204R,ORF1a:A903V,ORF1b:P314L,ORF1b:A2282V,ORF3a:W131C,ORF9b:H9D,S:S12F,S:D614G,S:E1188G				A20262G|21A&21F,C28308G|21D	C2973T,C20312T,A25125G,G25785T	0	2	4	6			N:A12G,ORF1a:A903V,ORF1b:A2282V,ORF3a:W131C,ORF9b:H9D,S:E1188G	0	0	6	6	29866-29868	NODE_0000922	C2973T,A20262G,C20312T,C21597T,A25125G,G25785T,C28308G,C29144T		N:A12G,ORF1a:A903V,ORF1b:A2282V,ORF3a:W131C,ORF9b:H9D,S:S12F,S:E1188G		B.1.1.63	C2973T,A20262G,C20312T,A25125G,G25785T,C28308G		N:A12G,ORF1a:A903V,ORF1b:A2282V,ORF3a:W131C,ORF9b:H9D,S:E1188G		N/A	N/A	N/A	N/A	N/A	N/A	N/A	N/A	N/A	N/A			3000	0	good	3	10	0	good	0	24	4	16.666667	good	12		0	good	0		0		0	0	good		0	0	good	0				
736	OL980158.1 Severe acute respiratory syndrome coronavirus 2 isolate SARS-CoV-2/human/HKG/VM20096799/2020, complete genome	20B	20B		20B	B.1.1.63	B.1.1.63	0	good	13	0	0	0	0	0	9	0	0	0	89657	1	29903	1	E:1,M:1,N:1,ORF1a:1,ORF1b:1,ORF3a:1,ORF6:1,ORF7a:1,ORF7b:1,ORF8:1,ORF9b:1,S:1	false	C241T,C2973T,C3037T,C14408T,C20312T,C21597T,A23403G,C28308G,G28881A,G28882A,G28883C,C29144T,C29585T				N:A12G,N:R203K,N:G204R,ORF1a:A903V,ORF1b:P314L,ORF1b:A2282V,ORF9b:H9D,S:S12F,S:D614G				C28308G|21D	C2973T,C20312T,C29585T	0	1	3	4			N:A12G,ORF1a:A903V,ORF1b:A2282V,ORF9b:H9D	0	0	4	4		NODE_0000922	C2973T,C20312T,C21597T,C28308G,C29144T,C29585T		N:A12G,ORF1a:A903V,ORF1b:A2282V,ORF9b:H9D,S:S12F		B.1.1.63	C2973T,C20312T,C28308G,C29585T		N:A12G,ORF1a:A903V,ORF1b:A2282V,ORF9b:H9D		N/A	N/A	N/A	N/A	N/A	N/A	N/A	N/A	N/A	N/A			3000	0	good	0	10	0	good	0	24	-1	0	good	7		0	good	0		0		0	0	good		0	0	good	0				
735	OL980046.1 Severe acute respiratory syndrome coronavirus 2 isolate SARS-CoV-2/human/HKG/VM20082697/2020, complete genome	20B	20B		20B	B.1.1.63	B.1.1.63	0	good	12	0	0	0	0	0	9	0	0	0	89661	1	29903	1	E:1,M:1,N:1,ORF1a:1,ORF1b:1,ORF3a:1,ORF6:1,ORF7a:1,ORF7b:1,ORF8:1,ORF9b:1,S:1	false	C241T,C2973T,C3037T,C14408T,C20312T,C21597T,A23403G,C28308G,G28881A,G28882A,G28883C,C29144T				N:A12G,N:R203K,N:G204R,ORF1a:A903V,ORF1b:P314L,ORF1b:A2282V,ORF9b:H9D,S:S12F,S:D614G				C28308G|21D	C2973T,C20312T	0	1	2	3			N:A12G,ORF1a:A903V,ORF1b:A2282V,ORF9b:H9D	0	0	4	4		NODE_0000922	C2973T,C20312T,C21597T,C28308G,C29144T		N:A12G,ORF1a:A903V,ORF1b:A2282V,ORF9b:H9D,S:S12F		B.1.1.63	C2973T,C20312T,C28308G		N:A12G,ORF1a:A903V,ORF1b:A2282V,ORF9b:H9D		N/A	N/A	N/A	N/A	N/A	N/A	N/A	N/A	N/A	N/A			3000	0	good	0	10	0	good	0	24	-2	0	good	6		0	good	0		0		0	0	good		0	0	good	0				
737	OL980210.1 Severe acute respiratory syndrome coronavirus 2 isolate SARS-CoV-2/human/HKG/VM20101252/2020, complete genome	20B	20B		20B	B.1.1.63	B.1.1.63	0.694444	good	16	0	0	0	0	0	11	0	0	0	89642	2	29903	0.999966558539277	E:1,M:1,N:1,ORF1a:1,ORF1b:1,ORF3a:1,ORF6:1,ORF7a:1,ORF7b:1,ORF8:1,ORF9b:1,S:1	false	C241T,C2973T,C3037T,A3181C,C6628T,C14408T,C15924T,C20312T,C21597T,A23403G,G25273T,C28308G,G28881A,G28882A,G28883C,C29144T				N:A12G,N:R203K,N:G204R,ORF1a:A903V,ORF1a:E972D,ORF1b:P314L,ORF1b:A2282V,ORF9b:H9D,S:S12F,S:D614G,S:M1237I				C28308G|21D	C2973T,A3181C,C6628T,C15924T,C20312T,G25273T	0	1	6	7			N:A12G,ORF1a:A903V,ORF1a:E972D,ORF1b:A2282V,ORF9b:H9D,S:M1237I	0	0	6	6		NODE_0000922	C2973T,A3181C,C6628T,C15924T,C20312T,C21597T,G25273T,C28308G,C29144T		N:A12G,ORF1a:A903V,ORF1a:E972D,ORF1b:A2282V,ORF9b:H9D,S:S12F,S:M1237I		B.1.1.63	C2973T,A3181C,C6628T,C15924T,C20312T,G25273T,C28308G		N:A12G,ORF1a:A903V,ORF1a:E972D,ORF1b:A2282V,ORF9b:H9D,S:M1237I		N/A	N/A	N/A	N/A	N/A	N/A	N/A	N/A	N/A	N/A			3000	0	good	0	10	0	good	0	24	2	8.333333	good	10		0	good	0		0		0	0	good		0	0	good	0				
738	OL980282.1 Severe acute respiratory syndrome coronavirus 2 isolate SARS-CoV-2/human/HKG/VM20104574/2020, complete genome	20B	20B		20B	B.1.1.63	B.1.1.63	8.506944	good	15	0	0	0	7	0	9	0	0	0	89624	7	29903	0.999565261010601	E:1,M:1,N:1,ORF1a:1,ORF1b:1,ORF3a:1,ORF6:1,ORF7a:1,ORF7b:1,ORF8:1,ORF9b:1,S:1	false	C241T,C2973T,C3037T,C14408T,C14599T,C14925T,C20312T,C21597T,A23403G,C28308G,G28881A,G28882A,G28883C,C29144T,G29711T				N:A12G,N:R203K,N:G204R,ORF1a:A903V,ORF1b:P314L,ORF1b:A2282V,ORF9b:H9D,S:S12F,S:D614G				C14599T|22A,C14925T|25F,C28308G|21D	C2973T,C20312T,G29711T	0	3	3	6			N:A12G,ORF1a:A903V,ORF1b:A2282V,ORF9b:H9D	0	0	4	4	29862-29868	NODE_0000922	C2973T,C14599T,C14925T,C20312T,C21597T,C28308G,C29144T,G29711T		N:A12G,ORF1a:A903V,ORF1b:A2282V,ORF9b:H9D,S:S12F		B.1.1.63	C2973T,C14599T,C14925T,C20312T,C28308G,G29711T		N:A12G,ORF1a:A903V,ORF1b:A2282V,ORF9b:H9D		N/A	N/A	N/A	N/A	N/A	N/A	N/A	N/A	N/A	N/A			3000	0	good	7	10	0	good	0	24	7	29.166667	good	15		0	good	0		0		0	0	good		0	0	good	0				
739	OL980298.1 Severe acute respiratory syndrome coronavirus 2 isolate SARS-CoV-2/human/HKG/VM20104818/2020, complete genome	20B	20B		20B	B.1.1.63	B.1.1.63	1.562500	good	14	0	0	0	3	0	9	0	0	0	89632	7	29903	0.999699026853493	E:1,M:1,N:1,ORF1a:1,ORF1b:1,ORF3a:1,ORF6:1,ORF7a:1,ORF7b:1,ORF8:1,ORF9b:1,S:1	false	C241T,C2973T,C3037T,C14408T,C20312T,C21597T,A23403G,C28308G,C28657T,G28881A,G28882A,G28883C,C29144T,G29711T				N:A12G,N:R203K,N:G204R,ORF1a:A903V,ORF1b:P314L,ORF1b:A2282V,ORF9b:H9D,S:S12F,S:D614G				C28308G|21D,C28657T|23G	C2973T,C20312T,G29711T	0	2	3	5			N:A12G,ORF1a:A903V,ORF1b:A2282V,ORF9b:H9D	0	0	4	4	29866-29868	NODE_0000922	C2973T,C20312T,C21597T,C28308G,C28657T,C29144T,G29711T		N:A12G,ORF1a:A903V,ORF1b:A2282V,ORF9b:H9D,S:S12F		B.1.1.63	C2973T,C20312T,C28308G,C28657T,G29711T		N:A12G,ORF1a:A903V,ORF1b:A2282V,ORF9b:H9D		N/A	N/A	N/A	N/A	N/A	N/A	N/A	N/A	N/A	N/A			3000	0	good	3	10	0	good	0	24	3	12.500000	good	11		0	good	0		0		0	0	good		0	0	good	0				
743	OL984054.1 Severe acute respiratory syndrome coronavirus 2 isolate SARS-CoV-2/human/BRA/SARS-CoV-2_IC01048platelet.2/2020, complete genome	20A	20A		20A	B.1	B.1	0	good	5	0	0	0	0	0	3	0	0	0	89539	4	29856	0.9983279269638498	E:1,M:1,N:1,ORF1a:1,ORF1b:1,ORF3a:1,ORF6:1,ORF7a:1,ORF7b:1,ORF8:1,ORF9b:1,S:1	false	C241T,C3037T,C14408T,A23403G,C28638G				N:P122R,ORF1b:P314L,S:D614G					C28638G	0	0	1	1			N:P122R	0	0	1	1		NODE_0000764	C28638G		N:P122R		NODE_0000764	C28638G		N:P122R		N/A	N/A	N/A	N/A	N/A	N/A	N/A	N/A	N/A	N/A			3000	0	good	0	10	0	good	0	24	-7	0	good	1		0	good	0		0		0	0	good		0	0	good	0				
740	OL980573.1 Severe acute respiratory syndrome coronavirus 2 isolate SARS-CoV-2/human/HKG/VM20131776/2020, complete genome	20A	20A		20A	B.1.36	B.1.36	17.361111	good	19	0	0	0	0	0	8	0	0	0	89633	1	29903	1	E:1,M:1,N:1,ORF1a:1,ORF1b:1,ORF3a:1,ORF6:1,ORF7a:1,ORF7b:1,ORF8:1,ORF9b:1,S:1	false	C241T,G922A,T1947C,C3037T,G3431T,T5653C,G5950A,C6255T,C7504T,C14408T,C14724T,C18877T,C22444T,A23403G,T24175C,G25563T,C26060T,C26735T,C28854T				N:S194L,ORF1a:V561A,ORF1a:V1056L,ORF1a:A1997V,ORF1b:P314L,ORF3a:Q57H,ORF3a:T223I,S:D614G				G3431T|24A&24E&25C&24C&24F&24B&25A&23I&24G&24H&25D&24I&25G&25E&25H&25F,C6255T|25A&25G&25F,C26060T|21L&22B&22E&23A&22C&24A&22A&23F&23D&23B&22D&24E&22F&25C&rec&23C&24C&24F&23E&24B&23H&25B&25A&24G&23I&23G&24H&24D&25D&24I&25G&25E&25I&25H&25F	G922A,T5653C,G5950A,C7504T,C14724T,T24175C	0	3	6	9			ORF1a:V1056L,ORF1a:A1997V,ORF3a:T223I	0	0	3	3		NODE_0000764	G922A,T1947C,G3431T,T5653C,G5950A,C6255T,C7504T,C14724T,C18877T,C22444T,T24175C,G25563T,C26060T,C26735T,C28854T		N:S194L,ORF1a:V561A,ORF1a:V1056L,ORF1a:A1997V,ORF3a:Q57H,ORF3a:T223I		NODE_0000821	G922A,T1947C,G3431T,T5653C,G5950A,C6255T,C7504T,C14724T,T24175C,C26060T		ORF1a:V561A,ORF1a:V1056L,ORF1a:A1997V,ORF3a:T223I		N/A	N/A	N/A	N/A	N/A	N/A	N/A	N/A	N/A	N/A			3000	0	good	0	10	0	good	0	24	10	41.666667	mediocre	18		0	good	0		0		0	0	good		0	0	good	0				
742	OL980775.1 Severe acute respiratory syndrome coronavirus 2 isolate SARS-CoV-2/human/HKG/VB20288334/2020, complete genome	20A	20A		20A	B.1.36	B.1.36	17.361111	good	19	0	0	0	8	0	8	0	0	0	89604	8	29903	0.999498378089155	E:1,M:1,N:1,ORF1a:1,ORF1b:1,ORF3a:1,ORF6:1,ORF7a:1,ORF7b:1,ORF8:1,ORF9b:1,S:1	false	C16G,C241T,G922A,T1947C,C3037T,G3431T,T5653C,G5950A,C6255T,C7504T,C14408T,C18877T,C22444T,A23403G,T24175C,G25563T,C26060T,C26735T,C28854T				N:S194L,ORF1a:V561A,ORF1a:V1056L,ORF1a:A1997V,ORF1b:P314L,ORF3a:Q57H,ORF3a:T223I,S:D614G				G3431T|24A&24E&25C&24C&24F&24B&25A&23I&24G&24H&25D&24I&25G&25E&25H&25F,C6255T|25A&25G&25F,C26060T|21L&22B&22E&23A&22C&24A&22A&23F&23D&23B&22D&24E&22F&25C&rec&23C&24C&24F&23E&24B&23H&25B&25A&24G&23I&23G&24H&24D&25D&24I&25G&25E&25I&25H&25F	C16G,G922A,T5653C,G5950A,C7504T,T24175C	0	3	6	9			ORF1a:V1056L,ORF1a:A1997V,ORF3a:T223I	0	0	3	3	29862-29869	NODE_0000764	C16G,G922A,T1947C,G3431T,T5653C,G5950A,C6255T,C7504T,C18877T,C22444T,T24175C,G25563T,C26060T,C26735T,C28854T		N:S194L,ORF1a:V561A,ORF1a:V1056L,ORF1a:A1997V,ORF3a:Q57H,ORF3a:T223I		NODE_0000821	C16G,G922A,T1947C,G3431T,T5653C,G5950A,C6255T,C7504T,T24175C,C26060T		ORF1a:V561A,ORF1a:V1056L,ORF1a:A1997V,ORF3a:T223I		N/A	N/A	N/A	N/A	N/A	N/A	N/A	N/A	N/A	N/A			3000	0	good	8	10	0	good	0	24	10	41.666667	mediocre	18		0	good	0		0		0	0	good		0	0	good	0				
741	OL980742.1 Severe acute respiratory syndrome coronavirus 2 isolate SARS-CoV-2/human/HKG/VM20169245/2020, complete genome	20A	20A		20A	B.1.36	B.1.36	17.361111	good	19	0	0	0	0	0	9	0	0	0	89633	1	29903	1	E:1,M:1,N:1,ORF1a:1,ORF1b:1,ORF3a:1,ORF6:1,ORF7a:1,ORF7b:1,ORF8:1,ORF9b:1,S:1	false	C241T,G922A,T1947C,C3037T,G3431T,T5653C,G5950A,C6255T,C7504T,C14408T,A16933G,C18877T,C22444T,A23403G,T24175C,G25563T,C26060T,C26735T,C28854T				N:S194L,ORF1a:V561A,ORF1a:V1056L,ORF1a:A1997V,ORF1b:P314L,ORF1b:M1156V,ORF3a:Q57H,ORF3a:T223I,S:D614G				G3431T|24A&24E&25C&24C&24F&24B&25A&23I&24G&24H&25D&24I&25G&25E&25H&25F,C6255T|25A&25G&25F,C26060T|21L&22B&22E&23A&22C&24A&22A&23F&23D&23B&22D&24E&22F&25C&rec&23C&24C&24F&23E&24B&23H&25B&25A&24G&23I&23G&24H&24D&25D&24I&25G&25E&25I&25H&25F	G922A,T5653C,G5950A,C7504T,A16933G,T24175C	0	3	6	9			ORF1a:V1056L,ORF1a:A1997V,ORF1b:M1156V,ORF3a:T223I	0	0	4	4		NODE_0000764	G922A,T1947C,G3431T,T5653C,G5950A,C6255T,C7504T,A16933G,C18877T,C22444T,T24175C,G25563T,C26060T,C26735T,C28854T		N:S194L,ORF1a:V561A,ORF1a:V1056L,ORF1a:A1997V,ORF1b:M1156V,ORF3a:Q57H,ORF3a:T223I		NODE_0000821	G922A,T1947C,G3431T,T5653C,G5950A,C6255T,C7504T,A16933G,T24175C,C26060T		ORF1a:V561A,ORF1a:V1056L,ORF1a:A1997V,ORF1b:M1156V,ORF3a:T223I		N/A	N/A	N/A	N/A	N/A	N/A	N/A	N/A	N/A	N/A			3000	0	good	0	10	0	good	0	24	10	41.666667	mediocre	18		0	good	0		0		0	0	good		0	0	good	0				
745	OL984058.1 Severe acute respiratory syndrome coronavirus 2 isolate SARS-CoV-2/human/BRA/SARS-CoV-2_IC01050platelet.2/2020, complete genome	20A	20A		20A	B.1	B.1	0	good	4	0	0	0	0	0	2	0	0	0	89543	4	29856	0.9983279269638498	E:1,M:1,N:1,ORF1a:1,ORF1b:1,ORF3a:1,ORF6:1,ORF7a:1,ORF7b:1,ORF8:1,ORF9b:1,S:1	false	C241T,C3037T,C14408T,A23403G				ORF1b:P314L,S:D614G						0	0	0	0				0	0	0	0		NODE_0000764					NODE_0000764					N/A	N/A	N/A	N/A	N/A	N/A	N/A	N/A	N/A	N/A			3000	0	good	0	10	0	good	0	24	-8	0	good	0		0	good	0		0		0	0	good		0	0	good	0				
747	OL984060.1 Severe acute respiratory syndrome coronavirus 2 isolate SARS-CoV-2/human/BRA/SARS-CoV-2_IC01050platelet.4/2020, complete genome	20A	20A		20A	B.1	B.1	0	good	4	0	0	0	0	0	2	0	0	0	89543	4	29856	0.9983279269638498	E:1,M:1,N:1,ORF1a:1,ORF1b:1,ORF3a:1,ORF6:1,ORF7a:1,ORF7b:1,ORF8:1,ORF9b:1,S:1	false	C241T,C3037T,C14408T,A23403G				ORF1b:P314L,S:D614G						0	0	0	0				0	0	0	0		NODE_0000764					NODE_0000764					N/A	N/A	N/A	N/A	N/A	N/A	N/A	N/A	N/A	N/A			3000	0	good	0	10	0	good	0	24	-8	0	good	0		0	good	0		0		0	0	good		0	0	good	0				
750	OL986405.1 Severe acute respiratory syndrome coronavirus 2 isolate SARS-CoV-2/human/BRA/SARS-CoV-2_IC01049platelet.4/2020, complete genome	20A	20A		20A	B.1	B.1	0	good	4	0	0	0	0	0	2	0	0	0	89546	3	29856	0.9983613684245728	E:1,M:1,N:1,ORF1a:1,ORF1b:1,ORF3a:1,ORF6:1,ORF7a:1,ORF7b:1,ORF8:1,ORF9b:1,S:1	false	C241T,C3037T,C14408T,A23403G				ORF1b:P314L,S:D614G						0	0	0	0				0	0	0	0		NODE_0000764					NODE_0000764					N/A	N/A	N/A	N/A	N/A	N/A	N/A	N/A	N/A	N/A			3000	0	good	0	10	0	good	0	24	-8	0	good	0		0	good	0		0		0	0	good		0	0	good	0				
748	OL984064.1 Severe acute respiratory syndrome coronavirus 2 isolate SARS-CoV-2/human/BRA/SARS-CoV-2_IC01051platelet.4/2020, complete genome	20A	20A		20A	B.1	B.1	0	good	4	0	0	0	0	0	2	0	0	0	89543	4	29856	0.9983279269638498	E:1,M:1,N:1,ORF1a:1,ORF1b:1,ORF3a:1,ORF6:1,ORF7a:1,ORF7b:1,ORF8:1,ORF9b:1,S:1	false	C241T,C3037T,C14408T,A23403G				ORF1b:P314L,S:D614G						0	0	0	0				0	0	0	0		NODE_0000764					NODE_0000764					N/A	N/A	N/A	N/A	N/A	N/A	N/A	N/A	N/A	N/A			3000	0	good	0	10	0	good	0	24	-8	0	good	0		0	good	0		0		0	0	good		0	0	good	0				
746	OL984059.1 Severe acute respiratory syndrome coronavirus 2 isolate SARS-CoV-2/human/BRA/SARS-CoV-2_IC01050platelet.3/2020, complete genome	20A	20A		20A	B.1	B.1	0	good	4	0	0	0	14	0	2	0	0	0	89670	4	29903	0.9994314951677089	E:1,M:1,N:1,ORF1a:1,ORF1b:1,ORF3a:1,ORF6:1,ORF7a:1,ORF7b:1,ORF8:1,ORF9b:1,S:1	false	C241T,C3037T,C14408T,A23403G				ORF1b:P314L,S:D614G						0	0	0	0				0	0	0	0	29857-29870	NODE_0000764					NODE_0000764					N/A	N/A	N/A	N/A	N/A	N/A	N/A	N/A	N/A	N/A			3000	0	good	14	10	0	good	0	24	-8	0	good	0		0	good	0		0		0	0	good		0	0	good	0				
744	OL984055.1 Severe acute respiratory syndrome coronavirus 2 isolate SARS-CoV-2/human/BRA/SARS-CoV-2_IC01048platelet.3/2020, complete genome	20A	20A		20A	B.1	B.1	0	good	5	0	0	0	13	0	3	0	0	0	89667	4	29903	0.9994649366284319	E:1,M:1,N:1,ORF1a:1,ORF1b:1,ORF3a:1,ORF6:1,ORF7a:1,ORF7b:1,ORF8:1,ORF9b:1,S:1	false	C241T,C3037T,C14408T,A23403G,C28638G				N:P122R,ORF1b:P314L,S:D614G					C28638G	0	0	1	1			N:P122R	0	0	1	1	29857-29869	NODE_0000764	C28638G		N:P122R		NODE_0000764	C28638G		N:P122R		N/A	N/A	N/A	N/A	N/A	N/A	N/A	N/A	N/A	N/A			3000	0	good	13	10	0	good	0	24	-7	0	good	1		0	good	0		0		0	0	good		0	0	good	0				
749	OL986403.1 Severe acute respiratory syndrome coronavirus 2 isolate SARS-CoV-2/human/BRA/SARS-CoV-2_IC01049platelet.2/2020, complete genome	20A	20A		20A	B.1	B.1	0	good	4	14	0	0	0	0	2	0	0	0	89645	1	29903	1	E:1,M:1,N:1,ORF1a:1,ORF1b:1,ORF3a:1,ORF6:1,ORF7a:1,ORF7b:1,ORF8:1,ORF9b:1,S:1	false	C241T,C3037T,C14408T,A23403G	29857-29870			ORF1b:P314L,S:D614G						0	0	0	0				0	0	0	0		NODE_0000764		29857-29870			NODE_0000764		29857-29870			N/A	N/A	N/A	N/A	N/A	N/A	N/A	N/A	N/A	N/A			3000	0	good	0	10	0	good	0	24	-7	0	good	1		0	good	0		0		0	0	good		0	0	good	0				
753	OM065349.1 Severe acute respiratory syndrome coronavirus 2 isolate SARS-CoV-2/humans:female,53-year-old COVID-19 pneumonia/CHN/LA-67/2020, complete genome	19A	19A		19A	B	B	0	good	1	0	0	0	0	0	0	0	0	0	89705	1	29903	1	E:1,M:1,N:1,ORF1a:1,ORF1b:1,ORF3a:1,ORF6:1,ORF7a:1,ORF7b:1,ORF8:1,ORF9b:1,S:1	false	C8782T								C8782T|19B		0	1	0	1				0	0	0	0		NODE_0000000	C8782T				NODE_0000000	C8782T				N/A	N/A	N/A	N/A	N/A	N/A	N/A	N/A	N/A	N/A			3000	0	good	0	10	0	good	0	24	-4	0	good	4		0	good	0		0		0	0	good		0	0	good	0				
751	OM004014.1 Severe acute respiratory syndrome coronavirus 2 isolate SARS-CoV-2/human/FIN/hCoV19-Fin-THL20201068/2020, complete genome	19A	19A		19A	B	B	0	good	6	0	0	0	0	0	5	0	0	0	89301	36	29810	0.9957194930274554	E:1,M:1,N:1,ORF1a:1,ORF1b:1,ORF3a:1,ORF6:1,ORF7a:1,ORF7b:1,ORF8:1,ORF9b:1,S:1	false	G11083T,C14805T,C18086T,C23606T,G26144T,G28842T				N:S190I,ORF1a:L3606F,ORF1b:T1540I,ORF3a:G251V,S:R682W					C18086T,C23606T,G28842T	0	0	3	3			N:S190I,ORF1b:T1540I,S:R682W	0	0	3	3		NODE_0000000	G11083T,C14805T,C18086T,C23606T,G26144T,G28842T		N:S190I,ORF1a:L3606F,ORF1b:T1540I,ORF3a:G251V,S:R682W		NODE_0000000	G11083T,C14805T,C18086T,C23606T,G26144T,G28842T		N:S190I,ORF1a:L3606F,ORF1b:T1540I,ORF3a:G251V,S:R682W		N/A	N/A	N/A	N/A	N/A	N/A	N/A	N/A	N/A	N/A			3000	0	good	0	10	0	good	0	24	-5	0	good	3		0	good	0		0		0	0	good		0	0	good	0				
754	OM065362.1 Severe acute respiratory syndrome coronavirus 2 isolate SARS-CoV-2/humans:female,65-year-old COVID-19 pneumonia/CHN/LA-176/2020, complete genome	19B	19B		19B	A	A	0	good	4	0	0	0	0	0	2	0	0	0	89693	1	29903	1	E:1,M:1,N:1,ORF1a:1,ORF1b:1,ORF3a:1,ORF6:1,ORF7a:1,ORF7b:1,ORF8:1,ORF9b:1,S:1	false	C207T,C8782T,A11430G,T28144C				ORF1a:Y3722C,ORF8:L84S					C207T,A11430G	0	0	2	2			ORF1a:Y3722C	0	0	1	1		internal_b384	C207T,A11430G		ORF1a:Y3722C		internal_b384	C207T,A11430G		ORF1a:Y3722C		N/A	N/A	N/A	N/A	N/A	N/A	N/A	N/A	N/A	N/A			3000	0	good	0	10	0	good	0	24	-6	0	good	2		0	good	0		0		0	0	good		0	0	good	0				
752	OM004017.1 Severe acute respiratory syndrome coronavirus 2 isolate SARS-CoV-2/human/FIN/hCoV19-Fin-THL20201067/2020, complete genome	20B	20B		20B	B.1.1	B.1.1	0	good	8	0	0	0	0	0	5	0	0	0	89293	36	29810	0.9957194930274554	E:1,M:1,N:1,ORF1a:1,ORF1b:1,ORF3a:1,ORF6:1,ORF7a:1,ORF7b:1,ORF8:1,ORF9b:1,S:1	false	C241T,C3037T,A9347G,C14408T,A23403G,G28881A,G28882A,G28883C				N:R203K,N:G204R,ORF1a:T3028A,ORF1b:P314L,S:D614G					A9347G	0	0	1	1			ORF1a:T3028A	0	0	1	1		NODE_0000922	A9347G		ORF1a:T3028A		NODE_0000922	A9347G		ORF1a:T3028A		N/A	N/A	N/A	N/A	N/A	N/A	N/A	N/A	N/A	N/A			3000	0	good	0	10	0	good	0	24	-7	0	good	1		0	good	0		0		0	0	good		0	0	good	0				
755	OM065384.1 Severe acute respiratory syndrome coronavirus 2 isolate SARS-CoV-2/humans:male,22-year-old COVID-19 pneumonia/CHN/LA-483/2020, complete genome	19A	19A		19A	B	B	0	good	4	0	0	0	0	0	3	0	0	0	89693	1	29903	1	E:1,M:1,N:1,ORF1a:1,ORF1b:1,ORF3a:1,ORF6:1,ORF7a:1,ORF7b:1,ORF8:1,ORF9b:1,S:1	false	A12410G,A24389C,G24390C,G26144T				ORF1a:I4049V,ORF3a:G251V,S:S943P					A12410G,A24389C,G24390C,G26144T	0	0	4	4			ORF1a:I4049V,ORF3a:G251V,S:S943P	0	0	3	3		NODE_0000000	A12410G,A24389C,G24390C,G26144T		ORF1a:I4049V,ORF3a:G251V,S:S943P		NODE_0000000	A12410G,A24389C,G24390C,G26144T		ORF1a:I4049V,ORF3a:G251V,S:S943P		N/A	N/A	N/A	N/A	N/A	N/A	N/A	N/A	N/A	N/A			3000	0	good	0	10	0	good	0	24	-4	0	good	4		0	good	0		0		0	0	good		0	0	good	0				
759	OM720808.1 Severe acute respiratory syndrome coronavirus 2 isolate SARS-CoV-2/human/SouthAfrica/NHLS-UCT-GP-5164/2020, complete genome	20A	20A		20A	B.1.381	B.1.381	0	good	8	0	0	0	0	0	3	0	0	0	89362	39	29836	0.9964886466240845	E:1,M:1,N:1,ORF1a:1,ORF1b:1,ORF3a:1,ORF6:1,ORF7a:1,ORF7b:1,ORF8:1,ORF9b:1,S:1	false	C241T,C355T,C3037T,C4093T,C14408T,A20268G,A23403G,C28854T				N:S194L,ORF1b:P314L,S:D614G				C28854T|20A		0	1	0	1			N:S194L	0	0	1	1		NODE_0000764	C355T,C4093T,A20268G,C28854T		N:S194L		B.1.381	C28854T		N:S194L		N/A	N/A	N/A	N/A	N/A	N/A	N/A	N/A	N/A	N/A			3000	0	good	0	10	0	good	0	24	-4	0	good	4		0	good	0		0		0	0	good		0	0	good	0				
757	OM616023.1 Severe acute respiratory syndrome coronavirus 2 isolate SARS-CoV-2/human/NOR/Bergen-01/2020, complete genome	20C	20C		20C	B.1	B.1	0	good	7	0	0	0	0	0	5	0	0	0	89318	55	29836	0.9959535832525165	E:1,M:1,N:1,ORF1a:1,ORF1b:1,ORF3a:1,ORF6:1,ORF7a:1,ORF7b:1,ORF8:1,ORF9b:1,S:1	false	C241T,C1059T,C3037T,C14408T,A23403G,G23607T,G25563T				ORF1a:T265I,ORF1b:P314L,ORF3a:Q57H,S:D614G,S:R682L					G23607T	0	0	1	1			S:R682L	0	0	1	1		NODE_0000826	G23607T		S:R682L		NODE_0000764	C1059T,G23607T,G25563T		ORF1a:T265I,ORF3a:Q57H,S:R682L		N/A	N/A	N/A	N/A	N/A	N/A	N/A	N/A	N/A	N/A			3000	0	good	0	10	0	good	0	24	-7	0	good	1		0	good	0		0		0	0	good		0	0	good	0				
761	OM725351.1 Severe acute respiratory syndrome coronavirus 2 isolate SARS-CoV-2/human/SouthAfrica/NHLS-UCT-GS-0066/2020, complete genome	20B	20B		20B	B.1.1	B.1.1	0	good	7	0	0	0	0	0	4	0	0	0	89444	38	29861	0.9973581246028826	E:1,M:1,N:1,ORF1a:1,ORF1b:1,ORF3a:1,ORF6:1,ORF7a:1,ORF7b:1,ORF8:1,ORF9b:1,S:1	false	C241T,C3037T,C14408T,A23403G,G28881A,G28882A,G28883C				N:R203K,N:G204R,ORF1b:P314L,S:D614G						0	0	0	0				0	0	0	0		NODE_0000922					NODE_0000922					N/A	N/A	N/A	N/A	N/A	N/A	N/A	N/A	N/A	N/A			3000	0	good	0	10	0	good	0	24	-8	0	good	0		0	good	0		0		0	0	good		0	0	good	0				
758	OM720806.1 Severe acute respiratory syndrome coronavirus 2 isolate SARS-CoV-2/human/SouthAfrica/NHLS-UCT-GP-5156/2020, complete genome	20A	20A		20A	B.1.381	B.1.381	0	good	8	0	0	0	63	0	3	0	0	22	89398	39	29869	0.9954854028023944	E:1,M:1,N:1,ORF1a:0.9950011361054306,ORF1b:1,ORF3a:1,ORF6:1,ORF7a:1,ORF7b:1,ORF8:1,ORF9b:1,S:1	false	C241T,C355T,C3037T,C4093T,C14408T,A20268G,A23403G,C28854T				N:S194L,ORF1b:P314L,S:D614G				C28854T|20A		0	1	0	1			N:S194L	0	0	1	1	6880-6942	NODE_0000764	C355T,C4093T,A20268G,C28854T		N:S194L		B.1.381	C28854T		N:S194L		N/A	N/A	N/A	N/A	N/A	N/A	N/A	N/A	N/A	N/A	ORF1a:2205-2226		3000	0	good	63	10	0	good	0	24	-4	0	good	4		0	good	0		0		0	0	good		0	0	good	0				
760	OM720809.1 Severe acute respiratory syndrome coronavirus 2 isolate SARS-CoV-2/human/SouthAfrica/NHLS-UCT-GP-5183/2020, complete genome	20A	20A		20A	B.1	B.1	0	good	7	0	0	0	0	0	4	0	0	0	89420	38	29853	0.9970905929170987	E:1,M:1,N:1,ORF1a:1,ORF1b:1,ORF3a:1,ORF6:1,ORF7a:1,ORF7b:1,ORF8:1,ORF9b:1,S:1	false	C241T,G2164C,C3037T,C14408T,A20268G,A23403G,C28854T				N:S194L,ORF1a:E633D,ORF1b:P314L,S:D614G					G2164C	0	0	1	1			ORF1a:E633D	0	0	1	1		NODE_0000764	G2164C,A20268G,C28854T		N:S194L,ORF1a:E633D		NODE_0000764	G2164C,A20268G,C28854T		N:S194L,ORF1a:E633D		N/A	N/A	N/A	N/A	N/A	N/A	N/A	N/A	N/A	N/A			3000	0	good	0	10	0	good	0	24	-7	0	good	1		0	good	0		0		0	0	good		0	0	good	0				
762	OM725352.1 Severe acute respiratory syndrome coronavirus 2 isolate SARS-CoV-2/human/SouthAfrica/NHLS-UCT-GS-0067/2020, complete genome	20B	20B		20B	B.1.1	B.1.1	0	good	7	0	0	0	0	0	4	0	0	0	89474	36	29869	0.9976925392101127	E:1,M:1,N:1,ORF1a:1,ORF1b:1,ORF3a:1,ORF6:1,ORF7a:1,ORF7b:1,ORF8:1,ORF9b:1,S:1	false	C241T,C3037T,C14408T,A23403G,G28881A,G28882A,G28883C				N:R203K,N:G204R,ORF1b:P314L,S:D614G						0	0	0	0				0	0	0	0		NODE_0000922					NODE_0000922					N/A	N/A	N/A	N/A	N/A	N/A	N/A	N/A	N/A	N/A			3000	0	good	0	10	0	good	0	24	-8	0	good	0		0	good	0		0		0	0	good		0	0	good	0				
765	OM725362.1 Severe acute respiratory syndrome coronavirus 2 isolate SARS-CoV-2/human/SouthAfrica/NHLS-UCT-GS-0087/2020, complete genome	20A	20A		20A	B.1	B.1	0	good	5	0	0	0	0	0	2	0	0	0	89440	38	29857	0.9972243587599906	E:1,M:1,N:1,ORF1a:1,ORF1b:1,ORF3a:1,ORF6:1,ORF7a:1,ORF7b:1,ORF8:1,ORF9b:1,S:1	false	A187G,C241T,C3037T,C14408T,A23403G				ORF1b:P314L,S:D614G					A187G	0	0	1	1				0	0	0	0		NODE_0000764	A187G				NODE_0000764	A187G				N/A	N/A	N/A	N/A	N/A	N/A	N/A	N/A	N/A	N/A			3000	0	good	0	10	0	good	0	24	-7	0	good	1		0	good	0		0		0	0	good		0	0	good	0				
764	OM725360.1 Severe acute respiratory syndrome coronavirus 2 isolate SARS-CoV-2/human/SouthAfrica/NHLS-UCT-GS-0084/2020, complete genome	20B	20B		20B	B.1.1	B.1.1	0	good	7	0	0	0	35	0	4	0	0	12	89388	39	29855	0.9959535832525165	E:1,M:1,N:1,ORF1a:0.9972733469665985,ORF1b:1,ORF3a:1,ORF6:1,ORF7a:1,ORF7b:1,ORF8:1,ORF9b:1,S:1	false	C241T,C3037T,C14408T,A23403G,G28881A,G28882A,G28883C				N:R203K,N:G204R,ORF1b:P314L,S:D614G						0	0	0	0				0	0	0	0	10166-10200	NODE_0000922					NODE_0000922					N/A	N/A	N/A	N/A	N/A	N/A	N/A	N/A	N/A	N/A	ORF1a:3301-3312		3000	0	good	35	10	0	good	0	24	-8	0	good	0		0	good	0		0		0	0	good		0	0	good	0				
763	OM725357.1 Severe acute respiratory syndrome coronavirus 2 isolate SARS-CoV-2/human/SouthAfrica/NHLS-UCT-GS-0074/2020, complete genome	20A	20A		20A	B.1	B.1	0	good	6	0	0	0	67	0	3	0	0	23	89363	39	29856	0.9949168979701033	E:1,M:1,N:1,ORF1a:0.9947739150193138,ORF1b:1,ORF3a:1,ORF6:1,ORF7a:1,ORF7b:1,ORF8:1,ORF9b:1,S:1	false	A187G,C241T,C3037T,C5777T,C14408T,A23403G				ORF1a:H1838Y,ORF1b:P314L,S:D614G					A187G,C5777T	0	0	2	2			ORF1a:H1838Y	0	0	1	1	7044-7069,10166-10195,10358-10368	NODE_0000764	A187G,C5777T		ORF1a:H1838Y		NODE_0000764	A187G,C5777T		ORF1a:H1838Y		N/A	N/A	N/A	N/A	N/A	N/A	N/A	N/A	N/A	N/A	ORF1a:2260-2268,ORF1a:3301-3310,ORF1a:3365-3368		3000	0	good	67	10	0	good	0	24	-6	0	good	2		0	good	0		0		0	0	good		0	0	good	0				
766	OM731938.1 Severe acute respiratory syndrome coronavirus 2 isolate SARS-CoV-2/human/GAB/7919_Gabon/2020, complete genome	20B	20B		20B	B.1.1	B.1.1	0	good	9	0	0	0	103	0	5	0	0	37	88967	101	29802	0.9898337959402067	E:1,M:1,N:1,ORF1a:0.9990911156555329,ORF1b:0.9974035608308606,ORF3a:1,ORF6:1,ORF7a:1,ORF7b:1,ORF8:1,ORF9b:1,S:0.9795918367346939	false	C241T,C3037T,C14408T,A23403G,A27997G,C28876T,G28881A,G28882A,G28883C				N:R203K,N:G204R,ORF1b:P314L,ORF8:D35G,S:D614G					A27997G,C28876T	0	0	2	2			ORF8:D35G	0	0	1	1	5258-5259,13379-13385,13670-13689,22517-22542,22878-22903,23123-23144	NODE_0000922	A27997G,C28876T		ORF8:D35G		NODE_0000922	A27997G,C28876T		ORF8:D35G		N/A	N/A	N/A	N/A	N/A	N/A	N/A	N/A	N/A	N/A	ORF1a:1665,ORF1a:4372-4374,ORF1b:68-74,S:319-327,S:439-447,S:521-528		3000	0	good	103	10	0	good	0	24	-6	0	good	2		0	good	0		0		0	0	good		0	0	good	0				
756	OV317686.1 Severe acute respiratory syndrome coronavirus 2 genome assembly, complete genome: monopartite	21J	21J (Delta)	Delta	21J	B.1.617.2.4	AY.4	1.562500	good	44	19	0	0	126	0	34	6	0	0	89321	1	29903	0.9957863759489014	E:1,M:1,N:1,ORF1a:1,ORF1b:1,ORF3a:1,ORF6:1,ORF7a:1,ORF7b:1,ORF8:1,ORF9b:1,S:1	false	C119T,G210T,C241T,C601T,G2577A,A2656G,C3037T,G4181T,C6402T,C7101T,C7124T,C7851T,C8986T,G9053T,C10029T,G11083T,A11201G,A11332G,C14408T,G15451A,C16386T,C16466T,T17040C,C19220T,C21618G,C21846T,T21995G,T22917G,C22995A,A23403G,C23604G,G24410A,C25469T,C26625T,T26767C,T27638C,C27752T,C27874T,A28461G,A28684T,G28881T,G28916T,G29402T,G29742T	21987-21992,22029-22034,28248-28253,28271			M:I82T,N:D63G,N:R203M,N:G215C,N:D377Y,ORF1a:S771N,ORF1a:A1306S,ORF1a:P2046L,ORF1a:A2279V,ORF1a:P2287S,ORF1a:A2529V,ORF1a:V2930L,ORF1a:T3255I,ORF1a:L3606F,ORF1a:T3646A,ORF1b:P314L,ORF1b:G662S,ORF1b:P1000L,ORF1b:A1918V,ORF3a:S26L,ORF7a:V82A,ORF7a:T120I,ORF7b:T40I,ORF9b:T60A,S:T19R,S:T95I,S:Y144D,S:Y145D,S:R158G,S:L452R,S:T478K,S:D614G,S:P681R,S:D950N	ORF8:D119-,ORF8:F120-,S:G142-,S:V143-,S:E156-,S:F157-				C119T,C601T,G2577A,A2656G,C7101T,G11083T,C16386T,T21995G,C26625T,A28684T	0	0	10	10			ORF1a:S771N,ORF1a:A2279V,ORF1a:L3606F,S:Y144D,S:Y145D	0	0	5	5	1-50,29828-29903	NODE_0000872	C119T,C601T,G2577A,A2656G,C7101T,C7851T,G9053T,G11083T,C16386T,T17040C,C21846T,T21995G,C26625T,A28684T	21987-21992	ORF1a:S771N,ORF1a:A2279V,ORF1a:A2529V,ORF1a:V2930L,ORF1a:L3606F,S:T95I,S:Y144D,S:Y145D	S:D142-,S:V143-	NODE_0000919	C119T,C601T,G2577A,A2656G,C7101T,G11083T,C16386T,T17040C,T21995G,C26625T,A28684T	21987-21992	ORF1a:S771N,ORF1a:A2279V,ORF1a:L3606F,S:Y144D,S:Y145D	S:D142-,S:V143-	N/A	N/A	N/A	N/A	N/A	N/A	N/A	N/A	N/A	N/A			3000	0	good	126	10	0	good	0	24	3	12.500000	good	11		0	good	0		0		0	0	good		0	0	good	0				
767	OM731939.1 Severe acute respiratory syndrome coronavirus 2 isolate SARS-CoV-2/human/GAB/7921_Gabon/2020, complete genome	20B	20B		20B	B.1.1	B.1.1	0	good	9	0	0	0	103	0	5	0	0	37	88967	101	29802	0.9898337959402067	E:1,M:1,N:1,ORF1a:0.9990911156555329,ORF1b:0.9974035608308606,ORF3a:1,ORF6:1,ORF7a:1,ORF7b:1,ORF8:1,ORF9b:1,S:0.9795918367346939	false	C241T,C3037T,C14408T,A23403G,A27997G,C28876T,G28881A,G28882A,G28883C				N:R203K,N:G204R,ORF1b:P314L,ORF8:D35G,S:D614G					A27997G,C28876T	0	0	2	2			ORF8:D35G	0	0	1	1	5258-5259,13379-13385,13670-13689,22517-22542,22878-22903,23123-23144	NODE_0000922	A27997G,C28876T		ORF8:D35G		NODE_0000922	A27997G,C28876T		ORF8:D35G		N/A	N/A	N/A	N/A	N/A	N/A	N/A	N/A	N/A	N/A	ORF1a:1665,ORF1a:4372-4374,ORF1b:68-74,S:319-327,S:439-447,S:521-528		3000	0	good	103	10	0	good	0	24	-6	0	good	2		0	good	0		0		0	0	good		0	0	good	0				
768	OM731980.1 Severe acute respiratory syndrome coronavirus 2 isolate SARS-CoV-2/human/GAB/88L_Gabon/2020, complete genome	20A	20A		20A	B.1.128	B.1.128	0	good	9	0	0	0	128	0	5	0	0	46	88942	101	29802	0.9889977594221315	E:1,M:1,N:1,ORF1a:0.9990911156555329,ORF1b:0.9873887240356083,ORF3a:1,ORF6:1,ORF7a:1,ORF7b:1,ORF8:1,ORF9b:1,S:0.9937205651491365	false	C241T,C1191T,C3037T,C8293T,C14408T,T18488C,A23403G,T24739C,A26530G				M:D3G,ORF1a:P309L,ORF1b:P314L,ORF1b:I1674T,S:D614G				C1191T|21A		0	1	0	1			ORF1a:P309L	0	0	1	1	5258-5259,13379-13385,13600-13625,13670-13689,19549-19570,21358-21386,22325-22346	NODE_0000764	C1191T,C8293T,T18488C,T24739C,A26530G		M:D3G,ORF1a:P309L,ORF1b:I1674T		B.1.128	C1191T		ORF1a:P309L		N/A	N/A	N/A	N/A	N/A	N/A	N/A	N/A	N/A	N/A	ORF1a:1665,ORF1a:4372-4374,ORF1b:45-53,ORF1b:68-74,ORF1b:2028-2035,ORF1b:2631-2640,S:255-262		3000	0	good	128	10	0	good	0	24	-4	0	good	4		0	good	0		0		0	0	good		0	0	good	0				
769	OM731981.1 Severe acute respiratory syndrome coronavirus 2 isolate SARS-CoV-2/human/GAB/101L_Gabon/2020, complete genome	20A	20A		20A	B.1.128	B.1.128	0	good	9	0	0	0	48	0	5	0	0	17	89022	101	29802	0.9916730762799719	E:1,M:1,N:1,ORF1a:0.9997727789138832,ORF1b:0.9974035608308606,ORF3a:1,ORF6:1,ORF7a:1,ORF7b:1,ORF8:1,ORF9b:1,S:0.9929356357927787	false	C241T,C1191T,C3037T,C8293T,C14408T,T18488C,A23403G,T24739C,A26530G				M:D3G,ORF1a:P309L,ORF1b:P314L,ORF1b:I1674T,S:D614G				C1191T|21A		0	1	0	1			ORF1a:P309L	0	0	1	1	5258-5259,13670-13689,22517-22542	NODE_0000764	C1191T,C8293T,T18488C,T24739C,A26530G		M:D3G,ORF1a:P309L,ORF1b:I1674T		B.1.128	C1191T		ORF1a:P309L		N/A	N/A	N/A	N/A	N/A	N/A	N/A	N/A	N/A	N/A	ORF1a:1665,ORF1b:68-74,S:319-327		3000	0	good	48	10	0	good	0	24	-4	0	good	4		0	good	0		0		0	0	good		0	0	good	0				
771	OM766137.1 Severe acute respiratory syndrome coronavirus 2 isolate SARS-CoV-2/human/SouthAfrica/NHLS-UCT-LA-9006/2020, complete genome	20B	20B		20B	B.1.1	B.1.1	0	good	7	0	0	0	99	0	4	0	0	34	89321	39	29854	0.9937798883055212	E:1,M:1,N:1,ORF1a:1,ORF1b:1,ORF3a:1,ORF6:1,ORF7a:1,ORF7b:1,ORF8:1,ORF9b:1,S:0.9733124018838305	false	C241T,C3037T,C14408T,A23403G,G28881A,G28882A,G28883C				N:R203K,N:G204R,ORF1b:P314L,S:D614G						0	0	0	0				0	0	0	0	22425-22523	NODE_0000922					NODE_0000922					N/A	N/A	N/A	N/A	N/A	N/A	N/A	N/A	N/A	N/A	S:288-321		3000	0	good	99	10	0	good	0	24	-8	0	good	0		0	good	0		0		0	0	good		0	0	good	0				
770	OM731982.1 Severe acute respiratory syndrome coronavirus 2 isolate SARS-CoV-2/human/GAB/149L_Gabon/2020, complete genome	20B	20B		20B	B.1.1	B.1.1	0	good	12	0	3	0	29	0	5	0	1	11	89022	101	29802	0.992308464033709	E:1,M:1,N:1,ORF1a:0.9990911156555329,ORF1b:0.9974035608308606,ORF3a:1,ORF6:1,ORF7a:1,ORF7b:1,ORF8:1,ORF9b:1,S:1	false	C241T,C3037T,C3157T,C14408T,C17733T,A23403G,C26750T,A27997G,C28603T,G28881A,G28882A,G28883C		25701:CCC		N:R203K,N:G204R,ORF1b:P314L,ORF8:D35G,S:D614G		ORF3a:103:P			C3157T,C17733T,C26750T,A27997G,C28603T	0	0	5	5			ORF8:D35G	0	0	1	1	5258-5259,13379-13385,13670-13689	NODE_0000922	C3157T,C17733T,C26750T,A27997G,C28603T		ORF8:D35G		NODE_0000922	C3157T,C17733T,C26750T,A27997G,C28603T		ORF8:D35G		N/A	N/A	N/A	N/A	N/A	N/A	N/A	N/A	N/A	N/A	ORF1a:1665,ORF1a:4372-4374,ORF1b:68-74		3000	0	good	29	10	0	good	0	24	-3	0	good	5		0	good	0		0		0	0	good		0	0	good	0				
773	OM837838.1 Severe acute respiratory syndrome coronavirus 2 isolate SARS-CoV-2/human/JPN/JP_HiroHC017c/2020, complete genome	20B	20B		20B	B.1.1	B.1.1	0	good	9	0	0	0	1	0	5	0	0	0	89558	4	29868	0.9986957830318028	E:1,M:1,N:1,ORF1a:1,ORF1b:1,ORF3a:1,ORF6:1,ORF7a:1,ORF7b:1,ORF8:1,ORF9b:1,S:1	false	C241T,C313T,C3037T,C14408T,A23403G,G26730A,G28881A,G28882A,G28883C				M:V70I,N:R203K,N:G204R,ORF1b:P314L,S:D614G					G26730A	0	0	1	1			M:V70I	0	0	1	1	8	NODE_0000922	C313T,G26730A		M:V70I		NODE_0000922	C313T,G26730A		M:V70I		N/A	N/A	N/A	N/A	N/A	N/A	N/A	N/A	N/A	N/A			3000	0	good	1	10	0	good	0	24	-7	0	good	1		0	good	0		0		0	0	good		0	0	good	0				
774	OM837855.1 Severe acute respiratory syndrome coronavirus 2 isolate SARS-CoV-2/human/JPN/JP_HiroHC053c/2020, complete genome	20B	20B		20B	B.1.1	B.1.1	1	good	9	0	0	0	0	1	5	0	0	0	89481	30	29868	0.9978263050530047	E:1,M:1,N:1,ORF1a:1,ORF1b:1,ORF3a:1,ORF6:1,ORF7a:1,ORF7b:1,ORF8:1,ORF9b:1,S:1	false	C241T,C313T,C3037T,C6318T,C14408T,A23403G,G28881A,G28882A,G28883C				N:R203K,N:G204R,ORF1a:P2018L,ORF1b:P314L,S:D614G					C6318T	0	0	1	1			ORF1a:P2018L	0	0	1	1		NODE_0000922	C313T,C6318T		ORF1a:P2018L		NODE_0000922	C313T,C6318T		ORF1a:P2018L		N/A	N/A	N/A	N/A	N/A	N/A	N/A	N/A	N/A	N/A		Y:11671	3000	0	good	0	10	10	good	1	24	-7	0	good	1		0	good	0		0		0	0	good		0	0	good	0				
775	OM978196.1 Severe acute respiratory syndrome coronavirus 2 isolate SARS-CoV-2/human/JPN/HiroHC055c/2020, complete genome	20B	20B		20B	B.1.1	B.1.1	0	good	11	0	0	0	0	0	6	0	0	0	89467	31	29867	0.9977928635922817	E:1,M:1,N:1,ORF1a:1,ORF1b:1,ORF3a:1,ORF6:1,ORF7a:1,ORF7b:1,ORF8:1,ORF9b:1,S:1	false	C241T,C313T,C3037T,C6318T,T10076C,C14408T,A23403G,G28881A,G28882A,G28883C,C29541T				N:R203K,N:G204R,ORF1a:P2018L,ORF1a:F3271L,ORF1b:P314L,S:D614G					C6318T,T10076C,C29541T	0	0	3	3			ORF1a:P2018L,ORF1a:F3271L	0	0	2	2		NODE_0000922	C313T,C6318T,T10076C,C29541T		ORF1a:P2018L,ORF1a:F3271L		NODE_0000922	C313T,C6318T,T10076C,C29541T		ORF1a:P2018L,ORF1a:F3271L		N/A	N/A	N/A	N/A	N/A	N/A	N/A	N/A	N/A	N/A			3000	0	good	0	10	0	good	0	24	-5	0	good	3		0	good	0		0		0	0	good		0	0	good	0				
777	ON017219.1 Severe acute respiratory syndrome coronavirus 2 isolate SARS-CoV-2/human/PRY/WOR12903A600_202103266_2-4710511/2020, complete genome	19B	19B		19B	A.5	A.5	4	good	6	0	0	0	17	2	3	0	0	1	89389	4	29813	0.9962545563990235	E:1,M:1,N:1,ORF1a:1,ORF1b:0.9996290801186943,ORF3a:1,ORF6:1,ORF7a:1,ORF7b:1,ORF8:1,ORF9b:1,S:1	false	C8782T,C9924T,C12325T,C26088T,T28144C,C28312T				ORF1a:A3220V,ORF8:L84S,ORF9b:P10L				C28312T|22E	C9924T,C12325T	0	1	2	3			ORF1a:A3220V,ORF9b:P10L	0	0	2	2	183-199	internal_b384	C9924T,C12325T,C26088T,C28312T		ORF1a:A3220V,ORF9b:P10L		A.5	C9924T,C12325T,C28312T		ORF1a:A3220V,ORF9b:P10L		N/A	N/A	N/A	N/A	N/A	N/A	N/A	N/A	N/A	N/A	ORF1b:1156	M:10030,K:16935	3000	0	good	17	10	20	good	2	24	-2	0	good	6		0	good	0		0		0	0	good		0	0	good	0				
780	ON017320.1 Severe acute respiratory syndrome coronavirus 2 isolate SARS-CoV-2/human/PRY/WOR12903A972_202103273_202103273_2-4871943/2020, complete genome	20B	20B		20B	B.1.1.33	B.1.1.33	4096	bad	12	0	0	0	0	64	6	0	0	51	89502	3	29852	0.9960873490954085	E:0.9868421052631579,M:1,N:1,ORF1a:0.9947739150193138,ORF1b:0.9929525222551929,ORF3a:0.9927536231884058,ORF6:1,ORF7a:0.9918032786885246,ORF7b:1,ORF8:0.9836065573770492,ORF9b:1,S:0.9976452119309263	false	A187C,C241T,C3037T,C14408T,C17403T,A23403G,T27299C,G27651T,G28881A,G28882A,G28883C,T29148C				N:R203K,N:G204R,N:I292T,ORF1b:P314L,ORF6:I33T,S:D614G					A187C,C17403T,G27651T	0	0	3	3				0	0	0	0		NODE_0000922	A187C,C17403T,T27299C,G27651T,T29148C		N:I292T,ORF6:I33T		NODE_0000944	A187C,C17403T,G27651T				N/A	N/A	N/A	N/A	N/A	N/A	N/A	N/A	N/A	N/A	ORF1a:16,ORF1a:18,ORF1a:272,ORF1a:379,ORF1a:539,ORF1a:717,ORF1a:1330,ORF1a:1341,ORF1a:1542,ORF1a:1551,ORF1a:1912,ORF1a:1915,ORF1a:1922,ORF1a:1924,ORF1a:2076,ORF1a:2788,ORF1a:3099,ORF1a:3445,ORF1a:3521-3522,ORF1a:3794,ORF1a:4286,ORF1a:4288,ORF1b:556,ORF1b:1036,ORF1b:1039,ORF1b:1041,ORF1b:1159,ORF1b:1457-1459,ORF1b:1641,ORF1b:1644,ORF1b:1666,ORF1b:1668,ORF1b:2243,ORF1b:2245,ORF1b:2247,ORF1b:2332,ORF1b:2335,ORF1b:2400,ORF1b:2403,S:258,S:436,S:1259,ORF3a:103,ORF3a:105,E:37,ORF7a:68,ORF8:93,ORF8:95	M:38,K:45,M:55,M:196,M:311,K:318,M:1080,K:1400,K:1882,K:2414,M:4253,M:4287,M:4552,M:4889,M:4916,K:6000,K:6009,M:6029,K:6036,K:6492,M:8628,K:9560,K:10598,K:10827,M:10829,K:11638,K:11646,M:13121,K:13128,M:15018,M:15133,M:16574,M:16583,K:16589,M:16942,K:17838,M:17840,M:17843,K:18381,K:18389,K:18398,M:18464,K:18471,M:20195,K:20201,M:20206,M:20462,M:20470,M:20666,M:20675,K:22334,M:22864,K:22870,M:22987,M:25338,M:25692,M:25700,K:25707,K:26354,M:26356,K:27591,M:27596,M:28170,K:28177	3000	0	good	0	10	640	bad	64	24	-5	0	good	3		0	good	0		0		0	0	good		0	0	good	0				
776	ON017184.1 Severe acute respiratory syndrome coronavirus 2 isolate SARS-CoV-2/human/PRY/WOR12903A609_202103267_2-4710520/2020, complete genome	20D	20D		20D	B.1.1.1	B.1.1.1	9	good	11	0	0	0	5	3	6	0	0	3	89498	4	29852	0.9979266294351737	E:1,M:1,N:1,ORF1a:0.9995455578277664,ORF1b:0.9996290801186943,ORF3a:1,ORF6:1,ORF7a:1,ORF7b:1,ORF8:1,ORF9b:1,S:1	false	C241T,C3037T,C4002T,G10097A,C13536T,C14408T,A23403G,C23731T,G28881A,G28882A,G28883C				N:R203K,N:G204R,ORF1a:T1246I,ORF1a:G3278S,ORF1b:P314L,S:D614G						0	0	0	0				0	0	0	0	183-186,191	NODE_0000960					NODE_0000960					N/A	N/A	N/A	N/A	N/A	N/A	N/A	N/A	N/A	N/A	ORF1a:1633,ORF1a:3447,ORF1b:1156	K:5164,M:10605,K:16935	3000	0	good	5	10	30	mediocre	3	24	-8	0	good	0		0	good	0		0		0	0	good		0	0	good	0				
772	OM816720.1 Severe acute respiratory syndrome coronavirus 2 isolate SARS-CoV-2/human/JPN/JP_HiroFH173c/2020, complete genome	21J	21J (Delta)	Delta	21J	B.1.617.2.29	AY.29	4	good	40	13	0	0	0	2	29	4	0	2	89375	3	29867	0.9986623415710798	E:1,M:1,N:0.9976190476190476,ORF1a:1,ORF1b:1,ORF3a:1,ORF6:1,ORF7a:1,ORF7b:1,ORF8:1,ORF9b:0.9897959183673469,S:1	false	G210T,C241T,C3037T,C3619T,C3923A,G4181T,C5239T,T5514C,C6402T,C7124T,C8290T,C8986T,G9053T,C10029T,A11201G,A11332G,C14408T,G15451A,C16466T,C19220T,C21618G,C21846T,G21987A,T22917G,C22995A,A23403G,C23604G,G24410A,C25469T,T26767C,T26987C,T27638C,C27752T,C27874T,G28881T,G28916T,G29032A,G29402T,T29693C,G29742T	22029-22034,28248-28253,28271			M:I82T,N:R203M,N:G215C,N:D377Y,ORF1a:P1220T,ORF1a:A1306S,ORF1a:V1750A,ORF1a:P2046L,ORF1a:P2287S,ORF1a:V2930L,ORF1a:T3255I,ORF1a:T3646A,ORF1b:P314L,ORF1b:G662S,ORF1b:P1000L,ORF1b:A1918V,ORF3a:S26L,ORF7a:V82A,ORF7a:T120I,ORF7b:T40I,S:T19R,S:T95I,S:G142D,S:R158G,S:L452R,S:T478K,S:D614G,S:P681R,S:D950N	ORF8:D119-,ORF8:F120-,S:E156-,S:F157-				C3619T,C3923A,C8290T,T26987C,G29032A,T29693C	0	0	6	6			ORF1a:P1220T	0	0	1	1		NODE_0000872	C3619T,C3923A,C5239T,T5514C,C8290T,G9053T,C21846T,T26987C,G29032A,T29693C		ORF1a:P1220T,ORF1a:V1750A,ORF1a:V2930L,S:T95I		NODE_0000902	C3619T,C3923A,C8290T,T26987C,G29032A,T29693C		ORF1a:P1220T		N/A	N/A	N/A	N/A	N/A	N/A	N/A	N/A	N/A	N/A	N:63,ORF9b:60	Y:25291,R:28461	3000	0	good	0	10	20	good	2	24	-2	0	good	6		0	good	0		0		0	0	good		0	0	good	0				
778	ON017225.1 Severe acute respiratory syndrome coronavirus 2 isolate SARS-CoV-2/human/PRY/WOR12903A616_202103268_2-4710527/2020, complete genome	20B	20B		20B	B.1.1.33	B.1.1.33	1	good	10	0	0	0	0	1	6	0	0	1	89507	4	29852	0.9981607196602348	E:1,M:1,N:1,ORF1a:0.9997727789138832,ORF1b:1,ORF3a:1,ORF6:1,ORF7a:1,ORF7b:1,ORF8:1,ORF9b:1,S:1	false	C241T,C3037T,C14408T,A23403G,T27299C,G27651T,G28881A,G28882A,G28883C,T29148C				N:R203K,N:G204R,N:I292T,ORF1b:P314L,ORF6:I33T,S:D614G					G27651T	0	0	1	1				0	0	0	0		NODE_0000922	T27299C,G27651T,T29148C		N:I292T,ORF6:I33T		NODE_0000944	G27651T				N/A	N/A	N/A	N/A	N/A	N/A	N/A	N/A	N/A	N/A	ORF1a:1633	K:5164	3000	0	good	0	10	10	good	1	24	-7	0	good	1		0	good	0		0		0	0	good		0	0	good	0				
781	ON159861.1 Severe acute respiratory syndrome coronavirus 2 isolate SARS-CoV-2/human/CHE/H3003/2020, complete genome	20A	20A		20A	B.1	B.1	0	good	7	0	0	0	0	0	3	0	0	0	89636	16	29903	0.999498378089155	E:1,M:1,N:1,ORF1a:1,ORF1b:1,ORF3a:1,ORF6:1,ORF7a:1,ORF7b:1,ORF8:1,ORF9b:1,S:1	false	C241T,C3037T,G4504T,C10156T,C14220T,C14408T,A23403G				ORF1a:E1413D,ORF1b:P314L,S:D614G					G4504T,C10156T,C14220T	0	0	3	3			ORF1a:E1413D	0	0	1	1		NODE_0000764	G4504T,C10156T,C14220T		ORF1a:E1413D		NODE_0000764	G4504T,C10156T,C14220T		ORF1a:E1413D		N/A	N/A	N/A	N/A	N/A	N/A	N/A	N/A	N/A	N/A			3000	0	good	0	10	0	good	0	24	-5	0	good	3		0	good	0		0		0	0	good		0	0	good	0				
779	ON017228.1 Severe acute respiratory syndrome coronavirus 2 isolate SARS-CoV-2/human/PRY/WOR12903A652_202103277_2-4710613/2020, complete genome	20B	20B		20B	B.1.1.28	B.1.1.28	16	good	9	0	0	0	166	4	6	0	0	60	89345	4	29852	0.992509112798047	E:1,M:1,N:1,ORF1a:0.9940922517609634,ORF1b:0.9962908011869436,ORF3a:1,ORF6:1,ORF7a:1,ORF7b:1,ORF8:1,ORF9b:1,S:0.9811616954474097	false	C241T,C3037T,A4179G,C12053T,A23403G,G25088T,G28881A,G28882A,G28883C				N:R203K,N:G204R,ORF1a:K1305R,ORF1a:L3930F,S:D614G,S:V1176F					A4179G	0	0	1	1			ORF1a:K1305R	0	0	1	1	188,1820-1891,14495-14516,24147-24217	NODE_0000922	A4179G,C12053T,G25088T		ORF1a:K1305R,ORF1a:L3930F,S:V1176F		internal_1fa9	A4179G,C12053T		ORF1a:K1305R,ORF1a:L3930F		N/A	N/A	N/A	N/A	N/A	N/A	N/A	N/A	N/A	N/A	ORF1a:519-542,ORF1a:1633,ORF1a:3447,ORF1b:314,ORF1b:343-350,ORF1b:1156,S:862-885	K:5164,M:10605,Y:14408,K:16935	3000	0	good	166	10	40	mediocre	4	24	-7	0	good	1		0	good	0		0		0	0	good		0	0	good	0				
782	ON159864.1 Severe acute respiratory syndrome coronavirus 2 isolate SARS-CoV-2/human/CHE/H3006/2020, complete genome	20A	20A		20A	B.1	B.1	0	good	7	0	0	0	0	0	3	0	0	0	89645	13	29903	0.999598702471324	E:1,M:1,N:1,ORF1a:1,ORF1b:1,ORF3a:1,ORF6:1,ORF7a:1,ORF7b:1,ORF8:1,ORF9b:1,S:1	false	C241T,C3037T,G4504T,C10156T,C14220T,C14408T,A23403G				ORF1a:E1413D,ORF1b:P314L,S:D614G					G4504T,C10156T,C14220T	0	0	3	3			ORF1a:E1413D	0	0	1	1		NODE_0000764	G4504T,C10156T,C14220T		ORF1a:E1413D		NODE_0000764	G4504T,C10156T,C14220T		ORF1a:E1413D		N/A	N/A	N/A	N/A	N/A	N/A	N/A	N/A	N/A	N/A			3000	0	good	0	10	0	good	0	24	-5	0	good	3		0	good	0		0		0	0	good		0	0	good	0				
783	ON203134.1 Severe acute respiratory syndrome coronavirus 2 isolate SARS-CoV-2/human/CHE/H2008/2020, complete genome	20A	20A		20A	B.1	B.1	0	good	6	0	0	0	0	0	2	0	0	0	89559	14	29874	0.9985954586496338	E:1,M:1,N:1,ORF1a:1,ORF1b:1,ORF3a:1,ORF6:1,ORF7a:1,ORF7b:1,ORF8:1,ORF9b:1,S:1	false	C241T,C3037T,C5239T,C14408T,C15324T,A23403G				ORF1b:P314L,S:D614G				C5239T|25C&24H&25E&25H		0	1	0	1				0	0	0	0		NODE_0000764	C5239T,C15324T				NODE_0000764	C5239T,C15324T				N/A	N/A	N/A	N/A	N/A	N/A	N/A	N/A	N/A	N/A			3000	0	good	0	10	0	good	0	24	-4	0	good	4		0	good	0		0		0	0	good		0	0	good	0				
784	ON203147.1 Severe acute respiratory syndrome coronavirus 2 isolate SARS-CoV-2/human/CHE/H2025/2020, complete genome	20A	20A		20A	B.1	B.1	0	good	8	0	0	0	0	0	3	0	0	0	89533	16	29870	0.9983948098852958	E:1,M:1,N:1,ORF1a:1,ORF1b:1,ORF3a:1,ORF6:1,ORF7a:1,ORF7b:1,ORF8:1,ORF9b:1,S:1	false	C241T,C3037T,C5239T,C14408T,C15324T,A23403G,G25552T,G29781T				ORF1b:P314L,ORF3a:A54S,S:D614G				C5239T|25C&24H&25E&25H	G25552T,G29781T	0	1	2	3			ORF3a:A54S	0	0	1	1		NODE_0000764	C5239T,C15324T,G25552T,G29781T		ORF3a:A54S		NODE_0000764	C5239T,C15324T,G25552T,G29781T		ORF3a:A54S		N/A	N/A	N/A	N/A	N/A	N/A	N/A	N/A	N/A	N/A			3000	0	good	0	10	0	good	0	24	-2	0	good	6		0	good	0		0		0	0	good		0	0	good	0				
785	ON203148.1 Severe acute respiratory syndrome coronavirus 2 isolate SARS-CoV-2/human/CHE/C214/2020, complete genome	20A	20A		20A	B.1	B.1	0	good	6	0	0	0	0	0	2	0	0	0	89646	14	29903	0.999565261010601	E:1,M:1,N:1,ORF1a:1,ORF1b:1,ORF3a:1,ORF6:1,ORF7a:1,ORF7b:1,ORF8:1,ORF9b:1,S:1	false	C241T,C3037T,C5239T,C14408T,C15324T,A23403G				ORF1b:P314L,S:D614G				C5239T|25C&24H&25E&25H		0	1	0	1				0	0	0	0		NODE_0000764	C5239T,C15324T				NODE_0000764	C5239T,C15324T				N/A	N/A	N/A	N/A	N/A	N/A	N/A	N/A	N/A	N/A			3000	0	good	0	10	0	good	0	24	-4	0	good	4		0	good	0		0		0	0	good		0	0	good	0				
786	ON203149.1 Severe acute respiratory syndrome coronavirus 2 isolate SARS-CoV-2/human/CHE/C209/2020, complete genome	20A	20A		20A	B.1	B.1	0	good	7	0	0	0	0	0	2	0	0	0	89642	14	29903	0.999565261010601	E:1,M:1,N:1,ORF1a:1,ORF1b:1,ORF3a:1,ORF6:1,ORF7a:1,ORF7b:1,ORF8:1,ORF9b:1,S:1	false	C241T,C3037T,C5239T,C14408T,C15324T,A23403G,G29781T				ORF1b:P314L,S:D614G				C5239T|25C&24H&25E&25H	G29781T	0	1	1	2				0	0	0	0		NODE_0000764	C5239T,C15324T,G29781T				NODE_0000764	C5239T,C15324T,G29781T				N/A	N/A	N/A	N/A	N/A	N/A	N/A	N/A	N/A	N/A			3000	0	good	0	10	0	good	0	24	-3	0	good	5		0	good	0		0		0	0	good		0	0	good	0				
787	ON203154.1 Severe acute respiratory syndrome coronavirus 2 isolate SARS-CoV-2/human/CHE/C232/2020, complete genome	20A	20A		20A	B.1	B.1	0	good	7	0	0	0	0	0	2	0	0	0	89648	12	29903	0.9996321439320469	E:1,M:1,N:1,ORF1a:1,ORF1b:1,ORF3a:1,ORF6:1,ORF7a:1,ORF7b:1,ORF8:1,ORF9b:1,S:1	false	C241T,C3037T,C5239T,C14408T,C15324T,A23403G,G29781T				ORF1b:P314L,S:D614G				C5239T|25C&24H&25E&25H	G29781T	0	1	1	2				0	0	0	0		NODE_0000764	C5239T,C15324T,G29781T				NODE_0000764	C5239T,C15324T,G29781T				N/A	N/A	N/A	N/A	N/A	N/A	N/A	N/A	N/A	N/A			3000	0	good	0	10	0	good	0	24	-3	0	good	5		0	good	0		0		0	0	good		0	0	good	0				
788	ON203160.1 Severe acute respiratory syndrome coronavirus 2 isolate SARS-CoV-2/human/CHE/C207/2020, complete genome	20A	20A		20A	B.1	B.1	0	good	6	0	0	0	0	0	2	0	0	0	89646	14	29903	0.999565261010601	E:1,M:1,N:1,ORF1a:1,ORF1b:1,ORF3a:1,ORF6:1,ORF7a:1,ORF7b:1,ORF8:1,ORF9b:1,S:1	false	C241T,C3037T,C5239T,C14408T,C15324T,A23403G				ORF1b:P314L,S:D614G				C5239T|25C&24H&25E&25H		0	1	0	1				0	0	0	0		NODE_0000764	C5239T,C15324T				NODE_0000764	C5239T,C15324T				N/A	N/A	N/A	N/A	N/A	N/A	N/A	N/A	N/A	N/A			3000	0	good	0	10	0	good	0	24	-4	0	good	4		0	good	0		0		0	0	good		0	0	good	0				
789	ON203164.1 Severe acute respiratory syndrome coronavirus 2 isolate SARS-CoV-2/human/CHE/H2003/2020, complete genome	20A	20A		20A	B.1	B.1	0	good	6	0	0	0	0	0	2	0	0	0	89646	14	29903	0.999565261010601	E:1,M:1,N:1,ORF1a:1,ORF1b:1,ORF3a:1,ORF6:1,ORF7a:1,ORF7b:1,ORF8:1,ORF9b:1,S:1	false	C241T,C3037T,C5239T,C14408T,C15324T,A23403G				ORF1b:P314L,S:D614G				C5239T|25C&24H&25E&25H		0	1	0	1				0	0	0	0		NODE_0000764	C5239T,C15324T				NODE_0000764	C5239T,C15324T				N/A	N/A	N/A	N/A	N/A	N/A	N/A	N/A	N/A	N/A			3000	0	good	0	10	0	good	0	24	-4	0	good	4		0	good	0		0		0	0	good		0	0	good	0				
790	ON203166.1 Severe acute respiratory syndrome coronavirus 2 isolate SARS-CoV-2/human/CHE/C213/2020, complete genome	20A	20A		20A	B.1	B.1	0	good	6	0	0	0	0	0	2	0	0	0	89646	14	29903	0.999565261010601	E:1,M:1,N:1,ORF1a:1,ORF1b:1,ORF3a:1,ORF6:1,ORF7a:1,ORF7b:1,ORF8:1,ORF9b:1,S:1	false	C241T,C3037T,C5239T,C14408T,C15324T,A23403G				ORF1b:P314L,S:D614G				C5239T|25C&24H&25E&25H		0	1	0	1				0	0	0	0		NODE_0000764	C5239T,C15324T				NODE_0000764	C5239T,C15324T				N/A	N/A	N/A	N/A	N/A	N/A	N/A	N/A	N/A	N/A			3000	0	good	0	10	0	good	0	24	-4	0	good	4		0	good	0		0		0	0	good		0	0	good	0				
791	ON209730.1 Severe acute respiratory syndrome coronavirus 2 isolate SARS-CoV-2/human/CHE/C117/2020, complete genome	20A	20A		20A	B.1	B.1	0	good	5	0	0	0	0	0	2	0	0	0	89488	31	29866	0.9977594221315587	E:1,M:1,N:1,ORF1a:1,ORF1b:1,ORF3a:1,ORF6:1,ORF7a:1,ORF7b:1,ORF8:1,ORF9b:1,S:1	false	C241T,C2416T,C3037T,C14408T,A23403G				ORF1b:P314L,S:D614G					C2416T	0	0	1	1				0	0	0	0		NODE_0000764	C2416T				NODE_0000764	C2416T				N/A	N/A	N/A	N/A	N/A	N/A	N/A	N/A	N/A	N/A			3000	0	good	0	10	0	good	0	24	-7	0	good	1		0	good	0		0		0	0	good		0	0	good	0				
794	ON209750.1 Severe acute respiratory syndrome coronavirus 2 isolate SARS-CoV-2/human/CHE/C111/2020, complete genome	20A	20A		20A	B.1	B.1	0	good	6	0	0	0	0	0	3	0	0	0	89484	31	29866	0.9977594221315587	E:1,M:1,N:1,ORF1a:1,ORF1b:1,ORF3a:1,ORF6:1,ORF7a:1,ORF7b:1,ORF8:1,ORF9b:1,S:1	false	C241T,C2416T,C3037T,C14408T,A23403G,G25563T				ORF1b:P314L,ORF3a:Q57H,S:D614G						0	0	0	0				0	0	0	0		NODE_0000764	C2416T,G25563T		ORF3a:Q57H		NODE_0000764	C2416T,G25563T		ORF3a:Q57H		N/A	N/A	N/A	N/A	N/A	N/A	N/A	N/A	N/A	N/A			3000	0	good	0	10	0	good	0	24	-8	0	good	0		0	good	0		0		0	0	good		0	0	good	0				
795	ON209755.1 Severe acute respiratory syndrome coronavirus 2 isolate SARS-CoV-2/human/CHE/C105/2020, complete genome	20A	20A		20A	B.1	B.1	0	good	7	0	0	0	0	0	3	0	0	0	89480	31	29866	0.9977594221315587	E:1,M:1,N:1,ORF1a:1,ORF1b:1,ORF3a:1,ORF6:1,ORF7a:1,ORF7b:1,ORF8:1,ORF9b:1,S:1	false	C241T,C2416T,C3037T,C14408T,A23403G,C24034T,G25563T				ORF1b:P314L,ORF3a:Q57H,S:D614G					C24034T	0	0	1	1				0	0	0	0		NODE_0000764	C2416T,C24034T,G25563T		ORF3a:Q57H		NODE_0000764	C2416T,C24034T,G25563T		ORF3a:Q57H		N/A	N/A	N/A	N/A	N/A	N/A	N/A	N/A	N/A	N/A			3000	0	good	0	10	0	good	0	24	-7	0	good	1		0	good	0		0		0	0	good		0	0	good	0				
793	ON209744.1 Severe acute respiratory syndrome coronavirus 2 isolate SARS-CoV-2/human/CHE/C129/2020, complete genome	20B	20B		20B	B.1.1	B.1.1	0	good	9	0	0	0	0	0	4	0	0	0	89472	31	29866	0.9977594221315587	E:1,M:1,N:1,ORF1a:1,ORF1b:1,ORF3a:1,ORF6:1,ORF7a:1,ORF7b:1,ORF8:1,ORF9b:1,S:1	false	C241T,C3037T,A9946G,C14408T,T19839C,A23403G,G28881A,G28882A,G28883C				N:R203K,N:G204R,ORF1b:P314L,S:D614G					A9946G	0	0	1	1				0	0	0	0		NODE_0000922	A9946G,T19839C				NODE_0000922	A9946G,T19839C				N/A	N/A	N/A	N/A	N/A	N/A	N/A	N/A	N/A	N/A			3000	0	good	0	10	0	good	0	24	-7	0	good	1		0	good	0		0		0	0	good		0	0	good	0				
792	ON209738.1 Severe acute respiratory syndrome coronavirus 2 isolate SARS-CoV-2/human/CHE/C133/2020, complete genome	20B	20B		20B	B.1.1	B.1.1	0	good	10	0	0	0	0	0	5	0	0	0	89468	31	29866	0.9977594221315587	E:1,M:1,N:1,ORF1a:1,ORF1b:1,ORF3a:1,ORF6:1,ORF7a:1,ORF7b:1,ORF8:1,ORF9b:1,S:1	false	C241T,C3037T,A9946G,G11083T,C14408T,T19839C,A23403G,G28881A,G28882A,G28883C				N:R203K,N:G204R,ORF1a:L3606F,ORF1b:P314L,S:D614G					A9946G,G11083T	0	0	2	2			ORF1a:L3606F	0	0	1	1		NODE_0000922	A9946G,G11083T,T19839C		ORF1a:L3606F		NODE_0000922	A9946G,G11083T,T19839C		ORF1a:L3606F		N/A	N/A	N/A	N/A	N/A	N/A	N/A	N/A	N/A	N/A			3000	0	good	0	10	0	good	0	24	-6	0	good	2		0	good	0		0		0	0	good		0	0	good	0				
797	ON209811.1 Severe acute respiratory syndrome coronavirus 2 isolate SARS-CoV-2/human/CHE/H1003/2020, complete genome	20A	20A		20A	B.1	B.1	0.694444	good	12	0	0	0	0	0	5	0	0	0	89460	31	29866	0.9977594221315587	E:1,M:1,N:1,ORF1a:1,ORF1b:1,ORF3a:1,ORF6:1,ORF7a:1,ORF7b:1,ORF8:1,ORF9b:1,S:1	false	G91A,C241T,C1912T,C3037T,C9344T,C11074T,G11083T,C14408T,C14768T,C15324T,A23403G,A23983G				ORF1a:L3027F,ORF1a:L3606F,ORF1b:P314L,ORF1b:A434V,S:D614G				C9344T|21L&22B&22E&23A&24A&22C&22A&23F&23D&23B&24E&22D&22F&25C&23C&24C&rec&24F&23E&24B&23H&25B&25A&24G&23I&23G&24H&24D&25D&24I&25G&25E&25H&25F	G91A,C1912T,C11074T,G11083T,C14768T,A23983G	0	1	6	7			ORF1a:L3027F,ORF1a:L3606F,ORF1b:A434V	0	0	3	3		NODE_0000764	G91A,C1912T,C9344T,C11074T,G11083T,C14768T,C15324T,A23983G		ORF1a:L3027F,ORF1a:L3606F,ORF1b:A434V		NODE_0000764	G91A,C1912T,C9344T,C11074T,G11083T,C14768T,C15324T,A23983G		ORF1a:L3027F,ORF1a:L3606F,ORF1b:A434V		N/A	N/A	N/A	N/A	N/A	N/A	N/A	N/A	N/A	N/A			3000	0	good	0	10	0	good	0	24	2	8.333333	good	10		0	good	0		0		0	0	good		0	0	good	0				
796	ON209801.1 Severe acute respiratory syndrome coronavirus 2 isolate SARS-CoV-2/human/CHE/H1089/2020, complete genome	20B	20B		20B	B.1.1	B.1.1	0	good	9	0	0	0	0	0	4	0	0	0	89472	31	29866	0.9977594221315587	E:1,M:1,N:1,ORF1a:1,ORF1b:1,ORF3a:1,ORF6:1,ORF7a:1,ORF7b:1,ORF8:1,ORF9b:1,S:1	false	C241T,C3037T,A9946G,C14408T,T19839C,A23403G,G28881A,G28882A,G28883C				N:R203K,N:G204R,ORF1b:P314L,S:D614G					A9946G	0	0	1	1				0	0	0	0		NODE_0000922	A9946G,T19839C				NODE_0000922	A9946G,T19839C				N/A	N/A	N/A	N/A	N/A	N/A	N/A	N/A	N/A	N/A			3000	0	good	0	10	0	good	0	24	-7	0	good	1		0	good	0		0		0	0	good		0	0	good	0				
798	ON209832.1 Severe acute respiratory syndrome coronavirus 2 isolate SARS-CoV-2/human/CHE/H1028/2020, complete genome	20A	20A		20A	B.1.128	B.1.128	0	good	9	0	0	0	1	0	4	0	0	1	89471	31	29866	0.9977259806708357	E:1,M:0.9955156950672646,N:1,ORF1a:1,ORF1b:1,ORF3a:1,ORF6:1,ORF7a:1,ORF7b:1,ORF8:1,ORF9b:1,S:1	false	C241T,C3037T,C8293T,C14408T,T18488C,A23403G,G23608T,T24739C,G28899T				N:R209I,ORF1b:P314L,ORF1b:I1674T,S:D614G					G23608T,G28899T	0	0	2	2			N:R209I	0	0	1	1	26530	NODE_0000764	C8293T,T18488C,G23608T,T24739C,G28899T		N:R209I,ORF1b:I1674T		B.1.128	G23608T,G28899T		N:R209I		N/A	N/A	N/A	N/A	N/A	N/A	N/A	N/A	N/A	N/A	M:3		3000	0	good	1	10	0	good	0	24	-6	0	good	2		0	good	0		0		0	0	good		0	0	good	0				
802	ON279703.1 Severe acute respiratory syndrome coronavirus 2 isolate SARS-CoV-2/human/FRA/IHUCOVID-036946_Nova1/2020, complete genome	20A	20A		20A	B.1	B.1	0	good	9	0	0	0	22	0	5	0	0	8	89048	101	29802	0.99254255425877	E:1,M:1,N:1,ORF1a:0.9997727789138832,ORF1b:0.9974035608308606,ORF3a:1,ORF6:1,ORF7a:1,ORF7b:1,ORF8:1,ORF9b:1,S:1	false	C241T,C2416T,C3037T,G8371T,C9996T,C14408T,A23403G,G25563T,G29747T				ORF1a:Q2702H,ORF1a:S3244L,ORF1b:P314L,ORF3a:Q57H,S:D614G					G8371T,C9996T,G29747T	0	0	3	3			ORF1a:Q2702H,ORF1a:S3244L	0	0	2	2	5258-5259,13670-13689	NODE_0000764	C2416T,G8371T,C9996T,G25563T,G29747T		ORF1a:Q2702H,ORF1a:S3244L,ORF3a:Q57H		NODE_0000764	C2416T,G8371T,C9996T,G25563T,G29747T		ORF1a:Q2702H,ORF1a:S3244L,ORF3a:Q57H		N/A	N/A	N/A	N/A	N/A	N/A	N/A	N/A	N/A	N/A	ORF1a:1665,ORF1b:68-74		3000	0	good	22	10	0	good	0	24	-5	0	good	3		0	good	0		0		0	0	good		0	0	good	0				
799	ON209844.1 Severe acute respiratory syndrome coronavirus 2 isolate SARS-CoV-2/human/CHE/H1073/2020, complete genome	20B	20B		20B	B.1.1	B.1.1	0	good	11	0	0	0	249	0	7	0	0	84	88831	159	29866	0.985151991438986	E:1,M:1,N:1,ORF1a:0.9970461258804817,ORF1b:0.9810830860534124,ORF3a:1,ORF6:1,ORF7a:1,ORF7b:1,ORF8:1,ORF9b:1,S:0.9843014128728415	false	C241T,T511C,C3037T,C13421T,C14408T,C19718T,A23403G,G28881A,G28882A,G28883C,T29148C				N:R203K,N:G204R,N:I292T,ORF1a:L4386F,ORF1b:P314L,ORF1b:T2084I,S:D614G					T511C,C13421T,C19718T,T29148C	0	0	4	4			N:I292T,ORF1a:L4386F,ORF1b:T2084I	0	0	3	3	282-319,16511-16584,16672-16748,22904-22963	NODE_0000922	T511C,C13421T,C19718T,T29148C		N:I292T,ORF1a:L4386F,ORF1b:T2084I		NODE_0000922	T511C,C13421T,C19718T,T29148C		N:I292T,ORF1a:L4386F,ORF1b:T2084I		N/A	N/A	N/A	N/A	N/A	N/A	N/A	N/A	N/A	N/A	ORF1a:6-18,ORF1b:1015-1039,ORF1b:1069-1094,S:448-467		3000	0	good	249	10	0	good	0	24	-4	0	good	4		0	good	0		0		0	0	good		0	0	good	0				
803	ON283576.1 Severe acute respiratory syndrome coronavirus 2 isolate SARS-CoV-2/human/FRA/IHUCOVID-015119-Nova1E/2020, complete genome	20B	20B		20B	B.1.1	B.1.1	0	good	9	0	0	0	0	0	5	0	0	0	89418	39	29856	0.9971574758385446	E:1,M:1,N:1,ORF1a:1,ORF1b:1,ORF3a:1,ORF6:1,ORF7a:1,ORF7b:1,ORF8:1,ORF9b:1,S:1	false	C241T,C3037T,C14408T,C16289T,A23403G,G28881A,G28882A,G28883C,G29543C				N:R203K,N:G204R,ORF1b:P314L,ORF1b:A941V,S:D614G					C16289T,G29543C	0	0	2	2			ORF1b:A941V	0	0	1	1		NODE_0000922	C16289T,G29543C		ORF1b:A941V		NODE_0000922	C16289T,G29543C		ORF1b:A941V		N/A	N/A	N/A	N/A	N/A	N/A	N/A	N/A	N/A	N/A			3000	0	good	0	10	0	good	0	24	-6	0	good	2		0	good	0		0		0	0	good		0	0	good	0				
801	ON275111.1 Severe acute respiratory syndrome coronavirus 2 isolate SARS-CoV-2/human/FRA/IHUCOVID-000762/2020, complete genome	20A	20A		20A	B.1	B.1	2.777778	good	11	0	0	0	1	0	6	0	0	1	89064	101	29803	0.9932782663946761	E:1,M:1,N:1,ORF1a:1,ORF1b:0.9996290801186943,ORF3a:1,ORF6:1,ORF7a:1,ORF7b:1,ORF8:1,ORF9b:1,S:1	false	C241T,C3037T,G6404T,C7528T,C8208T,C14408T,C15324T,C21575T,A23403G,A27949G,C29362T				ORF1a:V2047F,ORF1a:T2648I,ORF1b:P314L,ORF8:E19G,S:L5F,S:D614G				C21575T|21F,C29362T|21C	G6404T,C7528T,C8208T,A27949G	0	2	4	6			ORF1a:V2047F,ORF1a:T2648I,ORF8:E19G,S:L5F	0	0	4	4	20823	NODE_0000764	G6404T,C7528T,C8208T,C15324T,C21575T,A27949G,C29362T		ORF1a:V2047F,ORF1a:T2648I,ORF8:E19G,S:L5F		NODE_0000764	G6404T,C7528T,C8208T,C15324T,C21575T,A27949G,C29362T		ORF1a:V2047F,ORF1a:T2648I,ORF8:E19G,S:L5F		N/A	N/A	N/A	N/A	N/A	N/A	N/A	N/A	N/A	N/A	ORF1b:2452		3000	0	good	1	10	0	good	0	24	4	16.666667	good	12		0	good	0		0		0	0	good		0	0	good	0				
800	ON209852.1 Severe acute respiratory syndrome coronavirus 2 isolate SARS-CoV-2/human/CHE/H1061/2020, complete genome	20B	20B		20B	B.1.1	B.1.1	0	good	12	0	0	0	168	0	9	0	0	57	88815	190	29866	0.9868240644751363	E:1,M:1,N:1,ORF1a:0.9972733469665985,ORF1b:1,ORF3a:1,ORF6:1,ORF7a:1,ORF7b:1,ORF8:1,ORF9b:1,S:0.9646781789638933	false	C241T,C3037T,C14408T,A23403G,C25587T,C27046T,C27739T,C28344A,G28845T,G28881A,G28882A,G28883C				M:T175M,N:T24N,N:R191L,N:R203K,N:G204R,ORF1b:P314L,ORF7a:L116F,ORF9b:L21M,S:D614G				C27739T|21A	C25587T,C27046T,C28344A,G28845T	0	1	4	5			M:T175M,N:T24N,N:R191L,ORF7a:L116F,ORF9b:L21M	0	0	5	5	286-320,22904-22961,23048-23122	NODE_0000922	C25587T,C27046T,C27739T,C28344A,G28845T		M:T175M,N:T24N,N:R191L,ORF7a:L116F,ORF9b:L21M		NODE_0000922	C25587T,C27046T,C27739T,C28344A,G28845T		M:T175M,N:T24N,N:R191L,ORF7a:L116F,ORF9b:L21M		N/A	N/A	N/A	N/A	N/A	N/A	N/A	N/A	N/A	N/A	ORF1a:8-19,S:448-467,S:496-520		3000	0	good	168	10	0	good	0	24	0	0	good	8		0	good	0		0		0	0	good		0	0	good	0				
805	ON285583.1 Severe acute respiratory syndrome coronavirus 2 isolate SARS-CoV-2/human/FRA/IHUCOVID-011337_Illu1/2020, complete genome	20A	20A		20A	B.1	B.1	0	good	8	0	0	0	0	0	4	0	0	0	89077	101	29803	0.9933117078553991	E:1,M:1,N:1,ORF1a:1,ORF1b:1,ORF3a:1,ORF6:1,ORF7a:1,ORF7b:1,ORF8:1,ORF9b:1,S:1	false	C241T,C2416T,C3037T,G8371T,C14408T,A23403G,C24844T,G25563T				ORF1a:Q2702H,ORF1b:P314L,ORF3a:Q57H,S:D614G					G8371T,C24844T	0	0	2	2			ORF1a:Q2702H	0	0	1	1		NODE_0000764	C2416T,G8371T,C24844T,G25563T		ORF1a:Q2702H,ORF3a:Q57H		NODE_0000764	C2416T,G8371T,C24844T,G25563T		ORF1a:Q2702H,ORF3a:Q57H		N/A	N/A	N/A	N/A	N/A	N/A	N/A	N/A	N/A	N/A			3000	0	good	0	10	0	good	0	24	-6	0	good	2		0	good	0		0		0	0	good		0	0	good	0				
807	ON285680.1 Severe acute respiratory syndrome coronavirus 2 isolate SARS-CoV-2/human/FRA/IHUCOVID-011424_Illu1/2020, complete genome	20A	20A		20A	B.1	B.1	0.173611	good	9	0	0	0	0	0	5	0	0	0	89073	101	29803	0.9933117078553991	E:1,M:1,N:1,ORF1a:1,ORF1b:1,ORF3a:1,ORF6:1,ORF7a:1,ORF7b:1,ORF8:1,ORF9b:1,S:1	false	C241T,C1102T,C2416T,C3037T,C14408T,C21575T,C23280T,A23403G,G25563T				ORF1b:P314L,ORF3a:Q57H,S:L5F,S:T573I,S:D614G				C21575T|21F,C23280T|23G	C1102T	0	2	1	3			S:L5F,S:T573I	0	0	2	2		NODE_0000764	C1102T,C2416T,C21575T,C23280T,G25563T		ORF3a:Q57H,S:L5F,S:T573I		NODE_0000764	C1102T,C2416T,C21575T,C23280T,G25563T		ORF3a:Q57H,S:L5F,S:T573I		N/A	N/A	N/A	N/A	N/A	N/A	N/A	N/A	N/A	N/A			3000	0	good	0	10	0	good	0	24	1	4.166667	good	9		0	good	0		0		0	0	good		0	0	good	0				
808	ON285703.1 Severe acute respiratory syndrome coronavirus 2 isolate SARS-CoV-2/human/FRA/IHUCOVID-011443_Illu1/2020, complete genome	20A	20A		20A	B.1	B.1	0	good	6	0	0	0	0	0	3	0	0	0	89085	101	29803	0.9933117078553991	E:1,M:1,N:1,ORF1a:1,ORF1b:1,ORF3a:1,ORF6:1,ORF7a:1,ORF7b:1,ORF8:1,ORF9b:1,S:1	false	C241T,C2416T,C3037T,C14408T,A23403G,G25563T				ORF1b:P314L,ORF3a:Q57H,S:D614G						0	0	0	0				0	0	0	0		NODE_0000764	C2416T,G25563T		ORF3a:Q57H		NODE_0000764	C2416T,G25563T		ORF3a:Q57H		N/A	N/A	N/A	N/A	N/A	N/A	N/A	N/A	N/A	N/A			3000	0	good	0	10	0	good	0	24	-8	0	good	0		0	good	0		0		0	0	good		0	0	good	0				
806	ON285664.1 Severe acute respiratory syndrome coronavirus 2 isolate SARS-CoV-2/human/FRA/IHUCOVID-011413_Illu1/2020, complete genome	20C	20C		20C	B.1	B.1	0	good	9	0	0	0	1	0	6	0	0	1	89072	101	29803	0.9932782663946761	E:1,M:1,N:1,ORF1a:1,ORF1b:1,ORF3a:1,ORF6:1,ORF7a:1,ORF7b:1,ORF8:0.9918032786885246,ORF9b:1,S:1	false	C241T,C815T,C1059T,C3037T,C14408T,G15260T,C15324T,A23403G,G25563T				ORF1a:R184C,ORF1a:T265I,ORF1b:P314L,ORF1b:S598I,ORF3a:Q57H,S:D614G					C815T,G15260T,C15324T	0	0	3	3			ORF1a:R184C,ORF1b:S598I	0	0	2	2	28005	NODE_0000826	C815T,G15260T,C15324T		ORF1a:R184C,ORF1b:S598I		NODE_0000764	C815T,C1059T,G15260T,C15324T,G25563T		ORF1a:R184C,ORF1a:T265I,ORF1b:S598I,ORF3a:Q57H		N/A	N/A	N/A	N/A	N/A	N/A	N/A	N/A	N/A	N/A	ORF8:38		3000	0	good	1	10	0	good	0	24	-5	0	good	3		0	good	0		0		0	0	good		0	0	good	0				
809	ON286118.1 Severe acute respiratory syndrome coronavirus 2 isolate SARS-CoV-2/human/FRA/IHUCOVID-010648_Illu1/2020, complete genome	20C	20C		20C	B.1	B.1	0	good	9	0	0	0	0	0	7	0	0	0	89073	101	29803	0.9933117078553991	E:1,M:1,N:1,ORF1a:1,ORF1b:1,ORF3a:1,ORF6:1,ORF7a:1,ORF7b:1,ORF8:1,ORF9b:1,S:1	false	C241T,C1059T,C3037T,C14408T,A23403G,G25088T,G25563T,C28826T,G28857A				N:R185C,N:R195K,ORF1a:T265I,ORF1b:P314L,ORF3a:Q57H,S:D614G,S:V1176F				G25088T|20J&21E	C28826T,G28857A	0	1	2	3			N:R185C,N:R195K,S:V1176F	0	0	3	3		NODE_0000826	G25088T,C28826T,G28857A		N:R185C,N:R195K,S:V1176F		NODE_0000764	C1059T,G25088T,G25563T,C28826T,G28857A		N:R185C,N:R195K,ORF1a:T265I,ORF3a:Q57H,S:V1176F		N/A	N/A	N/A	N/A	N/A	N/A	N/A	N/A	N/A	N/A			3000	0	good	0	10	0	good	0	24	-2	0	good	6		0	good	0		0		0	0	good		0	0	good	0				
811	ON286239.1 Severe acute respiratory syndrome coronavirus 2 isolate SARS-CoV-2/human/FRA/IHUCOVID-010747_Illu1/2020, complete genome	20C	20C		20C	B.1	B.1	0	good	10	0	0	0	0	0	5	0	0	0	89069	101	29803	0.9933117078553991	E:1,M:1,N:1,ORF1a:1,ORF1b:1,ORF3a:1,ORF6:1,ORF7a:1,ORF7b:1,ORF8:1,ORF9b:1,S:1	false	C241T,C1059T,C3037T,C10582T,C14408T,C16338T,G16968T,A23403G,G25563T,C28253T				ORF1a:T265I,ORF1b:P314L,ORF1b:E1167D,ORF3a:Q57H,S:D614G				C28253T|20H&21G	C10582T,C16338T,G16968T	0	1	3	4			ORF1b:E1167D	0	0	1	1		NODE_0000826	C10582T,C16338T,G16968T,C28253T		ORF1b:E1167D		NODE_0000764	C1059T,C10582T,C16338T,G16968T,G25563T,C28253T		ORF1a:T265I,ORF1b:E1167D,ORF3a:Q57H		N/A	N/A	N/A	N/A	N/A	N/A	N/A	N/A	N/A	N/A			3000	0	good	0	10	0	good	0	24	-1	0	good	7		0	good	0		0		0	0	good		0	0	good	0				
810	ON286176.1 Severe acute respiratory syndrome coronavirus 2 isolate SARS-CoV-2/human/FRA/IHUCOVID-010693_Illu1/2020, complete genome	20A	20A		20A	B.1	B.1	0	good	10	0	0	0	0	0	6	0	0	0	89069	101	29803	0.9933117078553991	E:1,M:1,N:1,ORF1a:1,ORF1b:1,ORF3a:1,ORF6:1,ORF7a:1,ORF7b:1,ORF8:1,ORF9b:1,S:1	false	C241T,C2416T,C3037T,G3338T,C14408T,G15438T,C21597T,A23403G,G25563T,C25731T				ORF1a:V1025L,ORF1b:P314L,ORF1b:M657I,ORF3a:Q57H,S:S12F,S:D614G					G3338T,G15438T,C21597T,C25731T	0	0	4	4			ORF1a:V1025L,ORF1b:M657I,S:S12F	0	0	3	3		NODE_0000764	C2416T,G3338T,G15438T,C21597T,G25563T,C25731T		ORF1a:V1025L,ORF1b:M657I,ORF3a:Q57H,S:S12F		NODE_0000764	C2416T,G3338T,G15438T,C21597T,G25563T,C25731T		ORF1a:V1025L,ORF1b:M657I,ORF3a:Q57H,S:S12F		N/A	N/A	N/A	N/A	N/A	N/A	N/A	N/A	N/A	N/A			3000	0	good	0	10	0	good	0	24	-4	0	good	4		0	good	0		0		0	0	good		0	0	good	0				
804	ON283612.1 Severe acute respiratory syndrome coronavirus 2 isolate SARS-CoV-2/human/FRA/IHUCOVID-016301-Nova1M/2020, complete genome	20A	20A		20A	B.1.147	B.1.147	0	good	8	0	0	0	216	0	4	0	0	81	89200	39	29854	0.9898672374009296	E:1,M:1,N:1,ORF1a:1,ORF1b:0.9840504451038575,ORF3a:1,ORF6:1,ORF7a:1,ORF7b:1,ORF8:1,ORF9b:1,S:0.9701726844583988	false	C241T,C3037T,C14408T,C15324T,G21394T,A23403G,C25433T,T29753C				ORF1b:P314L,ORF1b:D2643Y,ORF3a:T14I,S:D614G					G21394T,T29753C	0	0	2	2			ORF1b:D2643Y	0	0	1	1	19308-19309,19313-19331,19343-19345,19365,19367-19381,19383-19387,19466-19487,19490-19514,19516,19518-19523,19539-19543,22345-22374,22376-22381,22421-22423,22433-22505	NODE_0000764	C15324T,G21394T,C25433T,T29753C		ORF1b:D2643Y,ORF3a:T14I		B.1.147	G21394T,T29753C		ORF1b:D2643Y		N/A	N/A	N/A	N/A	N/A	N/A	N/A	N/A	N/A	N/A	ORF1b:1947-1955,ORF1b:1959-1960,ORF1b:1966-1974,ORF1b:2000-2019,ORF1b:2024-2026,S:262-273,S:287,S:291-315		3000	0	good	216	10	0	good	0	24	-6	0	good	2		0	good	0		0		0	0	good		0	0	good	0				
812	ON286285.1 Severe acute respiratory syndrome coronavirus 2 isolate SARS-CoV-2/human/FRA/IHUCOVID-000501_Illu2/2020, complete genome	20A	20A		20A	B.1	B.1	0	good	5	0	0	0	2	0	2	0	0	1	89087	101	29803	0.9932448249339532	E:1,M:0.9955156950672646,N:1,ORF1a:1,ORF1b:1,ORF3a:1,ORF6:1,ORF7a:1,ORF7b:1,ORF8:1,ORF9b:1,S:1	false	C241T,A1168G,C3037T,C14408T,A23403G				ORF1b:P314L,S:D614G					A1168G	0	0	1	1				0	0	0	0	20808,26530	NODE_0000764	A1168G				NODE_0000764	A1168G				N/A	N/A	N/A	N/A	N/A	N/A	N/A	N/A	N/A	N/A	M:3		3000	0	good	2	10	0	good	0	24	-7	0	good	1		0	good	0		0		0	0	good		0	0	good	0				
814	ON298145.1 Severe acute respiratory syndrome coronavirus 2 isolate SARS-CoV-2/human/FRA/IHUCOVID-012120_Nova1/2020, complete genome	20A	20A		20A	B.1	B.1	0	good	7	0	0	0	0	0	4	0	0	0	89081	101	29803	0.9933117078553991	E:1,M:1,N:1,ORF1a:1,ORF1b:1,ORF3a:1,ORF6:1,ORF7a:1,ORF7b:1,ORF8:1,ORF9b:1,S:1	false	C241T,C2416T,C3037T,C14408T,G20578T,A23403G,G25563T				ORF1b:P314L,ORF1b:V2371L,ORF3a:Q57H,S:D614G					G20578T	0	0	1	1			ORF1b:V2371L	0	0	1	1		NODE_0000764	C2416T,G20578T,G25563T		ORF1b:V2371L,ORF3a:Q57H		NODE_0000764	C2416T,G20578T,G25563T		ORF1b:V2371L,ORF3a:Q57H		N/A	N/A	N/A	N/A	N/A	N/A	N/A	N/A	N/A	N/A			3000	0	good	0	10	0	good	0	24	-7	0	good	1		0	good	0		0		0	0	good		0	0	good	0				
815	ON298149.1 Severe acute respiratory syndrome coronavirus 2 isolate SARS-CoV-2/human/FRA/IHUCOVID-012136_Nova1/2020, complete genome	20C	20C		20C	B.1.356	B.1.356	0	good	8	0	0	0	0	0	5	0	0	0	89077	101	29803	0.9933117078553991	E:1,M:1,N:1,ORF1a:1,ORF1b:1,ORF3a:1,ORF6:1,ORF7a:1,ORF7b:1,ORF8:1,ORF9b:1,S:1	false	C241T,C1059T,C3037T,T13006C,C14408T,A23403G,G25563T,C25688T				ORF1a:T265I,ORF1b:P314L,ORF3a:Q57H,ORF3a:A99V,S:D614G						0	0	0	0				0	0	0	0		NODE_0000826	T13006C,C25688T		ORF3a:A99V		B.1.356					N/A	N/A	N/A	N/A	N/A	N/A	N/A	N/A	N/A	N/A			3000	0	good	0	10	0	good	0	24	-8	0	good	0		0	good	0		0		0	0	good		0	0	good	0				
813	ON288085.1 Severe acute respiratory syndrome coronavirus 2 isolate SARS-CoV-2/human/FRA/IHUCOVID-038103-Nova1M/2020, complete genome	20A	20A		20A	B.1	B.1	1.562500	good	11	0	0	0	0	0	7	0	0	0	89062	101	29802	0.9932782663946761	E:1,M:1,N:1,ORF1a:1,ORF1b:1,ORF3a:1,ORF6:1,ORF7a:1,ORF7b:1,ORF8:1,ORF9b:1,S:1	false	C241T,C2416T,C3037T,G8371T,G14187T,C14408T,C22388T,A23403G,G23580C,G25563T,C28087T				ORF1a:Q2702H,ORF1b:R240S,ORF1b:P314L,ORF3a:Q57H,ORF8:A65V,S:D614G,S:S673T				C22388T|25I,G23580C|25D	G8371T,G14187T,C28087T	0	2	3	5			ORF1a:Q2702H,ORF1b:R240S,ORF8:A65V,S:S673T	0	0	4	4		NODE_0000764	C2416T,G8371T,G14187T,C22388T,G23580C,G25563T,C28087T		ORF1a:Q2702H,ORF1b:R240S,ORF3a:Q57H,ORF8:A65V,S:S673T		NODE_0000764	C2416T,G8371T,G14187T,C22388T,G23580C,G25563T,C28087T		ORF1a:Q2702H,ORF1b:R240S,ORF3a:Q57H,ORF8:A65V,S:S673T		N/A	N/A	N/A	N/A	N/A	N/A	N/A	N/A	N/A	N/A			3000	0	good	0	10	0	good	0	24	3	12.500000	good	11		0	good	0		0		0	0	good		0	0	good	0				
816	ON531991.1 Severe acute respiratory syndrome coronavirus 2 isolate SARS-CoV-2/human/FIN/FIN3-H10-THL-FIN-3/2020, complete genome	20B	20B		20B	B.1.1	B.1.1	0	good	8	0	0	0	0	0	5	0	0	0	89578	1	29870	0.9988964317961408	E:1,M:1,N:1,ORF1a:1,ORF1b:1,ORF3a:1,ORF6:1,ORF7a:1,ORF7b:1,ORF8:1,ORF9b:1,S:1	false	C241T,C3037T,A9347G,C14408T,A23403G,G28881A,G28882A,G28883C				N:R203K,N:G204R,ORF1a:T3028A,ORF1b:P314L,S:D614G					A9347G	0	0	1	1			ORF1a:T3028A	0	0	1	1		NODE_0000922	A9347G		ORF1a:T3028A		NODE_0000922	A9347G		ORF1a:T3028A		N/A	N/A	N/A	N/A	N/A	N/A	N/A	N/A	N/A	N/A			3000	0	good	0	10	0	good	0	24	-7	0	good	1		0	good	0		0		0	0	good		0	0	good	0				
817	ON763516.1 Severe acute respiratory syndrome coronavirus 2 isolate SARS-CoV-2/human/DNK/SSI-H1/2020, complete genome	20A	20A		20A	B.1	B.1	0	good	4	0	0	0	0	0	2	0	0	0	89411	28	29836	0.9968565026920376	E:1,M:1,N:1,ORF1a:1,ORF1b:1,ORF3a:1,ORF6:1,ORF7a:1,ORF7b:1,ORF8:1,ORF9b:1,S:1	false	C241T,C3037T,C14408T,A23403G				ORF1b:P314L,S:D614G						0	0	0	0				0	0	0	0		NODE_0000764					NODE_0000764					N/A	N/A	N/A	N/A	N/A	N/A	N/A	N/A	N/A	N/A			3000	0	good	0	10	0	good	0	24	-8	0	good	0		0	good	0		0		0	0	good		0	0	good	0				
818	ON798421.1 Severe acute respiratory syndrome coronavirus 2 isolate SARS-CoV-2/HUMAN/IRQ/NAJAF/2020, complete genome	19A	19A		19A	B.4	B.4	2.777778	good	13	0	0	0	76	0	6	0	0	26	89392	20	29859	0.9953516369595024	E:1,M:1,N:1,ORF1a:0.9940922517609634,ORF1b:1,ORF3a:1,ORF6:1,ORF7a:1,ORF7b:1,ORF8:1,ORF9b:1,S:1	false	G1397A,T4192C,T6890C,C10645T,G10870T,C11074T,G11083T,T17659G,G28167A,T28688C,G29425T,C29541T,G29742T				N:Q384H,ORF1a:V378I,ORF1a:F2209L,ORF1a:L3606F,ORF1b:F1398V,ORF8:E92K				G28167A|20J	T4192C,T6890C,C10645T,G10870T,C11074T,T17659G,G29425T,C29541T	0	1	8	9			N:Q384H,ORF1a:F2209L,ORF1b:F1398V,ORF8:E92K	0	0	4	4	9333-9408	NODE_0000000	G1397A,T4192C,T6890C,C10645T,G10870T,C11074T,G11083T,T17659G,G28167A,T28688C,G29425T,C29541T,G29742T		N:Q384H,ORF1a:V378I,ORF1a:F2209L,ORF1a:L3606F,ORF1b:F1398V,ORF8:E92K		B.4	T4192C,T6890C,C10645T,G10870T,C11074T,T17659G,G28167A,G29425T,C29541T		N:Q384H,ORF1a:F2209L,ORF1b:F1398V,ORF8:E92K		N/A	N/A	N/A	N/A	N/A	N/A	N/A	N/A	N/A	N/A	ORF1a:3023-3048		3000	0	good	76	10	0	good	0	24	4	16.666667	good	12		0	good	0		0		0	0	good		0	0	good	0				
819	ON809567.1 Severe acute respiratory syndrome coronavirus 2 isolate SARS-CoV-2/human/DNK/SSI-H5/2020, complete genome	19A	19A		19A	B	B	0	good	4	0	0	0	0	0	4	0	0	0	89570	1	29862	0.9986289001103568	E:1,M:1,N:1,ORF1a:1,ORF1b:1,ORF3a:1,ORF6:1,ORF7a:1,ORF7b:1,ORF8:1,ORF9b:1,S:1	false	A537T,G22661T,A24531C,G26144T				ORF1a:E91V,ORF3a:G251V,S:V367F,S:E990A					A537T,G22661T,A24531C,G26144T	0	0	4	4			ORF1a:E91V,ORF3a:G251V,S:V367F,S:E990A	0	0	4	4		NODE_0000000	A537T,G22661T,A24531C,G26144T		ORF1a:E91V,ORF3a:G251V,S:V367F,S:E990A		NODE_0000000	A537T,G22661T,A24531C,G26144T		ORF1a:E91V,ORF3a:G251V,S:V367F,S:E990A		N/A	N/A	N/A	N/A	N/A	N/A	N/A	N/A	N/A	N/A			3000	0	good	0	10	0	good	0	24	-4	0	good	4		0	good	0		0		0	0	good		0	0	good	0				
821	ON878893.1 Severe acute respiratory syndrome coronavirus 2 isolate SARS-CoV-2/human/THA/CONI-0033/2020, complete genome	20B	20B		20B	B.1.1	B.1.1	0	good	8	0	0	0	0	0	5	0	0	0	89386	31	29836	0.9967561783098686	E:1,M:1,N:1,ORF1a:1,ORF1b:1,ORF3a:1,ORF6:1,ORF7a:1,ORF7b:1,ORF8:1,ORF9b:1,S:1	false	C241T,C3037T,C11355T,C14408T,A23403G,G28881A,G28882A,G28883C				N:R203K,N:G204R,ORF1a:A3697V,ORF1b:P314L,S:D614G					C11355T	0	0	1	1			ORF1a:A3697V	0	0	1	1		NODE_0000922	C11355T		ORF1a:A3697V		NODE_0000922	C11355T		ORF1a:A3697V		N/A	N/A	N/A	N/A	N/A	N/A	N/A	N/A	N/A	N/A			3000	0	good	0	10	0	good	0	24	-7	0	good	1		0	good	0		0		0	0	good		0	0	good	0				
820	ON878891.1 Severe acute respiratory syndrome coronavirus 2 isolate SARS-CoV-2/human/THA/CONI-0028/2020, complete genome	19B	19B		19B	A	A	0	good	9	0	0	0	0	0	5	0	0	0	89460	5	29836	0.9976256562886667	E:1,M:1,N:1,ORF1a:1,ORF1b:1,ORF3a:1,ORF6:1,ORF7a:1,ORF7b:1,ORF8:1,ORF9b:1,S:1	false	A895G,C2942T,G4390T,C8782T,C9598T,G20134T,G24047A,G27877T,T28144C				ORF1a:L1375F,ORF1b:V2223L,ORF7b:C41F,ORF8:L84S,S:A829T					A895G,C2942T,G4390T,C9598T,G20134T,G24047A,G27877T	0	0	7	7			ORF1a:L1375F,ORF1b:V2223L,ORF7b:C41F,S:A829T	0	0	4	4		internal_b384	A895G,C2942T,G4390T,C9598T,G20134T,G24047A,G27877T		ORF1a:L1375F,ORF1b:V2223L,ORF7b:C41F,S:A829T		internal_b384	A895G,C2942T,G4390T,C9598T,G20134T,G24047A,G27877T		ORF1a:L1375F,ORF1b:V2223L,ORF7b:C41F,S:A829T		N/A	N/A	N/A	N/A	N/A	N/A	N/A	N/A	N/A	N/A			3000	0	good	0	10	0	good	0	24	-1	0	good	7		0	good	0		0		0	0	good		0	0	good	0				
823	ON878898.1 Severe acute respiratory syndrome coronavirus 2 isolate SARS-CoV-2/human/THA/CONI-0038/2020, complete genome	20C	20C		20C	B.1	B.1	0	good	6	0	0	0	0	0	4	0	0	0	89436	17	29836	0.9972243587599906	E:1,M:1,N:1,ORF1a:1,ORF1b:1,ORF3a:1,ORF6:1,ORF7a:1,ORF7b:1,ORF8:1,ORF9b:1,S:1	false	C241T,C1059T,C3037T,C14408T,A23403G,G25563T				ORF1a:T265I,ORF1b:P314L,ORF3a:Q57H,S:D614G						0	0	0	0				0	0	0	0		NODE_0000826					NODE_0000764	C1059T,G25563T		ORF1a:T265I,ORF3a:Q57H		N/A	N/A	N/A	N/A	N/A	N/A	N/A	N/A	N/A	N/A			3000	0	good	0	10	0	good	0	24	-8	0	good	0		0	good	0		0		0	0	good		0	0	good	0				
822	ON878897.1 Severe acute respiratory syndrome coronavirus 2 isolate SARS-CoV-2/human/THA/CONI-0037/2020, complete genome	19B	19B		19B	A	A	0	good	8	0	0	0	29	0	4	0	0	10	89414	12	29836	0.9964217637026386	E:1,M:1,N:1,ORF1a:1,ORF1b:1,ORF3a:1,ORF6:1,ORF7a:1,ORF7b:1,ORF8:1,ORF9b:1,S:0.9921507064364207	false	A895G,C2942T,G4390T,C8782T,C9598T,G20134T,G24047A,T28144C				ORF1a:L1375F,ORF1b:V2223L,ORF8:L84S,S:A829T					A895G,C2942T,G4390T,C9598T,G20134T,G24047A	0	0	6	6			ORF1a:L1375F,ORF1b:V2223L,S:A829T	0	0	3	3	22514-22542	internal_b384	A895G,C2942T,G4390T,C9598T,G20134T,G24047A		ORF1a:L1375F,ORF1b:V2223L,S:A829T		internal_b384	A895G,C2942T,G4390T,C9598T,G20134T,G24047A		ORF1a:L1375F,ORF1b:V2223L,S:A829T		N/A	N/A	N/A	N/A	N/A	N/A	N/A	N/A	N/A	N/A	S:318-327		3000	0	good	29	10	0	good	0	24	-2	0	good	6		0	good	0		0		0	0	good		0	0	good	0				
827	ON878808.1 Severe acute respiratory syndrome coronavirus 2 isolate SARS-CoV-2/human/THA/CONI-0194/2020, complete genome	19B	19B		19B	A	A	0	good	8	0	0	0	102	0	4	0	0	36	89269	39	29839	0.9931779420125071	E:1,M:1,N:1,ORF1a:1,ORF1b:0.9896142433234422,ORF3a:1,ORF6:1,ORF7a:1,ORF7b:1,ORF8:1,ORF9b:1,S:0.9937205651491365	false	A895G,C2942T,G4390T,C8782T,C9598T,G20134T,G24047A,T28144C				ORF1a:L1375F,ORF1b:V2223L,ORF8:L84S,S:A829T					A895G,C2942T,G4390T,C9598T,G20134T,G24047A	0	0	6	6			ORF1a:L1375F,ORF1b:V2223L,S:A829T	0	0	3	3	19293-19351,19536-19553,22342-22366	internal_b384	A895G,C2942T,G4390T,C9598T,G20134T,G24047A		ORF1a:L1375F,ORF1b:V2223L,S:A829T		internal_b384	A895G,C2942T,G4390T,C9598T,G20134T,G24047A		ORF1a:L1375F,ORF1b:V2223L,S:A829T		N/A	N/A	N/A	N/A	N/A	N/A	N/A	N/A	N/A	N/A	ORF1b:1942-1962,ORF1b:2023-2029,S:261-268		3000	0	good	102	10	0	good	0	24	-2	0	good	6		0	good	0		0		0	0	good		0	0	good	0				
826	ON878771.1 Severe acute respiratory syndrome coronavirus 2 isolate SARS-CoV-2/human/THA/CONI-0113/2020, complete genome	20B	20B		20B	B.1.1.10	B.1.1.10	0	good	9	0	0	0	65	0	4	0	0	23	89158	39	29791	0.9928100859445541	E:1,M:1,N:1,ORF1a:1,ORF1b:0.9936943620178041,ORF3a:1,ORF6:1,ORF7a:1,ORF7b:1,ORF8:1,ORF9b:1,S:0.9952904238618524	false	C241T,C3037T,C14408T,C19170T,G19509A,A23403G,G28881A,G28882A,G28883C				N:R203K,N:G204R,ORF1b:P314L,S:D614G						0	0	0	0				0	0	0	0	19512-19559,22340-22351,22517-22519,22522-22523	NODE_0000922	C19170T,G19509A				NODE_0000923					N/A	N/A	N/A	N/A	N/A	N/A	N/A	N/A	N/A	N/A	ORF1b:2015-2031,S:260-263,S:319,S:321		3000	0	good	65	10	0	good	0	24	-8	0	good	0		0	good	0		0		0	0	good		0	0	good	0				
824	ON878902.1 Severe acute respiratory syndrome coronavirus 2 isolate SARS-CoV-2/human/THA/CONI-0042/2020, complete genome	20C	20C		20C	B.1	B.1	0	good	7	0	0	0	121	0	5	0	0	42	89272	30	29836	0.992743203023108	E:1,M:1,N:1,ORF1a:0.9906839354692115,ORF1b:1,ORF3a:1,ORF6:1,ORF7a:1,ORF7b:1,ORF8:1,ORF9b:1,S:0.9992150706436421	false	C241T,C1059T,C3037T,C14408T,C21575T,A23403G,G25563T				ORF1a:T265I,ORF1b:P314L,ORF3a:Q57H,S:L5F,S:D614G				C21575T|21F		0	1	0	1			S:L5F	0	0	1	1	5297-5395,5509-5528,22515-22516	NODE_0000826	C21575T		S:L5F		NODE_0000764	C1059T,C21575T,G25563T		ORF1a:T265I,ORF3a:Q57H,S:L5F		N/A	N/A	N/A	N/A	N/A	N/A	N/A	N/A	N/A	N/A	ORF1a:1678-1710,ORF1a:1748-1755,S:318		3000	0	good	121	10	0	good	0	24	-4	0	good	4		0	good	0		0		0	0	good		0	0	good	0				
825	ON878766.1 Severe acute respiratory syndrome coronavirus 2 isolate SARS-CoV-2/human/THA/CONI-0107/2020, complete genome	19A	19A		19A	B.6.6	B.6.6	0	good	6	0	0	0	85	0	5	0	0	4	89486	31	29895	0.9958867003310704	E:1,M:1,N:1,ORF1a:1,ORF1b:0.9985163204747775,ORF3a:1,ORF6:1,ORF7a:1,ORF7b:1,ORF8:1,ORF9b:1,S:1	false	C6312A,G11083T,C13730T,C19524T,C23929T,C28311T				N:P13L,ORF1a:T2016K,ORF1a:L3606F,ORF1b:A88V,ORF9b:P10S			A6310C			1	0	0	1	ORF1a:R2015S			1	0	0	1	19550-19559,29795-29869	NODE_0000000	C6312A,G11083T,C13730T,C19524T,C23929T,C28311T		N:P13L,ORF1a:T2016K,ORF1a:L3606F,ORF1b:A88V,ORF9b:P10S		B.6.6	A6310C		ORF1a:R2015S		N/A	N/A	N/A	N/A	N/A	N/A	N/A	N/A	N/A	N/A	ORF1b:2028-2031		3000	0	good	85	10	0	good	0	24	-2	0	good	6		0	good	0		0		0	0	good		0	0	good	0				
829	ON878826.1 Severe acute respiratory syndrome coronavirus 2 isolate SARS-CoV-2/human/THA/CONI-0213/2020, complete genome	19B	19B		19B	A	A	0	good	9	0	0	0	86	0	5	0	0	29	89296	38	29843	0.9938802126876902	E:1,M:1,N:1,ORF1a:1,ORF1b:0.9892433234421365,ORF3a:1,ORF6:1,ORF7a:1,ORF7b:1,ORF8:1,ORF9b:1,S:1	false	A895G,C2942T,G4390T,C8782T,C9598T,G20134T,G24047A,G27877T,T28144C				ORF1a:L1375F,ORF1b:V2223L,ORF7b:C41F,ORF8:L84S,S:A829T					A895G,C2942T,G4390T,C9598T,G20134T,G24047A,G27877T	0	0	7	7			ORF1a:L1375F,ORF1b:V2223L,ORF7b:C41F,S:A829T	0	0	4	4	19466-19551	internal_b384	A895G,C2942T,G4390T,C9598T,G20134T,G24047A,G27877T		ORF1a:L1375F,ORF1b:V2223L,ORF7b:C41F,S:A829T		internal_b384	A895G,C2942T,G4390T,C9598T,G20134T,G24047A,G27877T		ORF1a:L1375F,ORF1b:V2223L,ORF7b:C41F,S:A829T		N/A	N/A	N/A	N/A	N/A	N/A	N/A	N/A	N/A	N/A	ORF1b:2000-2028		3000	0	good	86	10	0	good	0	24	-1	0	good	7		0	good	0		0		0	0	good		0	0	good	0				
828	ON878815.1 Severe acute respiratory syndrome coronavirus 2 isolate SARS-CoV-2/human/THA/CONI-0202/2020, complete genome	19B	19B		19B	A	A	0	good	9	0	0	0	110	0	5	0	0	39	89164	39	29808	0.9918737250443099	E:1,M:1,N:1,ORF1a:1,ORF1b:0.9855341246290801,ORF3a:1,ORF6:1,ORF7a:1,ORF7b:1,ORF8:1,ORF9b:1,S:1	false	A895G,C2942T,G4390T,C8782T,C9598T,G20134T,G24047A,G27877T,T28144C				ORF1a:L1375F,ORF1b:V2223L,ORF7b:C41F,ORF8:L84S,S:A829T					A895G,C2942T,G4390T,C9598T,G20134T,G24047A,G27877T	0	0	7	7			ORF1a:L1375F,ORF1b:V2223L,ORF7b:C41F,S:A829T	0	0	4	4	19293-19311,19454-19486,19494-19551	internal_b384	A895G,C2942T,G4390T,C9598T,G20134T,G24047A,G27877T		ORF1a:L1375F,ORF1b:V2223L,ORF7b:C41F,S:A829T		internal_b384	A895G,C2942T,G4390T,C9598T,G20134T,G24047A,G27877T		ORF1a:L1375F,ORF1b:V2223L,ORF7b:C41F,S:A829T		N/A	N/A	N/A	N/A	N/A	N/A	N/A	N/A	N/A	N/A	ORF1b:1942-1948,ORF1b:1996-2007,ORF1b:2009-2028		3000	0	good	110	10	0	good	0	24	-1	0	good	7		0	good	0		0		0	0	good		0	0	good	0				
830	ON878853.1 Severe acute respiratory syndrome coronavirus 2 isolate SARS-CoV-2/human/THA/CONI-0273/2020, complete genome	19B	19B		19B	A	A	0	good	9	0	0	0	69	0	5	0	0	25	89340	39	29853	0.9947496906664883	E:1,M:1,N:1,ORF1a:1,ORF1b:1,ORF3a:1,ORF6:1,ORF7a:1,ORF7b:1,ORF8:1,ORF9b:1,S:0.9803767660910518	false	A895G,C2942T,G4390T,C8782T,C9598T,G20134T,G24047A,G27877T,T28144C				ORF1a:L1375F,ORF1b:V2223L,ORF7b:C41F,ORF8:L84S,S:A829T					A895G,C2942T,G4390T,C9598T,G20134T,G24047A,G27877T	0	0	7	7			ORF1a:L1375F,ORF1b:V2223L,ORF7b:C41F,S:A829T	0	0	4	4	22341-22381,22400-22424,22519-22520,22522	internal_b384	A895G,C2942T,G4390T,C9598T,G20134T,G24047A,G27877T		ORF1a:L1375F,ORF1b:V2223L,ORF7b:C41F,S:A829T		internal_b384	A895G,C2942T,G4390T,C9598T,G20134T,G24047A,G27877T		ORF1a:L1375F,ORF1b:V2223L,ORF7b:C41F,S:A829T		N/A	N/A	N/A	N/A	N/A	N/A	N/A	N/A	N/A	N/A	S:260-273,S:280-288,S:319-320		3000	0	good	69	10	0	good	0	24	-1	0	good	7		0	good	0		0		0	0	good		0	0	good	0				
831	ON878866.1 Severe acute respiratory syndrome coronavirus 2 isolate SARS-CoV-2/human/THA/CONI-0291/2020, complete genome	20B	20B		20B	B.1.1	B.1.1	0	good	8	0	1	0	48	0	4	0	0	11	89482	35	29890	0.9968230612313146	E:1,M:1,N:1,ORF1a:1,ORF1b:1,ORF3a:1,ORF6:1,ORF7a:1,ORF7b:1,ORF8:1,ORF9b:1,S:0.9913657770800628	false	C241T,T1294C,C3037T,C14408T,A23403G,G28881A,G28882A,G28883C		29685:C		N:R203K,N:G204R,ORF1b:P314L,S:D614G					T1294C	0	0	1	1				0	0	0	0	22342-22346,22348-22351,22433-22454,29854-29870	NODE_0000922	T1294C				NODE_0000922	T1294C				N/A	N/A	N/A	N/A	N/A	N/A	N/A	N/A	N/A	N/A	S:261-263,S:291-298		3000	0	good	48	10	0	good	0	24	-7	0	good	1		0	good	0		0		0	0	good		0	0	good	0				
832	OP218755.1 Severe acute respiratory syndrome coronavirus 2 isolate SARS-CoV-2/human/IRQ/NAJAF/2020, complete genome	19A	19A		19A	B.4	B.4	2.777778	good	13	0	0	0	76	0	6	0	0	26	89392	20	29859	0.9953516369595024	E:1,M:1,N:1,ORF1a:0.9940922517609634,ORF1b:1,ORF3a:1,ORF6:1,ORF7a:1,ORF7b:1,ORF8:1,ORF9b:1,S:1	false	G1397A,T4192C,T6890C,C10645T,G10870T,C11074T,G11083T,T17659G,G28167A,T28688C,G29425T,C29541T,G29742T				N:Q384H,ORF1a:V378I,ORF1a:F2209L,ORF1a:L3606F,ORF1b:F1398V,ORF8:E92K				G28167A|20J	T4192C,T6890C,C10645T,G10870T,C11074T,T17659G,G29425T,C29541T	0	1	8	9			N:Q384H,ORF1a:F2209L,ORF1b:F1398V,ORF8:E92K	0	0	4	4	9333-9408	NODE_0000000	G1397A,T4192C,T6890C,C10645T,G10870T,C11074T,G11083T,T17659G,G28167A,T28688C,G29425T,C29541T,G29742T		N:Q384H,ORF1a:V378I,ORF1a:F2209L,ORF1a:L3606F,ORF1b:F1398V,ORF8:E92K		B.4	T4192C,T6890C,C10645T,G10870T,C11074T,T17659G,G28167A,G29425T,C29541T		N:Q384H,ORF1a:F2209L,ORF1b:F1398V,ORF8:E92K		N/A	N/A	N/A	N/A	N/A	N/A	N/A	N/A	N/A	N/A	ORF1a:3023-3048		3000	0	good	76	10	0	good	0	24	4	16.666667	good	12		0	good	0		0		0	0	good		0	0	good	0				
834	OP648147.1 Severe acute respiratory syndrome coronavirus 2 isolate SARS-CoV-2/human/THA/CONI-0216/2020, complete genome	19B	19B		19B	A	A	0	good	9	0	0	0	0	0	5	0	0	0	89505	5	29851	0.9981272781995117	E:1,M:1,N:1,ORF1a:1,ORF1b:1,ORF3a:1,ORF6:1,ORF7a:1,ORF7b:1,ORF8:1,ORF9b:1,S:1	false	A895G,C2942T,G4390T,C8782T,C9598T,G20134T,G24047A,G27877T,T28144C				ORF1a:L1375F,ORF1b:V2223L,ORF7b:C41F,ORF8:L84S,S:A829T					A895G,C2942T,G4390T,C9598T,G20134T,G24047A,G27877T	0	0	7	7			ORF1a:L1375F,ORF1b:V2223L,ORF7b:C41F,S:A829T	0	0	4	4		internal_b384	A895G,C2942T,G4390T,C9598T,G20134T,G24047A,G27877T		ORF1a:L1375F,ORF1b:V2223L,ORF7b:C41F,S:A829T		internal_b384	A895G,C2942T,G4390T,C9598T,G20134T,G24047A,G27877T		ORF1a:L1375F,ORF1b:V2223L,ORF7b:C41F,S:A829T		N/A	N/A	N/A	N/A	N/A	N/A	N/A	N/A	N/A	N/A			3000	0	good	0	10	0	good	0	24	-1	0	good	7		0	good	0		0		0	0	good		0	0	good	0				
835	OP711952.1 Severe acute respiratory syndrome coronavirus 2 isolate SARS-CoV-2/human/KEN/KEM-20-08-56734/2020, complete genome	20C	20C		20C	B.1	B.1	0	good	9	0	0	0	6	0	6	0	0	3	89100	55	29768	0.9934789151590141	E:1,M:1,N:1,ORF1a:0.9995455578277664,ORF1b:1,ORF3a:1,ORF6:1,ORF7a:1,ORF7b:1,ORF8:1,ORF9b:1,S:0.9992150706436421	false	C241T,C1059T,C3037T,C14408T,A23403G,G25563T,G28378T,G28857A,T29599C				N:R195K,ORF1a:T265I,ORF1b:P314L,ORF3a:Q57H,ORF9b:R32L,S:D614G					G28378T,G28857A,T29599C	0	0	3	3			N:R195K,ORF9b:R32L	0	0	2	2	2198,5302-5305,23561	NODE_0000826	G28378T,G28857A,T29599C		N:R195K,ORF9b:R32L		NODE_0000764	C1059T,G25563T,G28378T,G28857A,T29599C		N:R195K,ORF1a:T265I,ORF3a:Q57H,ORF9b:R32L		N/A	N/A	N/A	N/A	N/A	N/A	N/A	N/A	N/A	N/A	ORF1a:645,ORF1a:1680,S:667		3000	0	good	6	10	0	good	0	24	-5	0	good	3		0	good	0		0		0	0	good		0	0	good	0				
837	OQ050380.1 Severe acute respiratory syndrome coronavirus 2 isolate SARS-CoV-2/human/NGA/CV155/2020, complete genome	19A	19A		19A	B.40	B.40	0	good	9	0	0	0	0	0	5	0	0	0	89574	6	29875	0.9988964317961408	E:1,M:1,N:1,ORF1a:1,ORF1b:1,ORF3a:1,ORF6:1,ORF7a:1,ORF7b:1,ORF8:1,ORF9b:1,S:1	false	C21T,A2480G,C2558T,G11083T,C14805T,G26144T,C26625T,C27297T,G28851T				N:S193I,ORF1a:I739V,ORF1a:P765S,ORF1a:L3606F,ORF3a:G251V					C21T,C26625T,C27297T,G28851T	0	0	4	4			N:S193I	0	0	1	1		NODE_0000000	C21T,A2480G,C2558T,G11083T,C14805T,G26144T,C26625T,C27297T,G28851T		N:S193I,ORF1a:I739V,ORF1a:P765S,ORF1a:L3606F,ORF3a:G251V		B.40	C21T,C26625T,C27297T,G28851T		N:S193I		N/A	N/A	N/A	N/A	N/A	N/A	N/A	N/A	N/A	N/A			3000	0	good	0	10	0	good	0	24	-4	0	good	4		0	good	0		0		0	0	good		0	0	good	0				
838	OQ050383.1 Severe acute respiratory syndrome coronavirus 2 isolate SARS-CoV-2/human/NGA/CV158/2020, complete genome	19B	19B		19B	A	A	0	good	6	0	0	0	0	0	4	0	0	0	89469	7	29837	0.9975922148279437	E:1,M:1,N:1,ORF1a:1,ORF1b:1,ORF3a:1,ORF6:1,ORF7a:1,ORF7b:1,ORF8:1,ORF9b:1,S:1	false	C8782T,G11230T,T28144C,G28167A,G28878A,G29742A				N:S202N,ORF1a:M3655I,ORF8:L84S,ORF8:E92K						0	0	0	0				0	0	0	0		internal_b384	G11230T,G28167A,G28878A,G29742A		N:S202N,ORF1a:M3655I,ORF8:E92K		internal_b384	G11230T,G28167A,G28878A,G29742A		N:S202N,ORF1a:M3655I,ORF8:E92K		N/A	N/A	N/A	N/A	N/A	N/A	N/A	N/A	N/A	N/A			3000	0	good	0	10	0	good	0	24	-8	0	good	0		0	good	0		0		0	0	good		0	0	good	0				
836	OQ050376.1 Severe acute respiratory syndrome coronavirus 2 isolate SARS-CoV-2/human/NGA/CV14-1/2020, complete genome	19B	19B		19B	A	A	0	good	7	0	0	0	1	0	3	0	0	0	89275	64	29831	0.9954519613416714	E:1,M:1,N:1,ORF1a:1,ORF1b:1,ORF3a:1,ORF6:1,ORF7a:1,ORF7b:1,ORF8:1,ORF9b:1,S:1	false	G3371T,C8782T,T11398C,G22468T,T28144C,G28878A,G29742A				N:S202N,ORF1a:D1036Y,ORF8:L84S					G3371T,T11398C	0	0	2	2			ORF1a:D1036Y	0	0	1	1	76	internal_b384	G3371T,T11398C,G22468T,G28878A,G29742A		N:S202N,ORF1a:D1036Y		internal_b384	G3371T,T11398C,G22468T,G28878A,G29742A		N:S202N,ORF1a:D1036Y		N/A	N/A	N/A	N/A	N/A	N/A	N/A	N/A	N/A	N/A			3000	0	good	1	10	0	good	0	24	-6	0	good	2		0	good	0		0		0	0	good		0	0	good	0				
843	OQ050432.1 Severe acute respiratory syndrome coronavirus 2 isolate SARS-CoV-2/human/NGA/CV24-1/2020, complete genome	20A	20A		20A	B.1	B.1	0	good	8	0	0	0	0	0	3	0	0	0	89344	50	29841	0.9962879978597465	E:1,M:1,N:1,ORF1a:1,ORF1b:1,ORF3a:1,ORF6:1,ORF7a:1,ORF7b:1,ORF8:1,ORF9b:1,S:1	false	C241T,C3037T,C11224T,C14408T,C18877T,A23403G,G25563T,G29742T				ORF1b:P314L,ORF3a:Q57H,S:D614G				G29742T|21J&21I&21A&21B	C11224T	0	1	1	2				0	0	0	0		NODE_0000764	C11224T,C18877T,G25563T,G29742T		ORF3a:Q57H		NODE_0000764	C11224T,C18877T,G25563T,G29742T		ORF3a:Q57H		N/A	N/A	N/A	N/A	N/A	N/A	N/A	N/A	N/A	N/A			3000	0	good	0	10	0	good	0	24	-3	0	good	5		0	good	0		0		0	0	good		0	0	good	0				
840	OQ050409.1 Severe acute respiratory syndrome coronavirus 2 isolate SARS-CoV-2/human/NGA/CV18-1/2020, complete genome	19B	19B		19B	A	A	0	good	10	0	0	0	0	0	5	0	0	0	89525	10	29864	0.9983948098852958	E:1,M:1,N:1,ORF1a:1,ORF1b:1,ORF3a:1,ORF6:1,ORF7a:1,ORF7b:1,ORF8:1,ORF9b:1,S:1	false	A2550G,C8782T,T9880C,C15857T,C20081T,G22468T,T28144C,G28878A,G29705T,G29742A				N:S202N,ORF1a:D762G,ORF1b:T797I,ORF1b:S2205F,ORF8:L84S					A2550G,T9880C,C15857T,C20081T,G29705T	0	0	5	5			ORF1a:D762G,ORF1b:T797I,ORF1b:S2205F	0	0	3	3		internal_b384	A2550G,T9880C,C15857T,C20081T,G22468T,G28878A,G29705T,G29742A		N:S202N,ORF1a:D762G,ORF1b:T797I,ORF1b:S2205F		internal_b384	A2550G,T9880C,C15857T,C20081T,G22468T,G28878A,G29705T,G29742A		N:S202N,ORF1a:D762G,ORF1b:T797I,ORF1b:S2205F		N/A	N/A	N/A	N/A	N/A	N/A	N/A	N/A	N/A	N/A			3000	0	good	0	10	0	good	0	24	-3	0	good	5		0	good	0		0		0	0	good		0	0	good	0				
841	OQ050416.1 Severe acute respiratory syndrome coronavirus 2 isolate SARS-CoV-2/human/NGA/CV22-1/2020, complete genome	19A	19A		19A	B.40	B.40	0	good	6	0	0	0	0	0	5	0	0	0	89439	17	29837	0.9972578002207136	E:1,M:1,N:1,ORF1a:1,ORF1b:1,ORF3a:1,ORF6:1,ORF7a:1,ORF7b:1,ORF8:1,ORF9b:1,S:1	false	A2480G,C2558T,G11083T,C14805T,G26144T,G26779T				M:C86F,ORF1a:I739V,ORF1a:P765S,ORF1a:L3606F,ORF3a:G251V					G26779T	0	0	1	1			M:C86F	0	0	1	1		NODE_0000000	A2480G,C2558T,G11083T,C14805T,G26144T,G26779T		M:C86F,ORF1a:I739V,ORF1a:P765S,ORF1a:L3606F,ORF3a:G251V		B.40	G26779T		M:C86F		N/A	N/A	N/A	N/A	N/A	N/A	N/A	N/A	N/A	N/A			3000	0	good	0	10	0	good	0	24	-7	0	good	1		0	good	0		0		0	0	good		0	0	good	0				
839	OQ050390.1 Severe acute respiratory syndrome coronavirus 2 isolate SARS-CoV-2/human/NGA/CV165/2020, complete genome	20B	20B		20B	B.1.1	B.1.1	0	good	11	0	0	0	6	0	7	0	0	0	89566	5	29876	0.9987626659532488	E:1,M:1,N:1,ORF1a:1,ORF1b:1,ORF3a:1,ORF6:1,ORF7a:1,ORF7b:1,ORF8:1,ORF9b:1,S:1	false	C241T,C3037T,C3737T,A3959G,A7678G,C14408T,G18538A,A23403G,G28881A,G28882A,G28883C				N:R203K,N:G204R,ORF1a:P1158S,ORF1a:I1232V,ORF1b:P314L,ORF1b:V1691I,S:D614G					C3737T,A3959G,A7678G,G18538A	0	0	4	4			ORF1a:P1158S,ORF1a:I1232V,ORF1b:V1691I	0	0	3	3	29865-29870	NODE_0000922	C3737T,A3959G,A7678G,G18538A		ORF1a:P1158S,ORF1a:I1232V,ORF1b:V1691I		NODE_0000922	C3737T,A3959G,A7678G,G18538A		ORF1a:P1158S,ORF1a:I1232V,ORF1b:V1691I		N/A	N/A	N/A	N/A	N/A	N/A	N/A	N/A	N/A	N/A			3000	0	good	6	10	0	good	0	24	-4	0	good	4		0	good	0		0		0	0	good		0	0	good	0				
833	OX274303.1 Severe acute respiratory syndrome coronavirus 2 isolate RNA genome assembly, complete genome: monopartite	22B	22B (BA.5)	Omicron	22B	BA.5.1.10	BA.5.1.10	0.694444	good	68	59	0	0	127	0	52	14	0	24	89097	1	29903	0.9957529344881785	E:1,M:0.8923766816143498,N:1,ORF1a:1,ORF1b:1,ORF3a:1,ORF6:1,ORF7a:1,ORF7b:1,ORF8:1,ORF9b:1,S:1	false	C241T,T670G,C2790T,C3037T,G4184A,C4321T,C9344T,A9424G,C9534T,C10029T,C10198T,G10447A,C10449A,A11781G,G12160A,C12880T,C14408T,C15714T,C17410T,A18163G,C19955T,A20055G,A21137G,C21618T,G21987A,T22200G,G22578A,C22674T,T22679C,C22686T,A22688G,G22775A,G22813T,T22882G,T22917G,G22992A,C22995A,A23013C,T23018G,A23055G,A23063T,T23075C,A23403G,C23525T,T23599G,C23604A,C23854A,G23948T,A24424T,T24469A,C25000T,C25584T,C26060T,C26270T,G26529A,C26577G,G26709A,T27438C,C27807T,C27889T,A28271T,C28311T,C28462T,G28881A,G28882A,G28883C,A29510C,C29666T	11288-11296,21633-21641,21765-21770,28362-28370,29734-29759			E:T9I,M:D3N,M:Q19E,M:A63T,N:P13L,N:R203K,N:G204R,N:S413R,ORF1a:S135R,ORF1a:T842I,ORF1a:G1307S,ORF1a:L3027F,ORF1a:T3090I,ORF1a:T3255I,ORF1a:P3395H,ORF1a:K3839R,ORF1b:P314L,ORF1b:R1315C,ORF1b:I1566V,ORF1b:T2163I,ORF1b:K2557R,ORF3a:T223I,ORF9b:P10S,ORF9b:T60I,S:T19I,S:A27S,S:G142D,S:V213G,S:G339D,S:S371F,S:S373P,S:S375F,S:T376A,S:D405N,S:K417N,S:N440K,S:L452R,S:S477N,S:T478K,S:E484A,S:F486V,S:Q498R,S:N501Y,S:Y505H,S:D614G,S:H655Y,S:N679K,S:P681H,S:N764K,S:D796Y,S:Q954H,S:N969K	N:E31-,N:R32-,N:S33-,ORF1a:S3675-,ORF1a:G3676-,ORF1a:F3677-,ORF9b:E27-,ORF9b:N28-,ORF9b:A29-,S:L24-,S:P25-,S:P26-,S:H69-,S:V70-		C22786A	A21137G|24I		1	1	0	2	S:S408R		ORF1b:K2557R	1	0	1	2	1-35,26975-27036,27153-27156,29845-29870	NODE_0001181	A11781G,A21137G,C22786A,T27438C,C28462T,C29666T		ORF1a:K3839R,ORF1b:K2557R,ORF9b:T60I,S:S408R		NODE_0001191	A21137G,C22786A		ORF1b:K2557R,S:S408R		N/A	N/A	N/A	N/A	N/A	N/A	N/A	N/A	N/A	N/A	M:151-172,M:211-212		3000	0	good	127	10	0	good	0	24	2	8.333333	good	10		0	good	0		0		0	0	good		0	0	good	0				
842	OQ050417.1 Severe acute respiratory syndrome coronavirus 2 isolate SARS-CoV-2/human/NGA/CV233/2020, complete genome	20A	20A		20A	B.1.462	B.1.462	0	good	12	0	0	0	4	0	5	0	0	0	89645	5	29903	0.9997324683142159	E:1,M:1,N:1,ORF1a:1,ORF1b:1,ORF3a:1,ORF6:1,ORF7a:1,ORF7b:1,ORF8:1,ORF9b:1,S:1	false	G210T,C241T,C3037T,C3811T,C14408T,A17060T,C18877T,A23403G,G25563T,A25636T,C26735T,T29729C				ORF1b:P314L,ORF1b:Q1198L,ORF3a:Q57H,ORF3a:N82Y,S:D614G				G210T|21J&21I&21A&21B	A17060T,A25636T,T29729C	0	1	3	4			ORF1b:Q1198L,ORF3a:N82Y	0	0	2	2	29865-29868	NODE_0000764	G210T,C3811T,A17060T,C18877T,G25563T,A25636T,C26735T,T29729C		ORF1b:Q1198L,ORF3a:Q57H,ORF3a:N82Y		B.1.462	G210T,A17060T,A25636T,T29729C		ORF1b:Q1198L,ORF3a:N82Y		N/A	N/A	N/A	N/A	N/A	N/A	N/A	N/A	N/A	N/A			3000	0	good	4	10	0	good	0	24	-1	0	good	7		0	good	0		0		0	0	good		0	0	good	0				
844	OQ050436.1 Severe acute respiratory syndrome coronavirus 2 isolate SARS-CoV-2/human/NGA/CV255/2020, complete genome	20B	20B		20B	B.1.1.487	B.1.1.487	0	good	9	0	0	0	1	0	5	0	0	1	89477	7	29844	0.9977928635922817	E:1,M:1,N:1,ORF1a:0.9997727789138832,ORF1b:1,ORF3a:1,ORF6:1,ORF7a:1,ORF7b:1,ORF8:1,ORF9b:1,S:1	false	C241T,C3037T,C14408T,C16575T,A20374G,A23403G,G28881A,G28882A,G28883C				N:R203K,N:G204R,ORF1b:P314L,ORF1b:I2303V,S:D614G					C16575T	0	0	1	1				0	0	0	0	6942	NODE_0000922	C16575T,A20374G		ORF1b:I2303V		B.1.1.487	C16575T				N/A	N/A	N/A	N/A	N/A	N/A	N/A	N/A	N/A	N/A	ORF1a:2226		3000	0	good	1	10	0	good	0	24	-7	0	good	1		0	good	0		0		0	0	good		0	0	good	0				
848	OQ050495.1 Severe acute respiratory syndrome coronavirus 2 isolate SARS-CoV-2/human/NGA/CV326/2020, complete genome	19B	19B		19B	A	A	0	good	9	0	0	0	0	0	4	0	0	0	89487	22	29862	0.9979266294351737	E:1,M:1,N:1,ORF1a:1,ORF1b:1,ORF3a:1,ORF6:1,ORF7a:1,ORF7b:1,ORF8:1,ORF9b:1,S:1	false	A361G,A2606G,C8782T,A9859G,G20905T,G22468T,T28144C,G28878A,G29742A				N:S202N,ORF1a:T781A,ORF1b:A2480S,ORF8:L84S					A2606G,A9859G,G20905T	0	0	3	3			ORF1a:T781A,ORF1b:A2480S	0	0	2	2		internal_b384	A361G,A2606G,A9859G,G20905T,G22468T,G28878A,G29742A		N:S202N,ORF1a:T781A,ORF1b:A2480S		internal_b384	A361G,A2606G,A9859G,G20905T,G22468T,G28878A,G29742A		N:S202N,ORF1a:T781A,ORF1b:A2480S		N/A	N/A	N/A	N/A	N/A	N/A	N/A	N/A	N/A	N/A			3000	0	good	0	10	0	good	0	24	-5	0	good	3		0	good	0		0		0	0	good		0	0	good	0				
846	OQ050439.1 Severe acute respiratory syndrome coronavirus 2 isolate SARS-CoV-2/human/NGA/CV258/2020, complete genome	20B	20B		20B	B.1.1.487	B.1.1.487	0	good	9	0	0	0	44	0	5	0	0	15	89470	7	29856	0.9967561783098686	E:1,M:1,N:1,ORF1a:0.9965916837082481,ORF1b:1,ORF3a:1,ORF6:1,ORF7a:1,ORF7b:1,ORF8:1,ORF9b:1,S:1	false	C241T,C3037T,C14408T,A20374G,A23403G,C27881T,G28881A,G28882A,G28883C				N:R203K,N:G204R,ORF1b:P314L,ORF1b:I2303V,S:D614G					C27881T	0	0	1	1				0	0	0	0	6904-6947	NODE_0000922	A20374G,C27881T		ORF1b:I2303V		B.1.1.487	C27881T				N/A	N/A	N/A	N/A	N/A	N/A	N/A	N/A	N/A	N/A	ORF1a:2214-2228		3000	0	good	44	10	0	good	0	24	-7	0	good	1		0	good	0		0		0	0	good		0	0	good	0				
845	OQ050438.1 Severe acute respiratory syndrome coronavirus 2 isolate SARS-CoV-2/human/NGA/CV257/2020, complete genome	20C	20C		20C	B.1	B.1	0	good	9	0	0	0	8	0	6	0	0	0	89653	5	29903	0.999598702471324	E:1,M:1,N:1,ORF1a:1,ORF1b:1,ORF3a:1,ORF6:1,ORF7a:1,ORF7b:1,ORF8:1,ORF9b:1,S:1	false	C241T,C1059T,T1666C,A2285G,C3037T,A6371C,C14408T,A23403G,G25563T				ORF1a:T265I,ORF1a:S674G,ORF1a:M2036L,ORF1b:P314L,ORF3a:Q57H,S:D614G					T1666C,A2285G,A6371C	0	0	3	3			ORF1a:S674G,ORF1a:M2036L	0	0	2	2	29865-29868,29889-29890,29894,29901	NODE_0000826	T1666C,A2285G,A6371C		ORF1a:S674G,ORF1a:M2036L		NODE_0000764	C1059T,T1666C,A2285G,A6371C,G25563T		ORF1a:T265I,ORF1a:S674G,ORF1a:M2036L,ORF3a:Q57H		N/A	N/A	N/A	N/A	N/A	N/A	N/A	N/A	N/A	N/A			3000	0	good	8	10	0	good	0	24	-5	0	good	3		0	good	0		0		0	0	good		0	0	good	0				
851	OQ050533.1 Severe acute respiratory syndrome coronavirus 2 isolate SARS-CoV-2/human/NGA/CV370/2020, complete genome	20A	20A		20A	B.1.8	B.1.8	0	good	5	0	0	0	0	0	2	0	0	0	89527	16	29864	0.9981941611209577	E:1,M:1,N:1,ORF1a:1,ORF1b:1,ORF3a:1,ORF6:1,ORF7a:1,ORF7b:1,ORF8:1,ORF9b:1,S:1	false	C241T,C3037T,C14408T,A23403G,A24862G				ORF1b:P314L,S:D614G						0	0	0	0				0	0	0	0		NODE_0000764	A24862G				B.1.8					N/A	N/A	N/A	N/A	N/A	N/A	N/A	N/A	N/A	N/A			3000	0	good	0	10	0	good	0	24	-8	0	good	0		0	good	0		0		0	0	good		0	0	good	0				
847	OQ050459.1 Severe acute respiratory syndrome coronavirus 2 isolate SARS-CoV-2/human/NGA/CV278/2020, complete genome	20A	20A		20A	B.1.462	B.1.462	0	good	9	0	0	0	6	0	3	0	0	0	89637	6	29898	0.9994649366284319	E:1,M:1,N:1,ORF1a:1,ORF1b:1,ORF3a:1,ORF6:1,ORF7a:1,ORF7b:1,ORF8:1,ORF9b:1,S:1	false	C241T,C3037T,C3811T,C14408T,A15831T,C18877T,A23403G,G25563T,C26735T				ORF1b:P314L,ORF3a:Q57H,S:D614G					A15831T	0	0	1	1				0	0	0	0	29863-29868	NODE_0000764	C3811T,A15831T,C18877T,G25563T,C26735T		ORF3a:Q57H		B.1.462	A15831T				N/A	N/A	N/A	N/A	N/A	N/A	N/A	N/A	N/A	N/A			3000	0	good	6	10	0	good	0	24	-7	0	good	1		0	good	0		0		0	0	good		0	0	good	0				
850	OQ050531.1 Severe acute respiratory syndrome coronavirus 2 isolate SARS-CoV-2/human/NGA/CV368/2020, complete genome	20C	20C		20C	B.1	B.1	0	good	9	0	0	0	0	0	6	0	0	0	89466	29	29862	0.9976925392101127	E:1,M:1,N:1,ORF1a:1,ORF1b:1,ORF3a:1,ORF6:1,ORF7a:1,ORF7b:1,ORF8:1,ORF9b:1,S:1	false	C241T,C1059T,T1666C,C3037T,A6371C,C14408T,A23403G,G25563T,C26110T				ORF1a:T265I,ORF1a:M2036L,ORF1b:P314L,ORF3a:Q57H,ORF3a:P240S,S:D614G					T1666C,A6371C,C26110T	0	0	3	3			ORF1a:M2036L,ORF3a:P240S	0	0	2	2		NODE_0000826	T1666C,A6371C,C26110T		ORF1a:M2036L,ORF3a:P240S		NODE_0000764	C1059T,T1666C,A6371C,G25563T,C26110T		ORF1a:T265I,ORF1a:M2036L,ORF3a:Q57H,ORF3a:P240S		N/A	N/A	N/A	N/A	N/A	N/A	N/A	N/A	N/A	N/A			3000	0	good	0	10	0	good	0	24	-5	0	good	3		0	good	0		0		0	0	good		0	0	good	0				
849	OQ050499.1 Severe acute respiratory syndrome coronavirus 2 isolate SARS-CoV-2/human/NGA/CV330/2020, complete genome	19B	19B		19B	A	A	0	good	10	0	0	0	0	0	6	0	0	0	89432	28	29851	0.9973581246028826	E:1,M:1,N:1,ORF1a:1,ORF1b:1,ORF3a:1,ORF6:1,ORF7a:1,ORF7b:1,ORF8:1,ORF9b:1,S:1	false	A361G,C1812T,A1832G,G4504C,T6435C,C8782T,G22468T,T28144C,G28878A,G29742A				N:S202N,ORF1a:A516V,ORF1a:I523V,ORF1a:E1413D,ORF1a:I2057T,ORF8:L84S					C1812T,A1832G,G4504C,T6435C	0	0	4	4			ORF1a:A516V,ORF1a:I523V,ORF1a:E1413D,ORF1a:I2057T	0	0	4	4		internal_b384	A361G,C1812T,A1832G,G4504C,T6435C,G22468T,G28878A,G29742A		N:S202N,ORF1a:A516V,ORF1a:I523V,ORF1a:E1413D,ORF1a:I2057T		internal_b384	A361G,C1812T,A1832G,G4504C,T6435C,G22468T,G28878A,G29742A		N:S202N,ORF1a:A516V,ORF1a:I523V,ORF1a:E1413D,ORF1a:I2057T		N/A	N/A	N/A	N/A	N/A	N/A	N/A	N/A	N/A	N/A			3000	0	good	0	10	0	good	0	24	-4	0	good	4		0	good	0		0		0	0	good		0	0	good	0				
853	OQ050571.1 Severe acute respiratory syndrome coronavirus 2 isolate SARS-CoV-2/human/NGA/CV50/2020, complete genome	20B	20B		20B	B.1.1.487	B.1.1.487	0	good	11	0	0	0	5	0	7	0	0	0	89642	7	29903	0.9996321439320469	E:1,M:1,N:1,ORF1a:1,ORF1b:1,ORF3a:1,ORF6:1,ORF7a:1,ORF7b:1,ORF8:1,ORF9b:1,S:1	false	C241T,T1675C,C3037T,C7772T,C14408T,G19292T,A20374G,A23403G,G28881A,G28882A,G28883C				N:R203K,N:G204R,ORF1a:L2503F,ORF1b:P314L,ORF1b:S1942I,ORF1b:I2303V,S:D614G					T1675C,C7772T,G19292T	0	0	3	3			ORF1a:L2503F,ORF1b:S1942I	0	0	2	2	29865-29869	NODE_0000922	T1675C,C7772T,G19292T,A20374G		ORF1a:L2503F,ORF1b:S1942I,ORF1b:I2303V		B.1.1.487	T1675C,C7772T,G19292T		ORF1a:L2503F,ORF1b:S1942I		N/A	N/A	N/A	N/A	N/A	N/A	N/A	N/A	N/A	N/A			3000	0	good	5	10	0	good	0	24	-5	0	good	3		0	good	0		0		0	0	good		0	0	good	0				
852	OQ050566.1 Severe acute respiratory syndrome coronavirus 2 isolate SARS-CoV-2/human/NGA/CV47/2020, complete genome	20B	20B		20B	B.1.1.487	B.1.1.487	0	good	11	0	0	0	1	0	7	0	0	0	89655	4	29903	0.999866234157108	E:1,M:1,N:1,ORF1a:1,ORF1b:1,ORF3a:1,ORF6:1,ORF7a:1,ORF7b:1,ORF8:1,ORF9b:1,S:1	false	C241T,T1675C,C3037T,C7772T,C14408T,G19292T,A20374G,A23403G,G28881A,G28882A,G28883C				N:R203K,N:G204R,ORF1a:L2503F,ORF1b:P314L,ORF1b:S1942I,ORF1b:I2303V,S:D614G					T1675C,C7772T,G19292T	0	0	3	3			ORF1a:L2503F,ORF1b:S1942I	0	0	2	2	29878	NODE_0000922	T1675C,C7772T,G19292T,A20374G		ORF1a:L2503F,ORF1b:S1942I,ORF1b:I2303V		B.1.1.487	T1675C,C7772T,G19292T		ORF1a:L2503F,ORF1b:S1942I		N/A	N/A	N/A	N/A	N/A	N/A	N/A	N/A	N/A	N/A			3000	0	good	1	10	0	good	0	24	-5	0	good	3		0	good	0		0		0	0	good		0	0	good	0				
855	OQ430697.1 Severe acute respiratory syndrome coronavirus 2 isolate SARS-CoV-2/human/BRA/17648/2020, complete genome	20B	20B		20B	B.1.1.33	B.1.1.33	0	good	14	0	0	0	0	0	9	0	0	0	89479	26	29870	0.9980603952780658	E:1,M:1,N:1,ORF1a:1,ORF1b:1,ORF3a:1,ORF6:1,ORF7a:1,ORF7b:1,ORF8:1,ORF9b:1,S:1	false	C241T,T2191C,C3037T,C11833T,C14408T,C21077T,A23403G,C25721T,T27299C,A27368G,G28881A,G28882A,G28883C,T29148C				N:R203K,N:G204R,N:I292T,ORF1b:P314L,ORF1b:T2537I,ORF3a:A110V,ORF6:I33T,ORF6:Q56R,S:D614G				C25721T|23C	T2191C,C11833T,C21077T,A27368G	0	1	4	5			ORF1b:T2537I,ORF3a:A110V,ORF6:Q56R	0	0	3	3		NODE_0000922	T2191C,C11833T,C21077T,C25721T,T27299C,A27368G,T29148C		N:I292T,ORF1b:T2537I,ORF3a:A110V,ORF6:I33T,ORF6:Q56R		NODE_0000944	T2191C,C11833T,C21077T,C25721T,A27368G		ORF1b:T2537I,ORF3a:A110V,ORF6:Q56R		N/A	N/A	N/A	N/A	N/A	N/A	N/A	N/A	N/A	N/A			3000	0	good	0	10	0	good	0	24	0	0	good	8		0	good	0		0		0	0	good		0	0	good	0				
857	OQ521562.1 Severe acute respiratory syndrome coronavirus 2 isolate SARS-CoV-2/human/CMR/R024/2020, complete genome	20A	20A		20A	B.1.147	B.1.147	0	good	8	0	0	0	62	0	5	0	0	22	88904	39	29704	0.9900010032438217	E:1,M:1,N:1,ORF1a:1,ORF1b:0.9918397626112759,ORF3a:1,ORF6:1,ORF7a:1,ORF7b:1,ORF8:1,ORF9b:1,S:1	false	C241T,C3037T,A6866T,C10626T,C14408T,C15324T,A23403G,C25433T				ORF1a:N2201Y,ORF1a:A3454V,ORF1b:P314L,ORF3a:T14I,S:D614G					A6866T,C10626T	0	0	2	2			ORF1a:N2201Y,ORF1a:A3454V	0	0	2	2	19426-19433,19460-19513	NODE_0000764	A6866T,C10626T,C15324T,C25433T		ORF1a:N2201Y,ORF1a:A3454V,ORF3a:T14I		B.1.147	A6866T,C10626T		ORF1a:N2201Y,ORF1a:A3454V		N/A	N/A	N/A	N/A	N/A	N/A	N/A	N/A	N/A	N/A	ORF1b:1987-1989,ORF1b:1998-2016		3000	0	good	62	10	0	good	0	24	-6	0	good	2		0	good	0		0		0	0	good		0	0	good	0				
856	OQ521556.1 Severe acute respiratory syndrome coronavirus 2 isolate SARS-CoV-2/human/CMR/R040/2020, complete genome	20A	20A		20A	B.1.160	B.1.160	2.777778	good	26	0	0	0	0	0	16	0	0	0	89413	24	29862	0.9978597465137278	E:1,M:1,N:1,ORF1a:1,ORF1b:1,ORF3a:1,ORF6:1,ORF7a:1,ORF7b:1,ORF8:1,ORF9b:1,S:1	false	C241T,C3037T,C4543T,G5629T,G9526T,C11497T,C13019T,G13993T,G14118A,C14408T,G15766T,A16889G,G17019T,C18877T,G22992A,A23403G,G23868T,G25563T,C25710T,G26062T,C26735T,T26876C,C27476T,G28300T,G28975C,G29399A				N:Q9H,N:M234I,N:A376T,ORF1a:M3087I,ORF1b:A176S,ORF1b:P314L,ORF1b:V767L,ORF1b:K1141R,ORF1b:E1184D,ORF3a:Q57H,ORF3a:G224C,ORF7a:T28I,ORF9b:S6I,S:S477N,S:D614G,S:G769V				C13019T|21I,C27476T|25D	G14118A,G23868T,G26062T,G28300T	0	2	4	6			N:Q9H,ORF3a:G224C,ORF7a:T28I,ORF9b:S6I,S:G769V	0	0	5	5		NODE_0000764	C4543T,G5629T,G9526T,C11497T,C13019T,G13993T,G14118A,G15766T,A16889G,G17019T,C18877T,G22992A,G23868T,G25563T,C25710T,G26062T,C26735T,T26876C,C27476T,G28300T,G28975C,G29399A		N:Q9H,N:M234I,N:A376T,ORF1a:M3087I,ORF1b:A176S,ORF1b:V767L,ORF1b:K1141R,ORF1b:E1184D,ORF3a:Q57H,ORF3a:G224C,ORF7a:T28I,ORF9b:S6I,S:S477N,S:G769V		NODE_0000815	C13019T,G14118A,G23868T,G26062T,C27476T,G28300T		N:Q9H,ORF3a:G224C,ORF7a:T28I,ORF9b:S6I,S:G769V		N/A	N/A	N/A	N/A	N/A	N/A	N/A	N/A	N/A	N/A			3000	0	good	0	10	0	good	0	24	4	16.666667	good	12		0	good	0		0		0	0	good		0	0	good	0				
858	OQ816196.1 Severe acute respiratory syndrome coronavirus 2 isolate SARS-CoV-2/human/SWE/01_SE100_21CS501974/2020, complete genome	20C	20C		20C	B.1	B.1	0	good	8	0	0	0	3	0	6	0	0	2	89173	101	29836	0.9943149516770893	E:1,M:1,N:1,ORF1a:0.9997727789138832,ORF1b:1,ORF3a:1,ORF6:1,ORF7a:1,ORF7b:1,ORF8:1,ORF9b:1,S:0.9992150706436421	false	C241T,C1059T,C3037T,C14408T,A23403G,G24368T,G25563T,G25567A				ORF1a:T265I,ORF1b:P314L,ORF3a:Q57H,ORF3a:A59T,S:D614G,S:D936Y					G24368T,G25567A	0	0	2	2			ORF3a:A59T,S:D936Y	0	0	2	2	13402,24389-24390	NODE_0000826	G24368T,G25567A		ORF3a:A59T,S:D936Y		NODE_0000764	C1059T,G24368T,G25563T,G25567A		ORF1a:T265I,ORF3a:Q57H,ORF3a:A59T,S:D936Y		N/A	N/A	N/A	N/A	N/A	N/A	N/A	N/A	N/A	N/A	ORF1a:4379,S:943		3000	0	good	3	10	0	good	0	24	-6	0	good	2		0	good	0		0		0	0	good		0	0	good	0				
859	OQ816267.1 Severe acute respiratory syndrome coronavirus 2 isolate SARS-CoV-2/human/SWE/01_SE100_21CS502463/2020, complete genome	20C	20C		20C	B.1	B.1	0	good	8	0	0	0	3	0	6	0	0	2	89224	101	29853	0.9948834565093804	E:1,M:1,N:1,ORF1a:0.9997727789138832,ORF1b:1,ORF3a:1,ORF6:1,ORF7a:1,ORF7b:1,ORF8:1,ORF9b:1,S:0.9992150706436421	false	C241T,C1059T,C3037T,A13768G,C14408T,A23403G,G24368T,G25563T				ORF1a:T265I,ORF1b:M101V,ORF1b:P314L,ORF3a:Q57H,S:D614G,S:D936Y					A13768G,G24368T	0	0	2	2			ORF1b:M101V,S:D936Y	0	0	2	2	13402,24389-24390	NODE_0000826	A13768G,G24368T		ORF1b:M101V,S:D936Y		NODE_0000764	C1059T,A13768G,G24368T,G25563T		ORF1a:T265I,ORF1b:M101V,ORF3a:Q57H,S:D936Y		N/A	N/A	N/A	N/A	N/A	N/A	N/A	N/A	N/A	N/A	ORF1a:4379,S:943		3000	0	good	3	10	0	good	0	24	-6	0	good	2		0	good	0		0		0	0	good		0	0	good	0				
862	OQ816373.1 Severe acute respiratory syndrome coronavirus 2 isolate SARS-CoV-2/human/SWE/01_SE100_21CS508569/2020, complete genome	20C	20C		20C	B.1	B.1	0	good	7	0	0	0	3	0	5	0	0	2	89177	101	29836	0.9943149516770893	E:1,M:1,N:1,ORF1a:0.9997727789138832,ORF1b:1,ORF3a:1,ORF6:1,ORF7a:1,ORF7b:1,ORF8:1,ORF9b:1,S:0.9992150706436421	false	C241T,C1059T,C3037T,C14408T,A23403G,G24368T,G25563T				ORF1a:T265I,ORF1b:P314L,ORF3a:Q57H,S:D614G,S:D936Y					G24368T	0	0	1	1			S:D936Y	0	0	1	1	13402,24389-24390	NODE_0000826	G24368T		S:D936Y		NODE_0000764	C1059T,G24368T,G25563T		ORF1a:T265I,ORF3a:Q57H,S:D936Y		N/A	N/A	N/A	N/A	N/A	N/A	N/A	N/A	N/A	N/A	ORF1a:4379,S:943		3000	0	good	3	10	0	good	0	24	-7	0	good	1		0	good	0		0		0	0	good		0	0	good	0				
854	OQ050618.1 Severe acute respiratory syndrome coronavirus 2 isolate SARS-CoV-2/human/NGA/CV57/2020, complete genome	20B	20B		20B	B.1.1	B.1.1	0	good	11	0	0	0	4	0	6	0	0	0	89637	9	29903	0.999598702471324	E:1,M:1,N:1,ORF1a:1,ORF1b:1,ORF3a:1,ORF6:1,ORF7a:1,ORF7b:1,ORF8:1,ORF9b:1,S:1	false	C21T,C241T,C3037T,C5622A,C14408T,A23403G,G25471T,G28881A,G28882A,G28883C,C29870A				N:R203K,N:G204R,ORF1a:P1786H,ORF1b:P314L,ORF3a:D27Y,S:D614G					C21T,C5622A,G25471T,C29870A	0	0	4	4			ORF1a:P1786H,ORF3a:D27Y	0	0	2	2	29865-29868	NODE_0000922	C21T,C5622A,G25471T,C29870A		ORF1a:P1786H,ORF3a:D27Y		NODE_0000922	C21T,C5622A,G25471T,C29870A		ORF1a:P1786H,ORF3a:D27Y		N/A	N/A	N/A	N/A	N/A	N/A	N/A	N/A	N/A	N/A			3000	0	good	4	10	0	good	0	24	-4	0	good	4		0	good	0		0		0	0	good		0	0	good	0				
861	OQ816322.1 Severe acute respiratory syndrome coronavirus 2 isolate SARS-CoV-2/human/SWE/01_SE100_21CS508632/2020, complete genome	20C	20C		20C	B.1	B.1	0	good	7	0	0	0	3	0	5	0	0	2	89177	101	29836	0.9943149516770893	E:1,M:1,N:1,ORF1a:0.9997727789138832,ORF1b:1,ORF3a:1,ORF6:1,ORF7a:1,ORF7b:1,ORF8:1,ORF9b:1,S:0.9992150706436421	false	C241T,C1059T,C3037T,C14408T,A23403G,G24368T,G25563T				ORF1a:T265I,ORF1b:P314L,ORF3a:Q57H,S:D614G,S:D936Y					G24368T	0	0	1	1			S:D936Y	0	0	1	1	13402,24389-24390	NODE_0000826	G24368T		S:D936Y		NODE_0000764	C1059T,G24368T,G25563T		ORF1a:T265I,ORF3a:Q57H,S:D936Y		N/A	N/A	N/A	N/A	N/A	N/A	N/A	N/A	N/A	N/A	ORF1a:4379,S:943		3000	0	good	3	10	0	good	0	24	-7	0	good	1		0	good	0		0		0	0	good		0	0	good	0				
860	OQ816291.1 Severe acute respiratory syndrome coronavirus 2 isolate SARS-CoV-2/human/SWE/01_SE100_21CS502431/2020, complete genome	20C	20C		20C	B.1	B.1	0	good	9	0	0	0	3	0	7	0	0	2	89169	101	29836	0.9943149516770893	E:1,M:1,N:1,ORF1a:0.9997727789138832,ORF1b:1,ORF3a:1,ORF6:1,ORF7a:1,ORF7b:1,ORF8:1,ORF9b:1,S:0.9992150706436421	false	C241T,C1059T,C3037T,C7749T,C14408T,A23403G,G24368T,G25563T,G25621T				ORF1a:T265I,ORF1a:T2495I,ORF1b:P314L,ORF3a:Q57H,ORF3a:V77F,S:D614G,S:D936Y					C7749T,G24368T,G25621T	0	0	3	3			ORF1a:T2495I,ORF3a:V77F,S:D936Y	0	0	3	3	13402,24389-24390	NODE_0000826	C7749T,G24368T,G25621T		ORF1a:T2495I,ORF3a:V77F,S:D936Y		NODE_0000764	C1059T,C7749T,G24368T,G25563T,G25621T		ORF1a:T265I,ORF1a:T2495I,ORF3a:Q57H,ORF3a:V77F,S:D936Y		N/A	N/A	N/A	N/A	N/A	N/A	N/A	N/A	N/A	N/A	ORF1a:4379,S:943		3000	0	good	3	10	0	good	0	24	-5	0	good	3		0	good	0		0		0	0	good		0	0	good	0				
863	OQ816415.1 Severe acute respiratory syndrome coronavirus 2 isolate SARS-CoV-2/human/SWE/01_SE100_21CS508609/2020, complete genome	20B	20B		20B	B.1.1	B.1.1	1	good	8	0	0	0	3	1	5	0	0	3	89224	101	29853	0.9948500150486573	E:1,M:1,N:1,ORF1a:0.9995455578277664,ORF1b:1,ORF3a:1,ORF6:1,ORF7a:1,ORF7b:1,ORF8:1,ORF9b:1,S:0.9992150706436421	false	C241T,C3037T,C12132T,C14408T,A23403G,G28881A,G28882A,G28883C				N:R203K,N:G204R,ORF1a:A3956V,ORF1b:P314L,S:D614G					C12132T	0	0	1	1			ORF1a:A3956V	0	0	1	1	13402,24389-24390	NODE_0000922	C12132T		ORF1a:A3956V		NODE_0000922	C12132T		ORF1a:A3956V		N/A	N/A	N/A	N/A	N/A	N/A	N/A	N/A	N/A	N/A	ORF1a:257,ORF1a:4379,S:943	R:1034	3000	0	good	3	10	10	good	1	24	-7	0	good	1		0	good	0		0		0	0	good		0	0	good	0				
864	OQ816448.1 Severe acute respiratory syndrome coronavirus 2 isolate SARS-CoV-2/human/SWE/01_SE100_21CS508615/2020, complete genome	20C	20C		20C	B.1	B.1	0	good	11	0	0	0	3	0	6	0	0	2	89161	101	29836	0.9943149516770893	E:1,M:1,N:1,ORF1a:0.9997727789138832,ORF1b:1,ORF3a:1,ORF6:1,ORF7a:1,ORF7b:1,ORF8:1,ORF9b:1,S:0.9992150706436421	false	C241T,C1059T,C3037T,G4207T,C10186T,C14408T,C17119T,A23403G,G24368T,G25563T,G29402T				N:D377Y,ORF1a:T265I,ORF1b:P314L,ORF3a:Q57H,S:D614G,S:D936Y				G29402T|21J&21I&21A&21B	G4207T,C10186T,C17119T,G24368T	0	1	4	5			N:D377Y,S:D936Y	0	0	2	2	13402,24389-24390	NODE_0000826	G4207T,C10186T,C17119T,G24368T,G29402T		N:D377Y,S:D936Y		NODE_0000764	C1059T,G4207T,C10186T,C17119T,G24368T,G25563T,G29402T		N:D377Y,ORF1a:T265I,ORF3a:Q57H,S:D936Y		N/A	N/A	N/A	N/A	N/A	N/A	N/A	N/A	N/A	N/A	ORF1a:4379,S:943		3000	0	good	3	10	0	good	0	24	0	0	good	8		0	good	0		0		0	0	good		0	0	good	0				
866	OQ816497.1 Severe acute respiratory syndrome coronavirus 2 isolate SARS-CoV-2/human/SWE/01_SE100_21CS505340/2020, complete genome	20C	20C		20C	B.1	B.1	0	good	9	0	0	0	3	0	5	0	0	2	89169	101	29836	0.9943149516770893	E:1,M:1,N:1,ORF1a:0.9997727789138832,ORF1b:1,ORF3a:1,ORF6:1,ORF7a:1,ORF7b:1,ORF8:1,ORF9b:1,S:0.9992150706436421	false	C241T,C1059T,C3037T,C8311T,C14408T,A23403G,G24368T,G25563T,C25578T				ORF1a:T265I,ORF1b:P314L,ORF3a:Q57H,S:D614G,S:D936Y					C8311T,G24368T,C25578T	0	0	3	3			S:D936Y	0	0	1	1	13402,24389-24390	NODE_0000826	C8311T,G24368T,C25578T		S:D936Y		NODE_0000764	C1059T,C8311T,G24368T,G25563T,C25578T		ORF1a:T265I,ORF3a:Q57H,S:D936Y		N/A	N/A	N/A	N/A	N/A	N/A	N/A	N/A	N/A	N/A	ORF1a:4379,S:943		3000	0	good	3	10	0	good	0	24	-5	0	good	3		0	good	0		0		0	0	good		0	0	good	0				
865	OQ816470.1 Severe acute respiratory syndrome coronavirus 2 isolate SARS-CoV-2/human/SWE/01_SE100_21CS505310/2020, complete genome	20C	20C		20C	B.1	B.1	0	good	8	0	0	0	3	0	6	0	0	2	89203	101	29846	0.9946493662843193	E:1,M:1,N:1,ORF1a:0.9997727789138832,ORF1b:1,ORF3a:1,ORF6:1,ORF7a:1,ORF7b:1,ORF8:1,ORF9b:1,S:0.9992150706436421	false	C241T,C1059T,C3037T,C14408T,G17590T,A23403G,G24368T,G25563T				ORF1a:T265I,ORF1b:P314L,ORF1b:V1375L,ORF3a:Q57H,S:D614G,S:D936Y					G17590T,G24368T	0	0	2	2			ORF1b:V1375L,S:D936Y	0	0	2	2	13402,24389-24390	NODE_0000826	G17590T,G24368T		ORF1b:V1375L,S:D936Y		NODE_0000764	C1059T,G17590T,G24368T,G25563T		ORF1a:T265I,ORF1b:V1375L,ORF3a:Q57H,S:D936Y		N/A	N/A	N/A	N/A	N/A	N/A	N/A	N/A	N/A	N/A	ORF1a:4379,S:943		3000	0	good	3	10	0	good	0	24	-6	0	good	2		0	good	0		0		0	0	good		0	0	good	0				
867	OQ816501.1 Severe acute respiratory syndrome coronavirus 2 isolate SARS-CoV-2/human/SWE/01_SE100_21CS505345/2020, complete genome	20C	20C		20C	B.1	B.1	0	good	7	0	0	0	3	0	5	0	0	2	89177	101	29836	0.9943149516770893	E:1,M:1,N:1,ORF1a:0.9997727789138832,ORF1b:1,ORF3a:1,ORF6:1,ORF7a:1,ORF7b:1,ORF8:1,ORF9b:1,S:0.9992150706436421	false	C241T,C1059T,C3037T,C14408T,A23403G,G24368T,G25563T				ORF1a:T265I,ORF1b:P314L,ORF3a:Q57H,S:D614G,S:D936Y					G24368T	0	0	1	1			S:D936Y	0	0	1	1	13402,24389-24390	NODE_0000826	G24368T		S:D936Y		NODE_0000764	C1059T,G24368T,G25563T		ORF1a:T265I,ORF3a:Q57H,S:D936Y		N/A	N/A	N/A	N/A	N/A	N/A	N/A	N/A	N/A	N/A	ORF1a:4379,S:943		3000	0	good	3	10	0	good	0	24	-7	0	good	1		0	good	0		0		0	0	good		0	0	good	0				
868	OQ816503.1 Severe acute respiratory syndrome coronavirus 2 isolate SARS-CoV-2/human/SWE/01_SE100_21CS505321/2020, complete genome	20C	20C		20C	B.1	B.1	0	good	11	0	0	0	3	0	8	0	0	2	89161	101	29836	0.9943149516770893	E:1,M:1,N:1,ORF1a:0.9997727789138832,ORF1b:1,ORF3a:1,ORF6:1,ORF7a:1,ORF7b:1,ORF8:1,ORF9b:1,S:0.9992150706436421	false	C241T,C1059T,A1423C,C3037T,C14408T,C21302T,C21304A,G21305A,A23403G,G24368T,G25563T				ORF1a:T265I,ORF1a:E386D,ORF1b:P314L,ORF1b:P2612L,ORF1b:R2613N,ORF3a:Q57H,S:D614G,S:D936Y					A1423C,C21302T,C21304A,G21305A,G24368T	0	0	5	5			ORF1a:E386D,ORF1b:P2612L,ORF1b:R2613N,S:D936Y	0	0	4	4	13402,24389-24390	NODE_0000826	A1423C,C21302T,C21304A,G21305A,G24368T		ORF1a:E386D,ORF1b:P2612L,ORF1b:R2613N,S:D936Y		NODE_0000764	C1059T,A1423C,C21302T,C21304A,G21305A,G24368T,G25563T		ORF1a:T265I,ORF1a:E386D,ORF1b:P2612L,ORF1b:R2613N,ORF3a:Q57H,S:D936Y		N/A	N/A	N/A	N/A	N/A	N/A	N/A	N/A	N/A	N/A	ORF1a:4379,S:943		3000	0	good	3	10	0	good	0	24	-3	0	good	5		0	good	0		0		0	0	good		0	0	good	0				
870	OQ816610.1 Severe acute respiratory syndrome coronavirus 2 isolate SARS-CoV-2/human/SWE/01_SE100_21CS508507/2020, complete genome	20C	20C		20C	B.1	B.1	0	good	7	0	0	0	3	0	5	0	0	2	89177	101	29836	0.9943149516770893	E:1,M:1,N:1,ORF1a:0.9997727789138832,ORF1b:1,ORF3a:1,ORF6:1,ORF7a:1,ORF7b:1,ORF8:1,ORF9b:1,S:0.9992150706436421	false	C241T,C1059T,C3037T,C14408T,A23403G,G24368T,G25563T				ORF1a:T265I,ORF1b:P314L,ORF3a:Q57H,S:D614G,S:D936Y					G24368T	0	0	1	1			S:D936Y	0	0	1	1	13402,24389-24390	NODE_0000826	G24368T		S:D936Y		NODE_0000764	C1059T,G24368T,G25563T		ORF1a:T265I,ORF3a:Q57H,S:D936Y		N/A	N/A	N/A	N/A	N/A	N/A	N/A	N/A	N/A	N/A	ORF1a:4379,S:943		3000	0	good	3	10	0	good	0	24	-7	0	good	1		0	good	0		0		0	0	good		0	0	good	0				
869	OQ816533.1 Severe acute respiratory syndrome coronavirus 2 isolate SARS-CoV-2/human/SWE/01_SE100_21CS505371/2020, complete genome	20C	20C		20C	B.1	B.1	0	good	9	0	0	0	3	0	6	0	0	2	89169	101	29836	0.9943149516770893	E:1,M:1,N:1,ORF1a:0.9997727789138832,ORF1b:1,ORF3a:1,ORF6:1,ORF7a:1,ORF7b:1,ORF8:1,ORF9b:1,S:0.9992150706436421	false	C241T,T682C,C1059T,C3037T,T13090A,C14408T,A23403G,G24368T,G25563T				ORF1a:T265I,ORF1a:D4275E,ORF1b:P314L,ORF3a:Q57H,S:D614G,S:D936Y					T682C,T13090A,G24368T	0	0	3	3			ORF1a:D4275E,S:D936Y	0	0	2	2	13402,24389-24390	NODE_0000826	T682C,T13090A,G24368T		ORF1a:D4275E,S:D936Y		NODE_0000764	T682C,C1059T,T13090A,G24368T,G25563T		ORF1a:T265I,ORF1a:D4275E,ORF3a:Q57H,S:D936Y		N/A	N/A	N/A	N/A	N/A	N/A	N/A	N/A	N/A	N/A	ORF1a:4379,S:943		3000	0	good	3	10	0	good	0	24	-5	0	good	3		0	good	0		0		0	0	good		0	0	good	0				
871	OQ816704.1 Severe acute respiratory syndrome coronavirus 2 isolate SARS-CoV-2/human/SWE/01_SE100_21CS505852/2020, complete genome	20B	20B		20B	B.1.1	B.1.1	0	good	9	0	0	0	3	0	6	0	0	2	89169	101	29836	0.9943149516770893	E:1,M:1,N:1,ORF1a:0.9997727789138832,ORF1b:1,ORF3a:1,ORF6:1,ORF7a:1,ORF7b:1,ORF8:1,ORF9b:1,S:0.9992150706436421	false	C241T,C3037T,C14408T,G22599A,G23072A,A23403G,G28881A,G28882A,G28883C				N:R203K,N:G204R,ORF1b:P314L,S:R346K,S:G504S,S:D614G				G22599A|21K&21H	G23072A	0	1	1	2			S:R346K,S:G504S	0	0	2	2	13402,24389-24390	NODE_0000922	G22599A,G23072A		S:R346K,S:G504S		NODE_0000922	G22599A,G23072A		S:R346K,S:G504S		N/A	N/A	N/A	N/A	N/A	N/A	N/A	N/A	N/A	N/A	ORF1a:4379,S:943		3000	0	good	3	10	0	good	0	24	-3	0	good	5		0	good	0		0		0	0	good		0	0	good	0				
878	OR001982.1 Severe acute respiratory syndrome coronavirus 2 isolate SARS-CoV-2/human/CHN/AP8/2020, complete genome	19B	19B		19B	A	A	0	good	7	0	0	0	0	0	3	0	0	0	89645	1	29891	0.999598702471324	E:1,M:1,N:1,ORF1a:1,ORF1b:1,ORF3a:1,ORF6:1,ORF7a:1,ORF7b:1,ORF8:1,ORF9b:1,S:1	false	C8782T,A18399G,C23638T,G25740T,G25947T,T28144C,C29095T				ORF3a:Q116H,ORF3a:Q185H,ORF8:L84S					A18399G,C23638T,G25740T,G25947T,C29095T	0	0	5	5			ORF3a:Q116H,ORF3a:Q185H	0	0	2	2		internal_b384	A18399G,C23638T,G25740T,G25947T,C29095T		ORF3a:Q116H,ORF3a:Q185H		internal_b384	A18399G,C23638T,G25740T,G25947T,C29095T		ORF3a:Q116H,ORF3a:Q185H		N/A	N/A	N/A	N/A	N/A	N/A	N/A	N/A	N/A	N/A			3000	0	good	0	10	0	good	0	24	-3	0	good	5		0	good	0		0		0	0	good		0	0	good	0				
877	OX602435.1 Severe acute respiratory syndrome coronavirus 2 genome assembly, complete genome: monopartite	20B	20B		20B	B.1.1	B.1.1	0.184582	good	11	0	0	0	416	0	6	0	0	99	89249	1	29903	0.9860883523392302	E:1,M:1,N:1,ORF1a:1,ORF1b:0.9632789317507419,ORF3a:1,ORF6:1,ORF7a:1,ORF7b:1,ORF8:1,ORF9b:1,S:1	false	C241T,C3037T,A7903G,G10097A,T13216G,C14408T,A23403G,C23731T,G28881A,G28882A,G28883C				N:R203K,N:G204R,ORF1a:G3278S,ORF1a:D4317E,ORF1b:P314L,S:D614G					A7903G,T13216G	0	0	2	2			ORF1a:D4317E	0	0	1	1	1-54,19276-19570,29837-29903	NODE_0000922	A7903G,G10097A,T13216G,C23731T		ORF1a:G3278S,ORF1a:D4317E		NODE_0000922	A7903G,G10097A,T13216G,C23731T		ORF1a:G3278S,ORF1a:D4317E		N/A	N/A	N/A	N/A	N/A	N/A	N/A	N/A	N/A	N/A	ORF1b:1937-2035		3000	4.296296	good	416	10	0	good	0	24	-6	0	good	2		0	good	0		0		0	0	good		0	0	good	0				
874	OX557768.1 Severe acute respiratory syndrome coronavirus 2 genome assembly, complete genome: monopartite	19A	19A		19A	B.3	B.3	1.670796	good	7	0	0	0	649	0	5	0	0	198	89002	11	29903	0.9779620773835401	E:1,M:1,N:1,ORF1a:1,ORF1b:0.962166172106825,ORF3a:1,ORF6:1,ORF7a:0.36065573770491804,ORF7b:0.5909090909090909,ORF8:1,ORF9b:1,S:1	false	G1440A,C1912T,G2891A,C25669T,G26660T,C26882T,G28851T				M:L46F,N:S193I,ORF1a:G392D,ORF1a:A876T,ORF3a:H93Y					C1912T,C25669T,G26660T,C26882T,G28851T	0	0	5	5			M:L46F,N:S193I,ORF3a:H93Y	0	0	3	3	11-38,19289-19570,21366-21386,27525-27808,29837-29870	NODE_0000000	G1440A,C1912T,G2891A,C25669T,G26660T,C26882T,G28851T		M:L46F,N:S193I,ORF1a:G392D,ORF1a:A876T,ORF3a:H93Y		B.3	C1912T,C25669T,G26660T,C26882T,G28851T		M:L46F,N:S193I,ORF3a:H93Y		N/A	N/A	N/A	N/A	N/A	N/A	N/A	N/A	N/A	N/A	ORF1b:1941-2035,ORF1b:2634-2640,ORF7a:45-122,ORF7b:1-18		3000	12.925926	good	649	10	0	good	0	24	-3	0	good	5		0	good	0		0		0	0	good		0	0	good	0				
875	OX575498.1 Severe acute respiratory syndrome coronavirus 2 genome assembly, complete genome: monopartite	20B	20B		20B	B.1.1	B.1.1	0.012346	good	10	0	0	0	330	0	7	0	0	89	89306	12	29903	0.9885964618934555	E:1,M:1,N:1,ORF1a:1,ORF1b:0.9669881305637982,ORF3a:1,ORF6:1,ORF7a:1,ORF7b:1,ORF8:1,ORF9b:1,S:1	false	C241T,C3037T,T5465C,C14408T,G21624T,A23403G,G24102A,G28881A,G28882A,G28883C				N:R203K,N:G204R,ORF1a:Y1734H,ORF1b:P314L,S:R21I,S:D614G,S:R847K					T5465C,G24102A	0	0	2	2			ORF1a:Y1734H,S:R847K	0	0	2	2	12-38,19291-19557,29837-29869,29901-29903	NODE_0000922	T5465C,G21624T,G24102A		ORF1a:Y1734H,S:R21I,S:R847K		NODE_0000922	T5465C,G21624T,G24102A		ORF1a:Y1734H,S:R21I,S:R847K		N/A	N/A	N/A	N/A	N/A	N/A	N/A	N/A	N/A	N/A	ORF1b:1942-2030		3000	1.111111	good	330	10	0	good	0	24	-6	0	good	2		0	good	0		0		0	0	good		0	0	good	0				
876	OX600543.1 Severe acute respiratory syndrome coronavirus 2 genome assembly, complete genome: monopartite	20B	20B		20B	B.1.1	B.1.1	0	good	13	0	0	0	1	0	6	0	0	0	89656	1	29903	0.999966558539277	E:1,M:1,N:1,ORF1a:1,ORF1b:1,ORF3a:1,ORF6:1,ORF7a:1,ORF7b:1,ORF8:1,ORF9b:1,S:1	false	C241T,C3037T,A11519G,C14408T,A23403G,G28086T,G28881A,G28882A,G28883C,A29888G,A29892G,A29895G,A29899G				N:R203K,N:G204R,ORF1a:M3752V,ORF1b:P314L,ORF8:A65S,S:D614G					A11519G,G28086T,A29888G,A29892G,A29895G,A29899G	0	0	6	6			ORF1a:M3752V,ORF8:A65S	0	0	2	2	29903	NODE_0000922	A11519G,G28086T,A29888G,A29892G,A29895G,A29899G		ORF1a:M3752V,ORF8:A65S		NODE_0000922	A11519G,G28086T,A29888G,A29892G,A29895G,A29899G		ORF1a:M3752V,ORF8:A65S		N/A	N/A	N/A	N/A	N/A	N/A	N/A	N/A	N/A	N/A			3000	0	good	1	10	0	good	0	24	-2	0	good	6		0	good	0		0		0	0	good		0	0	good	0				
872	OQ901221.1 Severe acute respiratory syndrome coronavirus 2 isolate SARS-CoV-2/human/FRA/IHUCOVID-031908/2020, complete genome	20C	20C		20C	B.1	B.1	0	good	7	0	0	0	99	0	4	0	0	35	88979	101	29802	0.9899675617830986	E:1,M:1,N:1,ORF1a:0.9997727789138832,ORF1b:0.9936943620178041,ORF3a:1,ORF6:1,ORF7a:1,ORF7b:1,ORF8:1,ORF9b:1,S:0.9866562009419152	false	C241T,C1059T,C3037T,C14408T,A18366G,A23403G,G25563T				ORF1a:T265I,ORF1b:P314L,ORF3a:Q57H,S:D614G					A18366G	0	0	1	1				0	0	0	0	5258-5259,13670-13689,21358-21386,22325-22346,22517-22542	NODE_0000826	A18366G				NODE_0000764	C1059T,A18366G,G25563T		ORF1a:T265I,ORF3a:Q57H		N/A	N/A	N/A	N/A	N/A	N/A	N/A	N/A	N/A	N/A	ORF1a:1665,ORF1b:68-74,ORF1b:2631-2640,S:255-262,S:319-327		3000	0	good	99	10	0	good	0	24	-7	0	good	1		0	good	0		0		0	0	good		0	0	good	0				
880	OX754919.1 Severe acute respiratory syndrome coronavirus 2 genome assembly, complete genome: monopartite	21J	21J (Delta)	Delta	21J	B.1.617.2.4	AY.4	9.025364	good	37	13	0	0	343	3	29	4	0	89	89155	1	29902	0.9883958131291175	E:1,M:1,N:1,ORF1a:1,ORF1b:0.9677299703264095,ORF3a:1,ORF6:1,ORF7a:1,ORF7b:1,ORF8:1,ORF9b:1,S:0.9984301412872841	false	G210T,C241T,C1281T,C3037T,G4181T,T4183C,C6402T,C7124T,C7851T,C8986T,G9053T,C10029T,A11201G,A11332G,C14408T,G15451A,C16466T,T17040C,C18501T,C19220T,C21618G,C21846T,C22639T,T22917G,C22995A,A23403G,C23604G,C25469T,T26767C,T27638C,C27752T,C27874T,A28461G,G28881T,G28916T,G29402T,G29742T	22029-22034,28248-28253,28271			M:I82T,N:D63G,N:R203M,N:G215C,N:D377Y,ORF1a:A339V,ORF1a:A1306S,ORF1a:P2046L,ORF1a:P2287S,ORF1a:A2529V,ORF1a:V2930L,ORF1a:T3255I,ORF1a:T3646A,ORF1b:P314L,ORF1b:G662S,ORF1b:P1000L,ORF1b:A1918V,ORF3a:S26L,ORF7a:V82A,ORF7a:T120I,ORF7b:T40I,ORF9b:T60A,S:T19R,S:T95I,S:R158G,S:L452R,S:T478K,S:D614G,S:P681R	ORF8:D119-,ORF8:F120-,S:E156-,S:F157-				C1281T,T4183C,C18501T,C22639T	0	0	4	4			ORF1a:A339V	0	0	1	1	1-38,19293-19551,29857-29902	NODE_0000872	C1281T,T4183C,C7851T,G9053T,T17040C,C18501T,C21846T,C22639T		ORF1a:A339V,ORF1a:A2529V,ORF1a:V2930L,S:T95I		NODE_0000919	C1281T,T4183C,T17040C,C18501T,C22639T		ORF1a:A339V		N/A	N/A	N/A	N/A	N/A	N/A	N/A	N/A	N/A	N/A	ORF1b:1942-2028,S:142,S:950	Y:15849,R:21987,R:24410	3000	1.592593	good	343	10	30	mediocre	3	24	-4	0	good	4		0	good	0		0		0	0	good		0	0	good	0				
873	OQ907647.1 Severe acute respiratory syndrome coronavirus 2 isolate SARS-CoV-2/human/FRA/IHUCOVID-032681/2020, complete genome	20A	20A		20A	B.1.147	B.1.147	0.669973	good	8	0	0	0	521	0	5	0	0	183	88553	101	29802	0.9758552653579908	E:1,M:1,N:1,ORF1a:0.9777323335605544,ORF1b:0.990727002967359,ORF3a:1,ORF6:1,ORF7a:0.9344262295081968,ORF7b:1,ORF8:1,ORF9b:1,S:0.9591836734693877	false	C241T,C3037T,C7998T,C14408T,C15324T,G16897A,A23403G,C25433T				ORF1a:S2578F,ORF1b:P314L,ORF1b:V1144I,ORF3a:T14I,S:D614G					C7998T,G16897A	0	0	2	2			ORF1a:S2578F,ORF1b:V1144I	0	0	2	2	321-342,5258-5259,8636-8661,8693-8694,8696-8793,8803,8821-8824,8837-8881,8889-8913,9246-9271,9478-9502,13379-13385,13600-13621,13670-13689,21358-21386,22325-22346,22517-22542,22878-22941,23100-23106,23110,23120-23144,27512-27533	NODE_0000764	C7998T,C15324T,G16897A,C25433T		ORF1a:S2578F,ORF1b:V1144I,ORF3a:T14I		B.1.147	C7998T,G16897A		ORF1a:S2578F,ORF1b:V1144I		N/A	N/A	N/A	N/A	N/A	N/A	N/A	N/A	N/A	N/A	ORF1a:19-26,ORF1a:1665,ORF1a:2791-2799,ORF1a:2810-2843,ORF1a:2853,ORF1a:2858-2872,ORF1a:2875-2883,ORF1a:2994-3002,ORF1a:3071-3079,ORF1a:4372-4374,ORF1b:45-52,ORF1b:68-74,ORF1b:2631-2640,S:255-262,S:319-327,S:439-460,S:513-516,S:520-528,ORF7a:40-47		3000	8.185185	good	521	10	0	good	0	24	-6	0	good	2		0	good	0		0		0	0	good		0	0	good	0				
887	OR240461.1 Severe acute respiratory syndrome coronavirus 2 isolate SARS-CoV-2/human/CHN/SH-P24-A-2-Wuhan/2020, complete genome	19A	19A		19A	B	B	0	good	4	0	0	0	0	0	2	0	0	0	89693	1	29903	1	E:1,M:1,N:1,ORF1a:1,ORF1b:1,ORF3a:1,ORF6:1,ORF7a:1,ORF7b:1,ORF8:1,ORF9b:1,S:1	false	C20692T,C23533T,C26326T,G28233A				ORF1b:P2409S,ORF8:V114I					C20692T,C23533T,C26326T,G28233A	0	0	4	4			ORF1b:P2409S,ORF8:V114I	0	0	2	2		NODE_0000000	C20692T,C23533T,C26326T,G28233A		ORF1b:P2409S,ORF8:V114I		NODE_0000000	C20692T,C23533T,C26326T,G28233A		ORF1b:P2409S,ORF8:V114I		N/A	N/A	N/A	N/A	N/A	N/A	N/A	N/A	N/A	N/A			3000	0	good	0	10	0	good	0	24	-4	0	good	4		0	good	0		0		0	0	good		0	0	good	0				
881	OX807860.1 Severe acute respiratory syndrome coronavirus 2 genome assembly, complete genome: monopartite	21I	21I (Delta)	Delta	21I	B.1.617.2.9.2	AY.9.2	14.062500	good	30	12	0	0	201	0	24	4	0	9	89337	1	29903	0.9932782663946761	E:0.9868421052631579,M:0.9910313901345291,N:1,ORF1a:0.9993183367416496,ORF1b:0.9996290801186943,ORF3a:0.9963768115942029,ORF6:1,ORF7a:1,ORF7b:1,ORF8:1,ORF9b:1,S:0.9992150706436421	false	G210T,C241T,C3037T,C4938T,C5184T,G9251T,C9891T,T10480C,T11418C,C14408T,G15451A,C16466T,T17574C,C18086T,G21123T,C21618G,G21987A,C22792T,T22917G,C22995A,A23403G,C23604G,G24410A,T26767C,T27638C,C27752T,A28461G,G28881T,G29402T,G29742T	22029-22034,28248-28253			M:I82T,N:D63G,N:R203M,N:D377Y,ORF1a:T1558I,ORF1a:P1640L,ORF1a:V2996F,ORF1a:A3209V,ORF1a:V3718A,ORF1b:P314L,ORF1b:G662S,ORF1b:P1000L,ORF1b:T1540I,ORF7a:V82A,ORF7a:T120I,ORF9b:T60A,S:T19R,S:G142D,S:R158G,S:L452R,S:T478K,S:D614G,S:P681R,S:D950N	ORF8:D119-,ORF8:F120-,S:E156-,S:F157-		G5584A,T11514C		C4938T,G9251T,T10480C,T17574C,G21123T	2	0	5	7	ORF1a:I3750T		ORF1a:T1558I,ORF1a:V2996F	1	0	2	3	1-54,1001,1729,2198,13019,14030,22227,25469,26270,26577,26709,28270-28271,29769-29903	NODE_0000860	C4938T,G9251T,T10480C,T11514C,T17574C,C18086T,G21123T,C22792T		ORF1a:T1558I,ORF1a:V2996F,ORF1a:I3750T,ORF1b:T1540I		NODE_0000869	C4938T,G5584A,G9251T,T10480C,T11514C,T17574C,G21123T		ORF1a:T1558I,ORF1a:V2996F,ORF1a:I3750T		N/A	N/A	N/A	N/A	N/A	N/A	N/A	N/A	N/A	N/A	ORF1a:246,ORF1a:645,ORF1a:4252,ORF1b:188,S:222,ORF3a:26,E:9,M:19,M:63		3000	0	good	201	10	0	good	0	24	9	37.500000	mediocre	17		0	good	0		0		0	0	good		0	0	good	0				
888	OR240485.1 Severe acute respiratory syndrome coronavirus 2 isolate SARS-CoV-2/human/CHN/SH-P37-2-Shanghai/2020, complete genome	19A	19A		19A	B	B	0	good	1	0	0	0	0	0	0	0	0	0	89705	1	29903	1	E:1,M:1,N:1,ORF1a:1,ORF1b:1,ORF3a:1,ORF6:1,ORF7a:1,ORF7b:1,ORF8:1,ORF9b:1,S:1	false	C8782T								C8782T|19B		0	1	0	1				0	0	0	0		NODE_0000000	C8782T				NODE_0000000	C8782T				N/A	N/A	N/A	N/A	N/A	N/A	N/A	N/A	N/A	N/A			3000	0	good	0	10	0	good	0	24	-4	0	good	4		0	good	0		0		0	0	good		0	0	good	0				
889	OR240487.1 Severe acute respiratory syndrome coronavirus 2 isolate SARS-CoV-2/human/CHN/SH-P39-2-Wuhan/2020, complete genome	19B	19B		19B	A	A	0	good	4	0	0	0	0	0	2	0	0	0	89693	1	29903	1	E:1,M:1,N:1,ORF1a:1,ORF1b:1,ORF3a:1,ORF6:1,ORF7a:1,ORF7b:1,ORF8:1,ORF9b:1,S:1	false	C8782T,C25904T,T28144C,T28208C				ORF3a:S171L,ORF8:L84S				C25904T|20H	T28208C	0	1	1	2			ORF3a:S171L	0	0	1	1		internal_b384	C25904T,T28208C		ORF3a:S171L		internal_b384	C25904T,T28208C		ORF3a:S171L		N/A	N/A	N/A	N/A	N/A	N/A	N/A	N/A	N/A	N/A			3000	0	good	0	10	0	good	0	24	-3	0	good	5		0	good	0		0		0	0	good		0	0	good	0				
890	OR240509.1 Severe acute respiratory syndrome coronavirus 2 isolate SARS-CoV-2/human/CHN/SH-P49-2-Shanghai/2020, complete genome	19A	19A		19A	B	B	0	good	2	0	0	0	0	0	2	0	0	0	89701	1	29903	1	E:1,M:1,N:1,ORF1a:1,ORF1b:1,ORF3a:1,ORF6:1,ORF7a:1,ORF7b:1,ORF8:1,ORF9b:1,S:1	false	G2293T,G9923A				ORF1a:Q676H,ORF1a:A3220T					G2293T,G9923A	0	0	2	2			ORF1a:Q676H,ORF1a:A3220T	0	0	2	2		NODE_0000000	G2293T,G9923A		ORF1a:Q676H,ORF1a:A3220T		NODE_0000000	G2293T,G9923A		ORF1a:Q676H,ORF1a:A3220T		N/A	N/A	N/A	N/A	N/A	N/A	N/A	N/A	N/A	N/A			3000	0	good	0	10	0	good	0	24	-6	0	good	2		0	good	0		0		0	0	good		0	0	good	0				
891	OR240555.1 Severe acute respiratory syndrome coronavirus 2 isolate SARS-CoV-2/human/CHN/SH-P104-A-3-Europe-UK/2020, complete genome	19A	19A		19A	B	B	11.111111	good	6	0	0	0	0	0	2	0	0	0	89043	101	29789	0.992843527405277	E:1,M:1,N:1,ORF1a:1,ORF1b:1,ORF3a:1,ORF6:1,ORF7a:1,ORF7b:1,ORF8:1,ORF9b:1,S:1	false	C241T,A7479G,C14805T,T17247C,C25572T,G26144T				ORF1a:N2405S,ORF3a:G251V			T11083G	C241T|21J&21K&21L&22B&20I&22E&23A&20A&21I&20B&24A&22C&20E&23F&22A&20G&20C&23D&20J&24E&21A&23B&22D&22F&25C&rec&21C&24C&23C&24F&23E&21F&20H&24B&23H&25A&25B&24G&23I&21H&23G&20D&20F&24H&21G&21D&21B&24D&21M&25D&25G&24I&25E&25H&25I&25F&21E,C25572T|23F&23H	A7479G,T17247C	1	2	2	5	ORF1a:F3606L		ORF1a:N2405S	1	0	1	2		NODE_0000000	C241T,A7479G,C14805T,T17247C,C25572T,G26144T		ORF1a:N2405S,ORF3a:G251V		NODE_0000000	C241T,A7479G,C14805T,T17247C,C25572T,G26144T		ORF1a:N2405S,ORF3a:G251V		N/A	N/A	N/A	N/A	N/A	N/A	N/A	N/A	N/A	N/A			3000	0	good	0	10	0	good	0	24	8	33.333333	mediocre	16		0	good	0		0		0	0	good		0	0	good	0				
885	OX997667.1 Severe acute respiratory syndrome coronavirus 2 genome assembly, complete genome: monopartite	20I	20I (Alpha)	Alpha	20I	B.1.1.7	B.1.1.7	1	good	33	19	0	0	31	1	20	6	0	1	89458	1	29902	0.9988964317961408	E:1,M:1,N:1,ORF1a:1,ORF1b:1,ORF3a:1,ORF6:1,ORF7a:1,ORF7b:1,ORF8:0.9918032786885246,ORF9b:1,S:1	false	C241T,C913T,C2110T,C3037T,C3267T,C5388A,C5986T,C6843T,T6954C,C14120T,C14408T,C14676T,C15279T,T16176C,C17550T,A23063T,C23271A,A23403G,C23604A,C23709T,T24506G,G24914C,C27972T,G28048T,A28111G,G28280C,A28281T,T28282A,G28881A,G28882A,G28883C,C28977T,G29374A	11288-11296,21765-21770,21992-21994,28271			N:D3L,N:R203K,N:G204R,N:S235F,ORF1a:T1001I,ORF1a:A1708D,ORF1a:S2193F,ORF1a:I2230T,ORF1b:P218L,ORF1b:P314L,ORF8:Q27*,ORF8:R52I,ORF8:Y73C,S:N501Y,S:A570D,S:D614G,S:P681H,S:T716I,S:S982A,S:D1118H	ORF1a:S3675-,ORF1a:G3676-,ORF1a:F3677-,S:H69-,S:V70-,S:Y144-				C2110T,C6843T,C14120T,C17550T,G29374A	0	0	5	5			ORF1a:S2193F,ORF1b:P218L	0	0	2	2	1-4,29876-29902	NODE_0000950	C2110T,C6843T,C14120T,C17550T,G29374A		ORF1a:S2193F,ORF1b:P218L		NODE_0000950	C2110T,C6843T,C14120T,C17550T,G29374A		ORF1a:S2193F,ORF1b:P218L		N/A	N/A	N/A	N/A	N/A	N/A	N/A	N/A	N/A	N/A	ORF8:68	W:28095	3000	0	good	31	10	10	good	1	24	-3	0	good	5		0	good	0		0		0	0	good		0	0	good	0				
883	OX908149.1 Severe acute respiratory syndrome coronavirus 2 genome assembly, complete genome: monopartite	20A	20A		20A	B.1.389	B.1.389	45.900003	mediocre	29	63	0	0	502	4	17	11	0	149	88879	1	29902	0.9830451794134368	E:1,M:1,N:0.9976190476190476,ORF1a:0.9997727789138832,ORF1b:0.9669881305637982,ORF3a:1,ORF6:1,ORF7a:1,ORF7b:1,ORF8:1,ORF9b:1,S:0.9544740973312402	false	C241T,C1150T,C2416T,C3037T,A6412G,G8371T,C9430T,C14408T,A15477T,C18115T,C18395T,A20351G,A20622T,G20623T,A20624T,A23403G,C23730T,G23868C,C25553T,G25563T,A26319G,G26550A,A28271T,C28603T,C28697T,C28854T,G28975A,G29044A,C29250T	21983-21991,26158-26181,29730-29759			M:V10I,N:P142S,N:S194L,N:M234I,N:P326L,ORF1a:Q2702H,ORF1b:P314L,ORF1b:H1550Y,ORF1b:A1643V,ORF1b:Q2295R,ORF1b:K2385N,ORF1b:D2386F,ORF3a:A54V,ORF3a:Q57H,S:D614G,S:T723I,S:G769A	ORF3a:V256-,ORF3a:N257-,ORF3a:P258-,ORF3a:V259-,ORF3a:M260-,ORF3a:E261-,ORF3a:P262-,ORF3a:I263-,S:L141-,S:G142-,S:V143-			A28271T|21K&21L&22B&22E&23A&24A&22C&22A&23F&23D&23B&22D&24E&22F&25C&rec&23C&24C&24F&23E&24B&23H&25B&25A&24G&23I&23G&24H&21G&24D&21M&25D&24I&25G&25E&25H&25I&25F,G28975A|21F	C1150T,A6412G,C18115T,A20351G,G23868C,C25553T,G26550A,C28603T,C28697T,C29250T	0	2	10	12			M:V10I,N:P142S,N:M234I,N:P326L,ORF1b:H1550Y,ORF1b:Q2295R,ORF3a:A54V,S:G769A	0	0	8	8	1-34,19293-19556,22034-22160,22162-22164,22167-22168,22170,22174,22176-22179,22181-22192,22198-22200,22202,22204-22205,22207,22211-22212,29858-29902	NODE_0000764	C1150T,C2416T,A6412G,G8371T,C9430T,A15477T,C18115T,C18395T,A20351G,A20622T,G20623T,A20624T,C23730T,G23868C,C25553T,G25563T,A26319G,G26550A,A28271T,C28603T,C28697T,C28854T,G28975A,G29044A,C29250T	21983-21991,26158-26181,29730-29759	M:V10I,N:P142S,N:S194L,N:M234I,N:P326L,ORF1a:Q2702H,ORF1b:H1550Y,ORF1b:A1643V,ORF1b:Q2295R,ORF1b:K2385N,ORF1b:D2386F,ORF3a:A54V,ORF3a:Q57H,S:T723I,S:G769A	ORF3a:V256-,ORF3a:N257-,ORF3a:P258-,ORF3a:V259-,ORF3a:M260-,ORF3a:E261-,ORF3a:P262-,ORF3a:I263-,S:L141-,S:G142-,S:V143-	B.1.389	C1150T,A6412G,C18115T,A20351G,G23868C,C25553T,G26550A,A28271T,C28603T,C28697T,G28975A,C29250T	21983-21991,26158-26181,29730-29759	M:V10I,N:P142S,N:M234I,N:P326L,ORF1b:H1550Y,ORF1b:Q2295R,ORF3a:A54V,S:G769A	ORF3a:V256-,ORF3a:N257-,ORF3a:P258-,ORF3a:V259-,ORF3a:M260-,ORF3a:E261-,ORF3a:P262-,ORF3a:I263-,S:L141-,S:G142-,S:V143-	N/A	N/A	N/A	N/A	N/A	N/A	N/A	N/A	N/A	N/A	ORF1a:207,ORF1b:1942-2030,S:158-210,S:212-215,S:217,N:217	Y:884,Y:5512,Y:6007,K:28922	3000	7.481481	good	502	10	40	mediocre	4	24	13	54.166667	mediocre	21		0	good	0		0		0	0	good		0	0	good	0				
886	OX976271.1 Severe acute respiratory syndrome coronavirus 2 genome assembly, complete genome: monopartite	21J	21J (Delta)	Delta	21J	B.1.617.2.5	AY.5	1.043018	good	33	7	0	0	356	1	27	2	0	92	89184	1	29902	0.9880279570611644	E:1,M:1,N:1,ORF1a:1,ORF1b:0.9669881305637982,ORF3a:1,ORF6:1,ORF7a:1,ORF7b:1,ORF8:1,ORF9b:1,S:0.9976452119309263	false	G210T,C241T,C3037T,G4181T,C6402T,C7124T,C8986T,G9053T,C10029T,A11201G,A11332G,C14408T,G15451A,C16466T,C19220T,C21618G,T22917G,C22995A,A23403G,C23604G,G24410A,G24928T,C25469T,T26767C,T27638C,C27752T,C27874T,A28461G,G28881T,G28916T,C29253T,G29402T,G29742T	28248-28253,28271			M:I82T,N:D63G,N:R203M,N:G215C,N:S327L,N:D377Y,ORF1a:A1306S,ORF1a:P2046L,ORF1a:P2287S,ORF1a:V2930L,ORF1a:T3255I,ORF1a:T3646A,ORF1b:P314L,ORF1b:G662S,ORF1b:P1000L,ORF1b:A1918V,ORF3a:S26L,ORF7a:V82A,ORF7a:T120I,ORF7b:T40I,ORF9b:T60A,S:T19R,S:L452R,S:T478K,S:D614G,S:P681R,S:D950N	ORF8:D119-,ORF8:F120-		A21987G			1	0	0	1	S:D142G			1	0	0	1	1-38,19291-19556,22029-22034,29857-29902	NODE_0000872	G9053T,A21987G,G24928T,C29253T		N:S327L,ORF1a:V2930L,S:D142G		NODE_0000890	A21987G,C29253T		N:S327L,S:D142G		N/A	N/A	N/A	N/A	N/A	N/A	N/A	N/A	N/A	N/A	ORF1b:1942-2030,S:156-158	Y:24748	3000	2.074074	good	356	10	10	good	1	24	-2	0	good	6		0	good	0		0		0	0	good		0	0	good	0				
893	OR240706.1 Severe acute respiratory syndrome coronavirus 2 isolate SARS-CoV-2/human/CHN/SH-P87-E-3-North-America-USA/2020, complete genome	20C	20C		20C	B.1	B.1	1	good	7	0	0	0	0	1	4	0	0	1	89039	101	29789	0.9928100859445541	E:1,M:1,N:1,ORF1a:0.9997727789138832,ORF1b:1,ORF3a:1,ORF6:1,ORF7a:1,ORF7b:1,ORF8:1,ORF9b:1,S:1	false	C241T,C1059T,C3037T,C14408T,A23403G,G25563T,C26882T				ORF1a:T265I,ORF1b:P314L,ORF3a:Q57H,S:D614G					C26882T	0	0	1	1				0	0	0	0		NODE_0000826	C26882T				NODE_0000764	C1059T,G25563T,C26882T		ORF1a:T265I,ORF3a:Q57H		N/A	N/A	N/A	N/A	N/A	N/A	N/A	N/A	N/A	N/A	ORF1a:1240	Y:3984	3000	0	good	0	10	10	good	1	24	-7	0	good	1		0	good	0		0		0	0	good		0	0	good	0				
892	OR240592.1 Severe acute respiratory syndrome coronavirus 2 isolate SARS-CoV-2/human/CHN/SH-P130-B-3-South-America-Colombia/2020, complete genome	20C	20C		20C	B.1	B.1	0	good	6	0	0	0	0	0	4	0	0	0	89043	101	29789	0.992843527405277	E:1,M:1,N:1,ORF1a:1,ORF1b:1,ORF3a:1,ORF6:1,ORF7a:1,ORF7b:1,ORF8:1,ORF9b:1,S:1	false	C241T,C1059T,C3037T,C14408T,A23403G,G25563T				ORF1a:T265I,ORF1b:P314L,ORF3a:Q57H,S:D614G						0	0	0	0				0	0	0	0		NODE_0000826					NODE_0000764	C1059T,G25563T		ORF1a:T265I,ORF3a:Q57H		N/A	N/A	N/A	N/A	N/A	N/A	N/A	N/A	N/A	N/A			3000	0	good	0	10	0	good	0	24	-8	0	good	0		0	good	0		0		0	0	good		0	0	good	0				
884	OX910261.1 Severe acute respiratory syndrome coronavirus 2 genome assembly, complete genome: monopartite	21K	21K (BA.1)	Omicron	21K	BA.1	BA.1	141.345679	bad	35	36	0	0	3510	0	28	15	0	1121	85910	1	29902	0.8825870314015316	E:0.19736842105263158,M:0.49327354260089684,N:0.6761904761904762,ORF1a:0.983640081799591,ORF1b:0.8902077151335311,ORF3a:1,ORF6:1,ORF7a:1,ORF7b:0.5227272727272727,ORF8:0.4180327868852459,ORF9b:1,S:0.7244897959183674	false	C241T,A2832G,C3037T,T5386G,G8393A,C10029T,C10449A,A11537G,G12014A,T13195C,C14408T,C15240T,A18163G,G20208T,C21762T,C21846T,G22578A,C23202A,A23403G,C23525T,T23599G,C23604A,C23854A,G23948T,C24130A,A24424T,T24469A,C24503T,C25000T,C25584T,C26270T,A27259C,C27807T,A28271T,C28311T	6513-6515,11285-11293,21765-21770,21987-21995,28362-28370			E:T9I,N:P13L,ORF1a:K856R,ORF1a:L2084I,ORF1a:A2710T,ORF1a:T3255I,ORF1a:P3395H,ORF1a:I3758V,ORF1a:V3917I,ORF1b:P314L,ORF1b:I1566V,ORF1b:Q2247H,ORF9b:P10S,S:A67V,S:T95I,S:Y145D,S:G339D,S:T547K,S:D614G,S:H655Y,S:N679K,S:P681H,S:N764K,S:D796Y,S:N856K,S:Q954H,S:N969K,S:L981F	N:E31-,N:R32-,N:S33-,ORF1a:S2083-,ORF1a:L3674-,ORF1a:S3675-,ORF1a:G3676-,ORF9b:E27-,ORF9b:N28-,ORF9b:A29-,S:H69-,S:V70-,S:G142-,S:V143-,S:Y144-				G12014A,G20208T	0	0	2	2			ORF1a:V3917I,ORF1b:Q2247H	0	0	2	2	1-54,6847-7058,14899-15193,19276-19570,19590,19912-20200,22014-22290,22627-23144,25053-25301,26291-26860,27826-28104,28757-29007,29357-29510,29837-29902	NODE_0000981	G12014A,G20208T		ORF1a:V3917I,ORF1b:Q2247H		NODE_0000981	G12014A,G20208T		ORF1a:V3917I,ORF1b:Q2247H		N/A	N/A	N/A	N/A	N/A	N/A	N/A	N/A	N/A	N/A	ORF1a:2194-2265,ORF1b:478-576,ORF1b:1937-2035,ORF1b:2041,ORF1b:2149-2245,S:151-243,S:355-528,S:1164-1247,E:16-76,M:1-113,ORF7b:24-44,ORF8:1-71,N:162-245,N:362-413		3000	118.888889	bad	3510	10	0	good	0	24	-6	0	good	2		0	good	0		0		0	0	good		0	0	good	0				
894	OR240710.1 Severe acute respiratory syndrome coronavirus 2 isolate SARS-CoV-2/human/CHN/SH-P89-B-3-Europe-France/2020, complete genome	19A	19A		19A	B.40	B.40	2.777778	good	7	0	0	0	0	0	5	0	0	0	89039	101	29789	0.992843527405277	E:1,M:1,N:1,ORF1a:1,ORF1b:1,ORF3a:1,ORF6:1,ORF7a:1,ORF7b:1,ORF8:1,ORF9b:1,S:1	false	C1063T,A2480G,C2558T,C14805T,C21711T,G24095T,G26144T				ORF1a:I739V,ORF1a:P765S,ORF3a:G251V,S:S50L,S:A845S			T11083G	C21711T|24A&24E&25C&24C&24F&24B&25B&25A&rec&24G&23I&24H&24D&25D&25G&24I&25E&25H&25F	C1063T,G24095T	1	1	2	4	ORF1a:F3606L		S:S50L,S:A845S	1	0	2	3		NODE_0000000	C1063T,A2480G,C2558T,C14805T,C21711T,G24095T,G26144T		ORF1a:I739V,ORF1a:P765S,ORF3a:G251V,S:S50L,S:A845S		B.40	C1063T,T11083G,C21711T,G24095T		ORF1a:F3606L,S:S50L,S:A845S		N/A	N/A	N/A	N/A	N/A	N/A	N/A	N/A	N/A	N/A			3000	0	good	0	10	0	good	0	24	4	16.666667	good	12		0	good	0		0		0	0	good		0	0	good	0				
879	OX684261.1 Severe acute respiratory syndrome coronavirus 2 genome assembly, complete genome: monopartite	20B	20B		20B	B.1.1.161	B.1.1.161	243.244458	bad	6	0	0	0	4511	0	3	0	0	1491	85174	1	29903	0.8491455706785273	E:1,M:1,N:1,ORF1a:0.8493524199045671,ORF1b:0.8405044510385756,ORF3a:0.6594202898550725,ORF6:1,ORF7a:0.319672131147541,ORF7b:0.5909090909090909,ORF8:1,ORF9b:1,S:0.8406593406593407	false	C241T,C3037T,G10097A,G28881A,G28882A,G28883C				N:R203K,N:G204R,ORF1a:G3278S				G10097A|20D&21G		0	1	0	1			ORF1a:G3278S	0	0	1	1	1-54,3827-4077,4996-5287,5621-5894,6248-6495,8636-8913,9246-9502,10521,10738-11022,13379-13946,14408,14805,15235-15236,15244-15247,15267,15272-15273,15276,15279,15285,15290-15291,15293,15298,15300,15304-15305,15313,15318-15320,15324,15333,15335-15337,15353,15361,15372-15374,15376-15379,15382-15384,15392-15393,15395-15397,15400,15406,15412-15413,15420,15422-15423,15425-15426,15431-15432,15447,15469,15471-15475,15477,15480-15482,15484,15486-15487,15490,15493-15498,15503,16187-16444,16805-17087,21428-21682,22325-22542,22878-23144,25647-25924,27512-27808,29837-29903	NODE_0000922	G10097A,G23403A		ORF1a:G3278S,S:G614D		B.1.1.161	G10097A		ORF1a:G3278S		N/A	N/A	N/A	N/A	N/A	N/A	N/A	N/A	N/A	N/A	ORF1a:1188-1271,ORF1a:1577-1674,ORF1a:1786-1877,ORF1a:1995-2077,ORF1a:2791-2883,ORF1a:2994-3079,ORF1a:3419,ORF1a:3491-3586,ORF1a:4372-4401,ORF1b:1-160,ORF1b:314,ORF1b:446,ORF1b:590,ORF1b:593-594,ORF1b:602,ORF1b:604,ORF1b:606,ORF1b:608-609,ORF1b:611,ORF1b:613,ORF1b:616-619,ORF1b:622-624,ORF1b:629,ORF1b:632,ORF1b:636-639,ORF1b:642-645,ORF1b:647,ORF1b:649,ORF1b:652-653,ORF1b:655,ORF1b:660,ORF1b:668-670,ORF1b:672-677,ORF1b:679,ORF1b:907-993,ORF1b:1113-1207,ORF1b:2654-2696,S:1-40,S:255-327,S:439-528,ORF3a:85-178,ORF7a:40-122,ORF7b:1-18		3000	155.962963	bad	4511	10	0	good	0	24	-4	0	good	4		0	good	0		0		0	0	good		0	0	good	0				
897	OR278578.1 Severe acute respiratory syndrome coronavirus 2 isolate SARS-CoV-2/human/FRA/IHUCOVID-032670/2020, complete genome	20C	20C		20C	B.1	B.1	0	good	5	0	0	0	70	0	3	0	0	25	89016	101	29802	0.9909373641440659	E:1,M:1,N:1,ORF1a:0.9997727789138832,ORF1b:0.9974035608308606,ORF3a:1,ORF6:1,ORF7a:1,ORF7b:1,ORF8:1,ORF9b:1,S:0.9866562009419152	false	C241T,C3037T,C14408T,A23403G,G25563T				ORF1b:P314L,ORF3a:Q57H,S:D614G			T1059C			1	0	0	1	ORF1a:I265T			1	0	0	1	5258-5259,13670-13689,22878-22903,23123-23144	NODE_0000826	T1059C		ORF1a:I265T		NODE_0000764	G25563T		ORF3a:Q57H		N/A	N/A	N/A	N/A	N/A	N/A	N/A	N/A	N/A	N/A	ORF1a:1665,ORF1b:68-74,S:439-447,S:521-528		3000	0	good	70	10	0	good	0	24	-2	0	good	6		0	good	0		0		0	0	good		0	0	good	0				
882	OX844337.1 Severe acute respiratory syndrome coronavirus 2 genome assembly, complete genome: monopartite	21K	21K (BA.1)	Omicron	21K	BA.1.1.18	BA.1.1.18	35.160508	mediocre	45	36	0	0	1901	0	36	15	0	632	87146	46	29836	0.9326823395645922	E:1,M:1,N:1,ORF1a:0.9418314019541013,ORF1b:0.9695845697329377,ORF3a:1,ORF6:1,ORF7a:0.4262295081967213,ORF7b:0.5681818181818182,ORF8:0.9672131147540983,ORF9b:1,S:0.8422291993720565	false	C2470T,A2832G,C3037T,T5386G,C7926T,G8393A,C10029T,C10449A,A11537G,T13195C,C14408T,C15240T,A18163G,C21762T,C21846T,G22578A,G22599A,T22673C,C22674T,T22679C,C22686T,C23202A,A23403G,C23525T,T23599G,C23604A,C23854A,G23948T,C24130A,A24424T,T24469A,C24503T,C25000T,C25584T,C26270T,A26530G,C26577G,G26709A,A27259C,C27807T,A28271T,C28311T,G28881A,G28882A,G28883C	6513-6515,11285-11293,21765-21770,21987-21995,28362-28370			E:T9I,M:D3G,M:Q19E,M:A63T,N:P13L,N:R203K,N:G204R,ORF1a:K856R,ORF1a:L2084I,ORF1a:A2554V,ORF1a:A2710T,ORF1a:T3255I,ORF1a:P3395H,ORF1a:I3758V,ORF1b:P314L,ORF1b:I1566V,ORF9b:P10S,S:A67V,S:T95I,S:Y145D,S:G339D,S:R346K,S:S371L,S:S373P,S:S375F,S:T547K,S:D614G,S:H655Y,S:N679K,S:P681H,S:N764K,S:D796Y,S:N856K,S:Q954H,S:N969K,S:L981F	N:E31-,N:R32-,N:S33-,ORF1a:S2083-,ORF1a:L3674-,ORF1a:S3675-,ORF1a:G3676-,ORF9b:E27-,ORF9b:N28-,ORF9b:A29-,S:H69-,S:V70-,S:G142-,S:V143-,S:Y144-					0	0	0	0				0	0	0	0	101-113,168-172,225-229,236,239-293,7121-7305,8639-8893,9272-9280,9288-9312,9319-9479,9483-9485,13380-13611,16215-16216,16224-16239,16291-16307,16314-16319,16353-16392,16410-16419,22039-22137,22144-22290,22475-22476,22627-22651,22660,22753-22814,22874-23131,23133,27538-27675,27686-27754,27761-27762,27764,27767-27777,27831-27833,27841-27848,27850-27851,27855-27874,27877,27979-27983,28043-28048	NODE_0000981	C2470T,C7926T,G22599A		ORF1a:A2554V,S:R346K		BA.1.1.18					N/A	N/A	N/A	N/A	N/A	N/A	N/A	N/A	N/A	N/A	ORF1a:1-10,ORF1a:2286-2347,ORF1a:2792-2876,ORF1a:3003-3005,ORF1a:3008-3016,ORF1a:3018-3074,ORF1a:4372-4401,ORF1b:1-48,ORF1b:916-917,ORF1b:919-924,ORF1b:942-947,ORF1b:949-951,ORF1b:962-975,ORF1b:982-984,S:160-192,S:194-243,S:305,S:355-363,S:398-418,S:438-524,ORF7a:49-94,ORF7a:98-121,ORF7b:2-3,ORF7b:5-8,ORF7b:26,ORF7b:29-32,ORF7b:34-41,ORF8:29-30,ORF8:51-52		3000	59.296296	mediocre	1901	10	0	good	0	24	-8	0	good	0		0	good	0		0		0	0	good		0	0	good	0				
895	OR276642.1 Severe acute respiratory syndrome coronavirus 2 isolate SARS-CoV-2/human/FRA/IHUCOVID-031866/2020, complete genome	20A	20A		20A	B.1	B.1	0	good	8	0	0	0	208	0	5	0	0	75	88866	101	29802	0.9863224425642912	E:1,M:1,N:1,ORF1a:0.9997727789138832,ORF1b:0.9792284866468842,ORF3a:1,ORF6:1,ORF7a:1,ORF7b:1,ORF8:1,ORF9b:1,S:0.9858712715855573	false	C241T,C2416T,C3037T,G8371T,G11083T,C14408T,A23403G,G25563T				ORF1a:Q2702H,ORF1a:L3606F,ORF1b:P314L,ORF3a:Q57H,S:D614G					G8371T,G11083T	0	0	2	2			ORF1a:Q2702H,ORF1a:L3606F	0	0	2	2	5258-5259,13670-13689,19276-19297,19506-19513,19518-19570,21147-21169,21358-21386,22325-22347,22420-22421,22517-22542	NODE_0000764	C2416T,G8371T,G11083T,G25563T		ORF1a:Q2702H,ORF1a:L3606F,ORF3a:Q57H		NODE_0000764	C2416T,G8371T,G11083T,G25563T		ORF1a:Q2702H,ORF1a:L3606F,ORF3a:Q57H		N/A	N/A	N/A	N/A	N/A	N/A	N/A	N/A	N/A	N/A	ORF1a:1665,ORF1b:68-74,ORF1b:1937-1944,ORF1b:2013-2035,ORF1b:2561-2568,ORF1b:2631-2640,S:255-262,S:287,S:319-327		3000	0	good	208	10	0	good	0	24	-6	0	good	2		0	good	0		0		0	0	good		0	0	good	0				
896	OR277420.1 Severe acute respiratory syndrome coronavirus 2 isolate SARS-CoV-2/human/FRA/IHUCOVID-032781/2020, complete genome	20B	20B		20B	B.1.1	B.1.1	0	good	10	0	0	0	77	0	5	0	0	28	88989	101	29802	0.9907032739190048	E:1,M:1,N:1,ORF1a:0.9990911156555329,ORF1b:0.9974035608308606,ORF3a:1,ORF6:1,ORF7a:1,ORF7b:1,ORF8:1,ORF9b:1,S:0.9866562009419152	false	C241T,C3037T,T8332C,C14408T,C14724T,A20276G,A23403G,G28881A,G28882A,G28883C				N:R203K,N:G204R,ORF1b:P314L,ORF1b:D2270G,S:D614G					T8332C,C14724T,A20276G	0	0	3	3			ORF1b:D2270G	0	0	1	1	5258-5259,13379-13385,13670-13689,22878-22903,23123-23144	NODE_0000922	T8332C,C14724T,A20276G		ORF1b:D2270G		NODE_0000922	T8332C,C14724T,A20276G		ORF1b:D2270G		N/A	N/A	N/A	N/A	N/A	N/A	N/A	N/A	N/A	N/A	ORF1a:1665,ORF1a:4372-4374,ORF1b:68-74,S:439-447,S:521-528		3000	0	good	77	10	0	good	0	24	-5	0	good	3		0	good	0		0		0	0	good		0	0	good	0				
898	OR306141.1 Severe acute respiratory syndrome coronavirus 2 isolate SARS-CoV-2/human/USA/Mayo1801/2020, complete genome	20C	20C		20C	B.1	B.1	0	good	11	0	0	0	0	0	7	0	0	0	89407	37	29853	0.9971240343778216	E:1,M:1,N:1,ORF1a:1,ORF1b:1,ORF3a:1,ORF6:1,ORF7a:1,ORF7b:1,ORF8:1,ORF9b:1,S:1	false	C241T,C1059T,G1463A,C3037T,G7557A,C8818T,C14408T,A20284G,C22477T,A23403G,G25563T				ORF1a:T265I,ORF1a:G400S,ORF1a:R2431K,ORF1b:P314L,ORF1b:I2273V,ORF3a:Q57H,S:D614G				C8818T|25C&24H&25E	G1463A,G7557A,A20284G,C22477T	0	1	4	5			ORF1a:G400S,ORF1a:R2431K,ORF1b:I2273V	0	0	3	3		NODE_0000826	G1463A,G7557A,C8818T,A20284G,C22477T		ORF1a:G400S,ORF1a:R2431K,ORF1b:I2273V		NODE_0000764	C1059T,G1463A,G7557A,C8818T,A20284G,C22477T,G25563T		ORF1a:T265I,ORF1a:G400S,ORF1a:R2431K,ORF1b:I2273V,ORF3a:Q57H		N/A	N/A	N/A	N/A	N/A	N/A	N/A	N/A	N/A	N/A			3000	0	good	0	10	0	good	0	24	0	0	good	8		0	good	0		0		0	0	good		0	0	good	0				
904	OR864130.1 Severe acute respiratory syndrome coronavirus 2 isolate SARS-CoV-2/human/SWE/18484906/2020, complete genome	20C	20C		20C	B.1	B.1	0	good	7	0	0	0	140	0	5	0	0	48	89319	24	29852	0.992843527405277	E:1,M:1,N:1,ORF1a:1,ORF1b:0.9922106824925816,ORF3a:1,ORF6:1,ORF7a:1,ORF7b:1,ORF8:1,ORF9b:1,S:0.978806907378336	false	C241T,C1059T,C3037T,C14408T,A23403G,G24368T,G25563T				ORF1a:T265I,ORF1b:P314L,ORF3a:Q57H,S:D614G,S:D936Y					G24368T	0	0	1	1			S:D936Y	0	0	1	1	14779-14840,21588-21631,21639-21672	NODE_0000826	G24368T		S:D936Y		NODE_0000764	C1059T,G24368T,G25563T		ORF1a:T265I,ORF3a:Q57H,S:D936Y		N/A	N/A	N/A	N/A	N/A	N/A	N/A	N/A	N/A	N/A	ORF1b:438-458,S:9-23,S:26-37		3000	0	good	140	10	0	good	0	24	-7	0	good	1		0	good	0		0		0	0	good		0	0	good	0				
903	OR864109.1 Severe acute respiratory syndrome coronavirus 2 isolate SARS-CoV-2/human/SWE/18480117/2020, complete genome	20C	20C		20C	B.1	B.1	0	good	10	0	0	0	0	0	6	0	0	0	89447	24	29852	0.9975253319064977	E:1,M:1,N:1,ORF1a:1,ORF1b:1,ORF3a:1,ORF6:1,ORF7a:1,ORF7b:1,ORF8:1,ORF9b:1,S:1	false	C241T,C1059T,C3037T,C10432T,C14408T,A23403G,G24193A,G24368T,G25563T,G28916T				N:G215C,ORF1a:T265I,ORF1b:P314L,ORF3a:Q57H,S:D614G,S:D936Y				G28916T|21J	C10432T,G24193A,G24368T	0	1	3	4			N:G215C,S:D936Y	0	0	2	2		NODE_0000826	C10432T,G24193A,G24368T,G28916T		N:G215C,S:D936Y		NODE_0000764	C1059T,C10432T,G24193A,G24368T,G25563T,G28916T		N:G215C,ORF1a:T265I,ORF3a:Q57H,S:D936Y		N/A	N/A	N/A	N/A	N/A	N/A	N/A	N/A	N/A	N/A			3000	0	good	0	10	0	good	0	24	-1	0	good	7		0	good	0		0		0	0	good		0	0	good	0				
905	OR864152.1 Severe acute respiratory syndrome coronavirus 2 isolate SARS-CoV-2/human/SWE/18489869/2020, complete genome	20C	20C		20C	B.1	B.1	0	good	9	0	0	0	0	0	6	0	0	0	89451	24	29852	0.9975253319064977	E:1,M:1,N:1,ORF1a:1,ORF1b:1,ORF3a:1,ORF6:1,ORF7a:1,ORF7b:1,ORF8:1,ORF9b:1,S:1	false	C241T,C1059T,C3037T,C14408T,A23403G,C23613T,G24368T,G25563T,C29831T				ORF1a:T265I,ORF1b:P314L,ORF3a:Q57H,S:D614G,S:A684V,S:D936Y					C23613T,G24368T,C29831T	0	0	3	3			S:A684V,S:D936Y	0	0	2	2		NODE_0000826	C23613T,G24368T,C29831T		S:A684V,S:D936Y		NODE_0000764	C1059T,C23613T,G24368T,G25563T,C29831T		ORF1a:T265I,ORF3a:Q57H,S:A684V,S:D936Y		N/A	N/A	N/A	N/A	N/A	N/A	N/A	N/A	N/A	N/A			3000	0	good	0	10	0	good	0	24	-5	0	good	3		0	good	0		0		0	0	good		0	0	good	0				
902	OR729885.1 Severe acute respiratory syndrome coronavirus 2 isolate SARS-CoV-2/human/BGD/B_2004226_211.fasta/2020, complete genome	20A	20A		20A	B.1.36.16	B.1.36.16	0	good	13	0	0	0	2	0	7	0	0	2	89361	24	29828	0.9966558539276995	E:1,M:1,N:1,ORF1a:0.9997727789138832,ORF1b:0.9996290801186943,ORF3a:1,ORF6:1,ORF7a:1,ORF7b:1,ORF8:1,ORF9b:1,S:1	false	C241T,C1593T,C2940T,C3040T,A11991G,C14408T,C18877T,C22444T,A23403G,G25494T,G25563T,C26735T,C28854T				N:S194L,ORF1a:S443F,ORF1a:P892L,ORF1a:E3909G,ORF1b:P314L,ORF3a:Q57H,S:D614G					C1593T,C2940T,C3040T,A11991G	0	0	4	4			ORF1a:S443F,ORF1a:P892L,ORF1a:E3909G	0	0	3	3	3037,19984	NODE_0000764	C1593T,C2940T,C3040T,A11991G,C18877T,C22444T,G25494T,G25563T,C26735T,C28854T		N:S194L,ORF1a:S443F,ORF1a:P892L,ORF1a:E3909G,ORF3a:Q57H		B.1.36.16	C1593T,C2940T,C3040T,A11991G		ORF1a:S443F,ORF1a:P892L,ORF1a:E3909G		N/A	N/A	N/A	N/A	N/A	N/A	N/A	N/A	N/A	N/A	ORF1a:924,ORF1b:2173		3000	0	good	2	10	0	good	0	24	-4	0	good	4		0	good	0		0		0	0	good		0	0	good	0				
900	OY362735.1 Severe acute respiratory syndrome coronavirus 2 genome assembly, complete genome: monopartite	20B	20B		20B	B.1.1.369	B.1.1.369	0.054444	good	11	0	0	0	363	0	6	0	0	82	89302	1	29903	0.9878607497575495	E:1,M:1,N:1,ORF1a:0.9818223131106567,ORF1b:0.9996290801186943,ORF3a:1,ORF6:1,ORF7a:1,ORF7b:1,ORF8:1,ORF9b:1,S:0.9992150706436421	false	C241T,C1684T,C3037T,G10097A,C14408T,A23403G,C23731T,G28580T,G28881A,G28882A,G28883C				N:D103Y,N:R203K,N:G204R,ORF1a:G3278S,ORF1b:P314L,S:D614G					C1684T	0	0	1	1				0	0	0	0	1-54,10147-10384,16255-16256,24981-24982,29837-29903	NODE_0000922	C1684T,G10097A,C23731T,G28580T		N:D103Y,ORF1a:G3278S		B.1.1.369	C1684T				N/A	N/A	N/A	N/A	N/A	N/A	N/A	N/A	N/A	N/A	ORF1a:3294-3373,ORF1b:930,S:1140		3000	2.333333	good	363	10	0	good	0	24	-7	0	good	1		0	good	0		0		0	0	good		0	0	good	0				
909	OR940569.1 Severe acute respiratory syndrome coronavirus 2 isolate SARS-CoV-2/human/SWE/14_SE300_DE20-005537/2020, complete genome	20A	20A		20A	B.1.91	B.1.91	1	good	6	0	0	0	0	1	4	0	0	1	89370	39	29836	0.9964552051633615	E:1,M:1,N:1,ORF1a:1,ORF1b:1,ORF3a:1,ORF6:1,ORF7a:1,ORF7b:1,ORF8:1,ORF9b:1,S:0.9992150706436421	false	C241T,C3037T,C14408T,C21575T,A23403G,G24077T				ORF1b:P314L,S:L5F,S:D614G,S:D839Y				C21575T|21F		0	1	0	1			S:L5F	0	0	1	1		NODE_0000764	C21575T,G24077T		S:L5F,S:D839Y		B.1.91	C21575T		S:L5F		N/A	N/A	N/A	N/A	N/A	N/A	N/A	N/A	N/A	N/A	S:859	Y:24138	3000	0	good	0	10	10	good	1	24	-4	0	good	4		0	good	0		0		0	0	good		0	0	good	0				
901	OY599334.1 Severe acute respiratory syndrome coronavirus 2 genome assembly, complete genome: monopartite	20I	20I (Alpha)	Alpha	20I	B.1.1.7	B.1.1.7	40.472596	mediocre	36	19	0	0	2014	0	20	6	0	637	87466	1	29903	0.9326488981038692	E:1,M:1,N:1,ORF1a:0.9572824358100431,ORF1b:0.93026706231454,ORF3a:0.6956521739130435,ORF6:1,ORF7a:0.319672131147541,ORF7b:0.5909090909090909,ORF8:1,ORF9b:1,S:0.9403453689167975	false	C241T,C913T,C3037T,C3267T,C5388A,C5986T,T6954C,C8123T,C11747T,C14408T,C14676T,T15096C,C15279T,T15939C,T16176C,G17721T,A23063T,C23271A,A23403G,C23604A,C23709T,T24506G,G24914C,C25276T,C27972T,G28048T,A28095T,A28111G,G28280C,A28281T,T28282A,G28881A,G28882A,G28883C,C28977T,T29251C	11288-11296,21765-21770,21992-21994,28271			N:D3L,N:R203K,N:G204R,N:S235F,ORF1a:T1001I,ORF1a:A1708D,ORF1a:I2230T,ORF1a:L2620F,ORF1b:P314L,ORF8:Q27*,ORF8:R52I,ORF8:K68*,ORF8:Y73C,S:N501Y,S:A570D,S:D614G,S:P681H,S:T716I,S:S982A,S:D1118H	ORF1a:S3675-,ORF1a:G3676-,ORF1a:F3677-,S:H69-,S:V70-,S:Y144-			T15939C|23A&23F&23D&23B&22F&23E&23H&25B&23G&24D	C8123T,C11747T,G17721T,C25276T,T29251C	0	1	5	6			ORF1a:L2620F	0	0	1	1	1-54,2569-2850,8636-8913,19912-20200,20543-20813,21675-21682,22325-22542,25970-26219,27512-27808,29837-29903	NODE_0000950	C8123T,C11747T,T15096C,T15939C,G17721T,C25276T,A28095T,T29251C		ORF1a:L2620F,ORF8:K68*		NODE_0000950	C8123T,C11747T,T15096C,T15939C,G17721T,C25276T,A28095T,T29251C		ORF1a:L2620F,ORF8:K68*		N/A	N/A	N/A	N/A	N/A	N/A	N/A	N/A	N/A	N/A	ORF1a:768-862,ORF1a:2791-2883,ORF1b:2149-2245,ORF1b:2359-2449,S:38-40,S:255-327,ORF3a:193-276,ORF7a:40-122,ORF7b:1-18		3000	63.481481	mediocre	2014	10	0	good	0	24	1	4.166667	good	9		0	good	0		0		0	0	good		0	0	good	0				
910	OR940592.1 Severe acute respiratory syndrome coronavirus 2 isolate SARS-CoV-2/human/SWE/14_SE300_DE20-005786/2020, complete genome	20C	20C		20C	B.1	B.1	0	good	6	0	0	0	0	0	4	0	0	0	89370	39	29836	0.9964886466240845	E:1,M:1,N:1,ORF1a:1,ORF1b:1,ORF3a:1,ORF6:1,ORF7a:1,ORF7b:1,ORF8:1,ORF9b:1,S:1	false	C241T,C1059T,C3037T,C14408T,A23403G,G25563T				ORF1a:T265I,ORF1b:P314L,ORF3a:Q57H,S:D614G						0	0	0	0				0	0	0	0		NODE_0000826					NODE_0000764	C1059T,G25563T		ORF1a:T265I,ORF3a:Q57H		N/A	N/A	N/A	N/A	N/A	N/A	N/A	N/A	N/A	N/A			3000	0	good	0	10	0	good	0	24	-8	0	good	0		0	good	0		0		0	0	good		0	0	good	0				
906	OY869214.1 Severe acute respiratory syndrome coronavirus 2 genome assembly, complete genome: monopartite	21J	21J (Delta)	Delta	21J	B.1.617.2	B.1.617.2	1.640401	good	38	7	0	0	627	0	28	2	0	171	88896	1	29903	0.9790322041266762	E:1,M:1,N:1,ORF1a:0.9997727789138832,ORF1b:0.9617952522255193,ORF3a:1,ORF6:1,ORF7a:1,ORF7b:1,ORF8:1,ORF9b:1,S:0.9474097331240189	false	G210T,C241T,C3037T,G4181T,C6402T,C7124T,C8986T,G9053T,G9190T,C10029T,A11201G,A11332G,A11595G,C14408T,G15451A,C16466T,C19220T,C19884T,T20850C,C21618G,C21846T,T22917G,C22995A,A23403G,C23604G,T24079C,G24410A,C25469T,T26767C,C27549T,T27638C,C27752T,C27874T,A28461G,G28881T,G28916T,G29402T,G29742T	28248-28253,28271			M:I82T,N:D63G,N:R203M,N:G215C,N:D377Y,ORF1a:A1306S,ORF1a:P2046L,ORF1a:P2287S,ORF1a:V2930L,ORF1a:T3255I,ORF1a:T3646A,ORF1a:Q3777R,ORF1b:P314L,ORF1b:G662S,ORF1b:P1000L,ORF1b:A1918V,ORF3a:S26L,ORF7a:V82A,ORF7a:T120I,ORF7b:T40I,ORF9b:T60A,S:T19R,S:T95I,S:L452R,S:T478K,S:D614G,S:P681R,S:D950N	ORF8:D119-,ORF8:F120-			C19884T|23E	G9190T,A11595G,T20850C,T24079C,C27549T	0	1	5	6			ORF1a:Q3777R	0	0	1	1	1-54,8649,19276-19570,21376-21386,21717-21790,21939-22063,29837-29903	NODE_0000872	G9053T,G9190T,A11595G,C19884T,T20850C,C21846T,T24079C,C27549T		ORF1a:V2930L,ORF1a:Q3777R,S:T95I		NODE_0000849	G4181T,C6402T,C7124T,C8986T,G9053T,G9190T,C10029T,A11201G,A11332G,A11595G,G15451A,C16466T,C19220T,C19884T,T20850C,C21846T,T24079C,C27549T,C27874T,G28916T	28248-28253	N:G215C,ORF1a:A1306S,ORF1a:P2046L,ORF1a:P2287S,ORF1a:V2930L,ORF1a:T3255I,ORF1a:T3646A,ORF1a:Q3777R,ORF1b:G662S,ORF1b:P1000L,ORF1b:A1918V,ORF7b:T40I,S:T95I	ORF8:D119-,ORF8:F120-	N/A	N/A	N/A	N/A	N/A	N/A	N/A	N/A	N/A	N/A	ORF1a:2795,ORF1b:1937-2035,ORF1b:2637-2640,S:52-76,S:126-167		3000	12.111111	good	627	10	0	good	0	24	1	4.166667	good	9		0	good	0		0		0	0	good		0	0	good	0				
914	OY751529.1 Severe acute respiratory syndrome coronavirus 2 isolate Madrid-Pt150 genome assembly, complete genome: monopartite	20A	20A		20A	B.1	B.1	0	good	5	0	0	0	0	0	2	0	0	0	89392	34	29837	0.9966892953884225	E:1,M:1,N:1,ORF1a:1,ORF1b:1,ORF3a:1,ORF6:1,ORF7a:1,ORF7b:1,ORF8:1,ORF9b:1,S:1	false	C241T,C3037T,C14408T,A20268G,A23403G				ORF1b:P314L,S:D614G						0	0	0	0				0	0	0	0		NODE_0000764	A20268G				NODE_0000764	A20268G				N/A	N/A	N/A	N/A	N/A	N/A	N/A	N/A	N/A	N/A			3000	0	good	0	10	0	good	0	24	-8	0	good	0		0	good	0		0		0	0	good		0	0	good	0				
913	PP258548.1 Severe acute respiratory syndrome coronavirus 2 isolate SARS-CoV-2/human/ITA/FRI-USAFSAM-RS005/2020, complete genome	19A	19A		19A	B	B	0	good	5	0	0	0	0	0	4	0	0	0	89212	39	29782	0.9946828077450423	E:1,M:1,N:1,ORF1a:1,ORF1b:1,ORF3a:1,ORF6:1,ORF7a:1,ORF7b:1,ORF8:1,ORF9b:1,S:1	false	G11083T,C14805T,T16820C,G26144T,G28842T				N:S190I,ORF1a:L3606F,ORF1b:I1118T,ORF3a:G251V					T16820C,G28842T	0	0	2	2			N:S190I,ORF1b:I1118T	0	0	2	2		NODE_0000000	G11083T,C14805T,T16820C,G26144T,G28842T		N:S190I,ORF1a:L3606F,ORF1b:I1118T,ORF3a:G251V		NODE_0000000	G11083T,C14805T,T16820C,G26144T,G28842T		N:S190I,ORF1a:L3606F,ORF1b:I1118T,ORF3a:G251V		N/A	N/A	N/A	N/A	N/A	N/A	N/A	N/A	N/A	N/A			3000	0	good	0	10	0	good	0	24	-6	0	good	2		0	good	0		0		0	0	good		0	0	good	0				
911	OR940639.1 Severe acute respiratory syndrome coronavirus 2 isolate SARS-CoV-2/human/SWE/14_SE300_DE20-007811/2020, complete genome	20C	20C		20C	B.1	B.1	0	good	10	0	0	0	0	0	6	0	0	0	89459	24	29856	0.9976590977493897	E:1,M:1,N:1,ORF1a:1,ORF1b:1,ORF3a:1,ORF6:1,ORF7a:1,ORF7b:1,ORF8:1,ORF9b:1,S:1	false	T25C,C241T,C1059T,C3037T,C7869T,T10288A,C14408T,A23403G,G24368T,G25563T				ORF1a:T265I,ORF1a:S2535L,ORF1b:P314L,ORF3a:Q57H,S:D614G,S:D936Y				C7869T|25C&24H&25E	T25C,T10288A,G24368T	0	1	3	4			ORF1a:S2535L,S:D936Y	0	0	2	2		NODE_0000826	T25C,C7869T,T10288A,G24368T		ORF1a:S2535L,S:D936Y		NODE_0000764	T25C,C1059T,C7869T,T10288A,G24368T,G25563T		ORF1a:T265I,ORF1a:S2535L,ORF3a:Q57H,S:D936Y		N/A	N/A	N/A	N/A	N/A	N/A	N/A	N/A	N/A	N/A			3000	0	good	0	10	0	good	0	24	-1	0	good	7		0	good	0		0		0	0	good		0	0	good	0				
907	OY877469.1 Severe acute respiratory syndrome coronavirus 2 genome assembly, complete genome: monopartite	20I	20I (Alpha)	Alpha	20I	B.1.1.7	B.1.1.7	0.898615	good	31	18	0	0	422	0	20	6	0	121	89087	1	29903	0.9858877035748922	E:1,M:1,N:1,ORF1a:1,ORF1b:0.9996290801186943,ORF3a:0.9565217391304348,ORF6:1,ORF7a:0.8524590163934426,ORF7b:1,ORF8:1,ORF9b:1,S:0.9293563579277865	false	C241T,C913T,C3037T,C3267T,C5388A,C5986T,T6954C,G13379A,C14408T,C14676T,C15279T,T16176C,C21575T,C22208T,C23271A,A23403G,C23604A,C23709T,T24506G,G24914C,C27972T,G28048T,A28111G,G28280C,A28281T,T28282A,G28881A,G28882A,G28883C,C28977T,C29870A	11288-11296,21765-21770,21992-21994			N:D3L,N:R203K,N:G204R,N:S235F,ORF1a:T1001I,ORF1a:A1708D,ORF1a:I2230T,ORF1a:V4372I,ORF1b:P314L,ORF8:Q27*,ORF8:R52I,ORF8:Y73C,S:L5F,S:L216F,S:A570D,S:D614G,S:P681H,S:T716I,S:S982A,S:D1118H	ORF1a:S3675-,ORF1a:G3676-,ORF1a:F3677-,S:H69-,S:V70-,S:Y144-			C21575T|21F,C22208T|24A&24E&25C&24C&24F&24B&25B&25A&rec&24G&23I&24H&24D&25D&25G&24I&25E&25H&25F	G13379A,C29870A	0	2	2	4			ORF1a:V4372I,S:L5F,S:L216F	0	0	3	3	1-38,16092,22878-23144,25970-26003,27512-27528,27636-27640,27650-27659,27661-27666,27677-27687,28271,29837-29868	NODE_0000950	G13379A,C21575T,C22208T,C29870A		ORF1a:V4372I,S:L5F,S:L216F		NODE_0000950	G13379A,C21575T,C22208T,C29870A		ORF1a:V4372I,S:L5F,S:L216F		N/A	N/A	N/A	N/A	N/A	N/A	N/A	N/A	N/A	N/A	ORF1b:875,S:439-528,ORF3a:193-204,ORF7a:40-45,ORF7a:82-83,ORF7a:86-91,ORF7a:95-98		3000	4.518519	good	422	10	0	good	0	24	2	8.333333	good	10		0	good	0		0		0	0	good		0	0	good	0				
899	OY341032.1 Severe acute respiratory syndrome coronavirus 2 genome assembly, complete genome: monopartite	21J	21J (Delta)	Delta	21J	B.1.617.2.4	AY.4	1438.094938	bad	22	7	0	0	10539	0	18	2	0	3385	79048	1	29903	0.6475604454402568	E:1,M:0.5919282511210763,N:0.38333333333333336,ORF1a:0.7048398091342877,ORF1b:0.7218100890207715,ORF3a:0.30434782608695654,ORF6:1,ORF7a:0.319672131147541,ORF7b:0.5909090909090909,ORF8:1,ORF9b:1,S:0.45604395604395603	false	G210T,C241T,C3037T,G4181T,C6402T,C8986T,G9053T,C10029T,A11201G,A11332G,C14408T,G15451A,C16466T,G19009A,C19220T,A23403G,C23604G,G24095T,C25469T,T26767C,C27874T,A28461G	28248-28253,28271			M:I82T,N:D63G,ORF1a:A1306S,ORF1a:P2046L,ORF1a:V2930L,ORF1a:T3255I,ORF1a:T3646A,ORF1b:P314L,ORF1b:G662S,ORF1b:P1000L,ORF1b:D1848N,ORF1b:A1918V,ORF3a:S26L,ORF7b:T40I,ORF9b:T60A,S:D614G,S:P681R,S:A845S	ORF8:D119-,ORF8:F120-				G19009A,G24095T	0	0	2	2			ORF1b:D1848N,S:A845S	0	0	2	2	1-54,1001,1313-1595,1943-2205,2569-2850,3508-4077,4996-5287,6847-7332,7672-7968,8636-8913,9246-9806,12235-12439,12780-13029,13364-13625,16187-16444,16805-17087,17739-17993,19276-19570,19912-20496,21147-22542,22878-23144,24146-24721,25053-25301,25647-26219,26891-27164,27512-27808,28757-29903	NODE_0000872	G9053T,G19009A,G24095T		ORF1a:V2930L,ORF1b:D1848N,S:A845S		NODE_0000919	G19009A,G24095T		ORF1b:D1848N,S:A845S		N/A	N/A	N/A	N/A	N/A	N/A	N/A	N/A	N/A	N/A	ORF1a:246,ORF1a:350-444,ORF1a:560-647,ORF1a:768-862,ORF1a:1081-1271,ORF1a:1577-1674,ORF1a:2194-2356,ORF1a:2470-2568,ORF1a:2791-2883,ORF1a:2994-3181,ORF1a:3990-4058,ORF1a:4172-4255,ORF1a:4367-4401,ORF1b:1-53,ORF1b:907-993,ORF1b:1113-1207,ORF1b:1425-1509,ORF1b:1937-2035,ORF1b:2149-2343,ORF1b:2561-2696,S:1-327,S:439-528,S:862-1053,S:1164-1247,ORF3a:85-276,M:124-214,ORF7a:40-122,ORF7b:1-18,N:162-420		3000	379.222222	bad	10539	10	0	good	0	24	-6	0	good	2		0	good	0		0		0	0	good		0	0	good	0				
916	PP518880.1 Severe acute respiratory syndrome coronavirus 2 isolate SARS-CoV-2/human/ZAF/NHLS-UCT-GS-0087/2020, complete genome	20A	20A		20A	B.1	B.1	0	good	5	0	0	0	0	0	2	0	0	0	89440	38	29857	0.9972243587599906	E:1,M:1,N:1,ORF1a:1,ORF1b:1,ORF3a:1,ORF6:1,ORF7a:1,ORF7b:1,ORF8:1,ORF9b:1,S:1	false	A187G,C241T,C3037T,C14408T,A23403G				ORF1b:P314L,S:D614G					A187G	0	0	1	1				0	0	0	0		NODE_0000764	A187G				NODE_0000764	A187G				N/A	N/A	N/A	N/A	N/A	N/A	N/A	N/A	N/A	N/A			3000	0	good	0	10	0	good	0	24	-7	0	good	1		0	good	0		0		0	0	good		0	0	good	0				
915	PP518590.1 Severe acute respiratory syndrome coronavirus 2 isolate SARS-CoV-2/human/ZAF/NHLS-UCT-GP-5164/2020, complete genome	20A	20A		20A	B.1.381	B.1.381	0	good	8	0	0	0	0	0	3	0	0	0	89362	39	29836	0.9964886466240845	E:1,M:1,N:1,ORF1a:1,ORF1b:1,ORF3a:1,ORF6:1,ORF7a:1,ORF7b:1,ORF8:1,ORF9b:1,S:1	false	C241T,C355T,C3037T,C4093T,C14408T,A20268G,A23403G,C28854T				N:S194L,ORF1b:P314L,S:D614G				C28854T|20A		0	1	0	1			N:S194L	0	0	1	1		NODE_0000764	C355T,C4093T,A20268G,C28854T		N:S194L		B.1.381	C28854T		N:S194L		N/A	N/A	N/A	N/A	N/A	N/A	N/A	N/A	N/A	N/A			3000	0	good	0	10	0	good	0	24	-4	0	good	4		0	good	0		0		0	0	good		0	0	good	0				
918	PP519135.1 Severe acute respiratory syndrome coronavirus 2 isolate SARS-CoV-2/human/ZAF/NHLS-UCT-GS-3230/2020, complete genome	20A	20A		20A	B.1	B.1	0	good	5	0	0	0	0	0	3	0	0	0	89596	15	29886	0.9989633147175868	E:1,M:1,N:1,ORF1a:1,ORF1b:1,ORF3a:1,ORF6:1,ORF7a:1,ORF7b:1,ORF8:1,ORF9b:1,S:1	false	C241T,C3037T,C14408T,A23403G,C28854T				N:S194L,ORF1b:P314L,S:D614G						0	0	0	0				0	0	0	0		NODE_0000764	C28854T		N:S194L		NODE_0000764	C28854T		N:S194L		N/A	N/A	N/A	N/A	N/A	N/A	N/A	N/A	N/A	N/A			3000	0	good	0	10	0	good	0	24	-8	0	good	0		0	good	0		0		0	0	good		0	0	good	0				
917	PP519129.1 Severe acute respiratory syndrome coronavirus 2 isolate SARS-CoV-2/human/ZAF/NHLS-UCT-GP-5023/2020, complete genome	20A	20A		20A	B.1.381	B.1.381	0	good	8	0	0	0	99	0	3	0	0	34	89395	39	29880	0.9946493662843193	E:1,M:1,N:1,ORF1a:0.992274483072029,ORF1b:1,ORF3a:1,ORF6:1,ORF7a:1,ORF7b:1,ORF8:1,ORF9b:1,S:1	false	C241T,C355T,C3037T,C4093T,C14408T,A20268G,A23403G,C28854T				N:S194L,ORF1b:P314L,S:D614G				C28854T|20A		0	1	0	1			N:S194L	0	0	1	1	7044-7047,10166-10260	NODE_0000764	C355T,C4093T,A20268G,C28854T		N:S194L		B.1.381	C28854T		N:S194L		N/A	N/A	N/A	N/A	N/A	N/A	N/A	N/A	N/A	N/A	ORF1a:2260-2261,ORF1a:3301-3332		3000	0	good	99	10	0	good	0	24	-4	0	good	4		0	good	0		0		0	0	good		0	0	good	0				
908	OY960078.1 Severe acute respiratory syndrome coronavirus 2 genome assembly, complete genome: monopartite	21K	21K (BA.1)	Omicron	21K	BA.1.15	BA.1.15	2.022716	good	50	3	0	0	684	0	41	1	0	207	88808	1	29903	0.977126040865465	E:1,M:0.9955156950672646,N:0.9904761904761905,ORF1a:0.9990911156555329,ORF1b:1,ORF3a:1,ORF6:1,ORF7a:1,ORF7b:0.6590909090909091,ORF8:0.4672131147540984,ORF9b:0.9693877551020408,S:0.9097331240188383	false	C241T,A2832G,C3037T,T5386G,G8393A,C10029T,T10135C,C10449A,A11537G,T13195C,C14408T,C15240T,A18163G,C21762T,C21846T,G22578A,T22882G,G22898A,G22992A,C22995A,A23013C,A23040G,G23048A,A23055G,A23063T,T23075C,C23202A,A23403G,C23525T,T23599G,C23604A,C23854A,G23948T,C24130A,A24424T,T24469A,C24503T,C25584T,C25708T,C26270T,C26577G,G26709A,A27259C,C27807T,A28271T,C28311T,G28881A,G28882A,G28883C,A29301G	6513-6515			E:T9I,M:Q19E,M:A63T,N:P13L,N:R203K,N:G204R,N:D343G,ORF1a:K856R,ORF1a:L2084I,ORF1a:A2710T,ORF1a:T3255I,ORF1a:P3395H,ORF1a:I3758V,ORF1b:P314L,ORF1b:I1566V,ORF3a:L106F,ORF9b:P10S,S:A67V,S:T95I,S:G339D,S:N440K,S:G446S,S:S477N,S:T478K,S:E484A,S:Q493R,S:G496S,S:Q498R,S:N501Y,S:Y505H,S:T547K,S:D614G,S:H655Y,S:N679K,S:P681H,S:N764K,S:D796Y,S:N856K,S:Q954H,S:N969K,S:L981F	ORF1a:S2083-					0	0	0	0				0	0	0	0	1-39,45,11283-11291,21765-21770,21987-21995,22031-22122,22194-22205,22210,22219-22220,22237-22261,22263-22271,22641,22643-22813,25000,26530,27845-28088,28362-28370,29852-29903	NODE_0000981	T10135C,C25708T,A29301G		N:D343G,ORF3a:L106F		NODE_0000986					N/A	N/A	N/A	N/A	N/A	N/A	N/A	N/A	N/A	N/A	ORF1a:3673-3676,S:68-70,S:142-145,S:157-187,S:211-215,S:220,S:226-237,S:360-417,S:1146,M:3,ORF7b:30-44,ORF8:1-65,N:30-33,ORF9b:27-29		3000	14.222222	good	684	10	0	good	0	24	-8	0	good	0		0	good	0		0		0	0	good		0	0	good	0				
919	PP519598.1 Severe acute respiratory syndrome coronavirus 2 isolate SARS-CoV-2/human/ZAF/NHLS-UCT-GP-5156/2020, complete genome	20A	20A		20A	B.1.381	B.1.381	0	good	8	0	0	0	63	0	3	0	0	22	89398	39	29869	0.9954854028023944	E:1,M:1,N:1,ORF1a:0.9950011361054306,ORF1b:1,ORF3a:1,ORF6:1,ORF7a:1,ORF7b:1,ORF8:1,ORF9b:1,S:1	false	C241T,C355T,C3037T,C4093T,C14408T,A20268G,A23403G,C28854T				N:S194L,ORF1b:P314L,S:D614G				C28854T|20A		0	1	0	1			N:S194L	0	0	1	1	6880-6942	NODE_0000764	C355T,C4093T,A20268G,C28854T		N:S194L		B.1.381	C28854T		N:S194L		N/A	N/A	N/A	N/A	N/A	N/A	N/A	N/A	N/A	N/A	ORF1a:2205-2226		3000	0	good	63	10	0	good	0	24	-4	0	good	4		0	good	0		0		0	0	good		0	0	good	0				
920	PP521161.1 Severe acute respiratory syndrome coronavirus 2 isolate SARS-CoV-2/human/ZAF/NHLS-UCT-LA-9006/2020, complete genome	20B	20B		20B	B.1.1	B.1.1	0	good	7	0	0	0	99	0	4	0	0	34	89321	39	29854	0.9937798883055212	E:1,M:1,N:1,ORF1a:1,ORF1b:1,ORF3a:1,ORF6:1,ORF7a:1,ORF7b:1,ORF8:1,ORF9b:1,S:0.9733124018838305	false	C241T,C3037T,C14408T,A23403G,G28881A,G28882A,G28883C				N:R203K,N:G204R,ORF1b:P314L,S:D614G						0	0	0	0				0	0	0	0	22425-22523	NODE_0000922					NODE_0000922					N/A	N/A	N/A	N/A	N/A	N/A	N/A	N/A	N/A	N/A	S:288-321		3000	0	good	99	10	0	good	0	24	-8	0	good	0		0	good	0		0		0	0	good		0	0	good	0				
921	PP521951.1 Severe acute respiratory syndrome coronavirus 2 isolate SARS-CoV-2/human/ZAF/NHLS-UCT-GS-3257/2020, complete genome	20B	20B		20B	B.1.1.57	B.1.1.57	0	good	9	0	0	0	1	0	6	0	0	0	89291	51	29826	0.9957194930274554	E:1,M:1,N:1,ORF1a:1,ORF1b:1,ORF3a:1,ORF6:1,ORF7a:1,ORF7b:1,ORF8:1,ORF9b:1,S:1	false	C241T,C3037T,C14408T,C20234T,A22278G,A23403G,G28881A,G28882A,G28883C				N:R203K,N:G204R,ORF1b:P314L,ORF1b:P2256L,S:Q239R,S:D614G					A22278G	0	0	1	1			S:Q239R	0	0	1	1	17721	NODE_0000922	C20234T,A22278G		ORF1b:P2256L,S:Q239R		B.1.1.57	A22278G		S:Q239R		N/A	N/A	N/A	N/A	N/A	N/A	N/A	N/A	N/A	N/A			3000	0	good	1	10	0	good	0	24	-7	0	good	1		0	good	0		0		0	0	good		0	0	good	0				
923	PP522167.1 Severe acute respiratory syndrome coronavirus 2 isolate SARS-CoV-2/human/ZAF/NHLS-UCT-GS-2457/2020, complete genome	20A	20A		20A	B.1.381	B.1.381	0	good	9	0	0	0	0	0	3	0	0	0	89295	51	29827	0.9957863759489014	E:1,M:1,N:1,ORF1a:1,ORF1b:1,ORF3a:1,ORF6:1,ORF7a:1,ORF7b:1,ORF8:1,ORF9b:1,S:1	false	C241T,C355T,C3037T,C4093T,C14408T,A20268G,A23403G,G26690T,C28854T				N:S194L,ORF1b:P314L,S:D614G				C28854T|20A	G26690T	0	1	1	2			N:S194L	0	0	1	1		NODE_0000764	C355T,C4093T,A20268G,G26690T,C28854T		N:S194L		B.1.381	G26690T,C28854T		N:S194L		N/A	N/A	N/A	N/A	N/A	N/A	N/A	N/A	N/A	N/A			3000	0	good	0	10	0	good	0	24	-3	0	good	5		0	good	0		0		0	0	good		0	0	good	0				
922	PP522105.1 Severe acute respiratory syndrome coronavirus 2 isolate SARS-CoV-2/human/ZAF/NHLS-UCT-GS-2647/2020, complete genome	20A	20A		20A	B.1	B.1	0	good	8	0	0	0	0	0	5	0	0	0	89542	7	29864	0.9984951342674648	E:1,M:1,N:1,ORF1a:1,ORF1b:1,ORF3a:1,ORF6:1,ORF7a:1,ORF7b:1,ORF8:1,ORF9b:1,S:1	false	C241T,C3037T,C14408T,A20268G,A23403G,C25714T,C28854T,G29027A				N:S194L,N:A252T,ORF1b:P314L,ORF3a:L108F,S:D614G					C25714T,G29027A	0	0	2	2			N:A252T,ORF3a:L108F	0	0	2	2		NODE_0000764	A20268G,C25714T,C28854T,G29027A		N:S194L,N:A252T,ORF3a:L108F		NODE_0000764	A20268G,C25714T,C28854T,G29027A		N:S194L,N:A252T,ORF3a:L108F		N/A	N/A	N/A	N/A	N/A	N/A	N/A	N/A	N/A	N/A			3000	0	good	0	10	0	good	0	24	-6	0	good	2		0	good	0		0		0	0	good		0	0	good	0				
925	PP902199.1 Severe acute respiratory syndrome coronavirus 2 isolate SARS-CoV-2/human/BRA/hCoV-19-Brazil-RS-rBB-COV-031/2020, complete genome	20B	20B		20B	B.1.1.33	B.1.1.33	0	good	10	0	0	0	0	0	6	0	0	0	89411	37	29853	0.9971240343778216	E:1,M:1,N:1,ORF1a:1,ORF1b:1,ORF3a:1,ORF6:1,ORF7a:1,ORF7b:1,ORF8:1,ORF9b:1,S:1	false	C241T,C3037T,C10778T,C14408T,A23403G,T27299C,G28881A,G28882A,G28883C,T29148C				N:R203K,N:G204R,N:I292T,ORF1b:P314L,ORF6:I33T,S:D614G					C10778T	0	0	1	1				0	0	0	0		NODE_0000922	C10778T,T27299C,T29148C		N:I292T,ORF6:I33T		NODE_0000944	C10778T				N/A	N/A	N/A	N/A	N/A	N/A	N/A	N/A	N/A	N/A			3000	0	good	0	10	0	good	0	24	-7	0	good	1		0	good	0		0		0	0	good		0	0	good	0				
924	PP522194.1 Severe acute respiratory syndrome coronavirus 2 isolate SARS-CoV-2/human/ZAF/NHLS-UCT-GS-3232/2020, complete genome	20B	20B		20B	B.1.1	B.1.1	0	good	8	0	0	0	0	0	4	0	0	0	89299	51	29827	0.9957863759489014	E:1,M:1,N:1,ORF1a:1,ORF1b:1,ORF3a:1,ORF6:1,ORF7a:1,ORF7b:1,ORF8:1,ORF9b:1,S:1	false	C241T,C3037T,T7012A,C14408T,A23403G,G28881A,G28882A,G28883C				N:R203K,N:G204R,ORF1b:P314L,S:D614G					T7012A	0	0	1	1				0	0	0	0		NODE_0000922	T7012A				NODE_0000922	T7012A				N/A	N/A	N/A	N/A	N/A	N/A	N/A	N/A	N/A	N/A			3000	0	good	0	10	0	good	0	24	-7	0	good	1		0	good	0		0		0	0	good		0	0	good	0				
926	PQ085055.1 Severe acute respiratory syndrome coronavirus 2 isolate SARS-CoV-2/human/BRA/141/2020, complete genome	20B	20B		20B	B.1.1.28	B.1.1.28	0	good	13	0	0	0	0	0	9	0	0	0	89516	5	29860	0.9984282513460188	E:1,M:1,N:1,ORF1a:1,ORF1b:1,ORF3a:1,ORF6:1,ORF7a:1,ORF7b:1,ORF8:1,ORF9b:1,S:1	false	C241T,C3037T,G10255T,C10778T,C12053T,G14028T,C14408T,A23403G,G25088T,C26042T,G28881A,G28882A,G28883C				N:R203K,N:G204R,ORF1a:L3330F,ORF1a:L3930F,ORF1b:M187I,ORF1b:P314L,ORF3a:T217I,S:D614G,S:V1176F					G10255T,C10778T,G14028T,C26042T	0	0	4	4			ORF1a:L3330F,ORF1b:M187I,ORF3a:T217I	0	0	3	3		NODE_0000922	G10255T,C10778T,C12053T,G14028T,G25088T,C26042T		ORF1a:L3330F,ORF1a:L3930F,ORF1b:M187I,ORF3a:T217I,S:V1176F		internal_1fa9	G10255T,C10778T,C12053T,G14028T,C26042T		ORF1a:L3330F,ORF1a:L3930F,ORF1b:M187I,ORF3a:T217I		N/A	N/A	N/A	N/A	N/A	N/A	N/A	N/A	N/A	N/A			3000	0	good	0	10	0	good	0	24	-4	0	good	4		0	good	0		0		0	0	good		0	0	good	0				
927	PQ085258.1 Severe acute respiratory syndrome coronavirus 2 isolate SARS-CoV-2/human/BRA/29/2020, complete genome	20B	20B		20B	B.1.1.28.2	P.2	4	good	25	0	0	0	57	2	12	0	0	22	89072	39	29781	0.9926763201016621	E:1,M:1,N:1,ORF1a:0.9997727789138832,ORF1b:0.9925816023738873,ORF3a:1,ORF6:1,ORF7a:1,ORF7b:1,ORF8:1,ORF9b:1,S:0.9992150706436421	false	C100T,C241T,C3037T,A3048G,T3766C,T10667G,C11824T,C12053T,A12964G,C14408T,C15017T,G23012A,A23403G,G24199T,G25088T,C25413T,C28253T,G28628T,G28881A,G28882A,G28883C,G28975T,C29095T,C29272T,C29754T				N:A119S,N:R203K,N:G204R,N:M234I,ORF1a:D928G,ORF1a:L3468V,ORF1a:L3930F,ORF1b:P314L,ORF1b:A517V,S:E484K,S:D614G,S:V1176F					A3048G,T3766C,A12964G,C15017T,G24199T,C25413T,C29095T,C29272T	0	0	8	8			ORF1a:D928G,ORF1b:A517V	0	0	2	2	19388-19444	NODE_0000922	C100T,A3048G,T3766C,T10667G,C11824T,C12053T,A12964G,C15017T,G23012A,G24199T,G25088T,C25413T,C28253T,G28628T,G28975T,C29095T,C29272T,C29754T		N:A119S,N:M234I,ORF1a:D928G,ORF1a:L3468V,ORF1a:L3930F,ORF1b:A517V,S:E484K,S:V1176F		P.2	A3048G,T3766C,A12964G,C15017T,G24199T,C25413T,C29095T,C29272T		ORF1a:D928G,ORF1b:A517V		N/A	N/A	N/A	N/A	N/A	N/A	N/A	N/A	N/A	N/A	ORF1a:2224,ORF1b:1974-1993,S:26	Y:6936,Y:21639	3000	0	good	57	10	20	good	2	24	0	0	good	8		0	good	0		0		0	0	good		0	0	good	0				
930	PQ540455.1 Severe acute respiratory syndrome coronavirus 2 isolate SARS-CoV-2/human/DNK/35-Day3/2020, complete genome	20C	20C		20C	B.1	B.1	16	good	8	0	0	0	122	4	5	0	0	49	89246	53	29852	0.992341905494432	E:1,M:1,N:1,ORF1a:0.9959100204498977,ORF1b:0.9962908011869436,ORF3a:1,ORF6:0.8225806451612904,ORF7a:1,ORF7b:1,ORF8:1,ORF9b:1,S:0.9921507064364207	false	C241T,C1059T,C1191T,C3037T,C14408T,G20679T,A23403G,G25563T				ORF1a:T265I,ORF1a:P309L,ORF1b:P314L,ORF3a:Q57H,S:D614G				C1191T|21A	G20679T	0	1	1	2			ORF1a:P309L	0	0	1	1	6534-6555,7384-7402,10028,16059-16079,20473,22491-22515,23261,27250-27281	NODE_0000826	C1191T,G20679T		ORF1a:P309L		NODE_0000764	C1059T,C1191T,G20679T,G25563T		ORF1a:T265I,ORF1a:P309L,ORF3a:Q57H		N/A	N/A	N/A	N/A	N/A	N/A	N/A	N/A	N/A	N/A	ORF1a:2090-2097,ORF1a:2373-2379,ORF1a:3255,ORF1a:3606,ORF1a:4065,ORF1b:865-871,ORF1b:939,ORF1b:1757,ORF1b:2336,S:310-318,S:567,ORF6:17-27	K:11083,R:12458,S:16283,W:18738	3000	0	good	122	10	40	mediocre	4	24	-3	0	good	5		0	good	0		0		0	0	good		0	0	good	0				
928	PQ085556.1 Severe acute respiratory syndrome coronavirus 2 isolate SARS-CoV-2/human/BRA/59/2020, complete genome	20B	20B		20B	B.1.1.33	B.1.1.33	0	good	9	0	0	0	42	0	6	0	0	15	89376	39	29856	0.9957529344881785	E:1,M:1,N:1,ORF1a:1,ORF1b:0.994807121661721,ORF3a:1,ORF6:1,ORF7a:0.9918032786885246,ORF7b:1,ORF8:1,ORF9b:1,S:1	false	C241T,C3037T,C14408T,A23403G,T27299C,G28881A,G28882A,G28883C,T29148C				N:R203K,N:G204R,N:I292T,ORF1b:P314L,ORF6:I33T,S:D614G						0	0	0	0				0	0	0	0	19523-19551,21360-21371,27650	NODE_0000922	T27299C,T29148C		N:I292T,ORF6:I33T		NODE_0000944					N/A	N/A	N/A	N/A	N/A	N/A	N/A	N/A	N/A	N/A	ORF1b:2019-2028,ORF1b:2632-2635,ORF7a:86		3000	0	good	42	10	0	good	0	24	-8	0	good	0		0	good	0		0		0	0	good		0	0	good	0				
912	OY978908.1 Severe acute respiratory syndrome coronavirus 2 genome assembly, complete genome: monopartite	21J	21J (Delta)	Delta	21J	B.1.617.2.4.2	AY.4.2	2730.643086	bad	20	7	0	0	14409	0	17	2	0	4657	75186	1	29903	0.5181419924422299	E:1,M:0.5515695067264574,N:0.719047619047619,ORF1a:0.5850942967507384,ORF1b:0.5018545994065282,ORF3a:0.5253623188405797,ORF6:0,ORF7a:0,ORF7b:0,ORF8:0.4180327868852459,ORF9b:1,S:0.34065934065934067	false	C3037T,G4181T,C6402T,C7851T,C8986T,G9053T,C10029T,A11201G,A11332G,C14408T,G15894T,C19220T,A23403G,C25469T,C25614T,T26767C,A28461G,G28881T,G28916T,G29402T	28248-28253,28271			M:I82T,N:D63G,N:R203M,N:G215C,N:D377Y,ORF1a:A1306S,ORF1a:P2046L,ORF1a:A2529V,ORF1a:V2930L,ORF1a:T3255I,ORF1a:T3646A,ORF1b:P314L,ORF1b:M809I,ORF1b:A1918V,ORF3a:S26L,ORF9b:T60A,S:D614G	ORF8:D119-,ORF8:F120-				G15894T	0	0	1	1			ORF1b:M809I	0	0	1	1	1-342,1599-2224,2524-2558,2568-2850,2881-2883,3508-4167,4318-4322,4457-4463,4465-4517,4538-5043,5080-5099,5113-5120,5124-5126,5133-5145,5275-5287,5297-5299,5557-6083,6168-6197,6477-6495,6847-6943,6997-7425,7610-7651,8546-8954,9246-9750,10438-10480,10537,10652-11022,12162,12173-12487,12593-12632,12780-13029,13364-13396,13546-13628,13661-13670,13922-13946,14657,14899-15297,15342-15575,15715-15717,15725-15726,15805-15827,15851,16176-16466,16805-17087,17431-18275,18651-18680,19276-20581,20629-20661,20716-20734,20807-20813,21146-21560,21565-21584,21599-22563,22878-23150,23501-23634,23665-23668,23685-24721,24942-24980,25348-25381,25647-25668,25828-25839,25864-26219,26891-28104,29008-29357,29468,29658-29903	NODE_0000872	C7851T,G9053T,G15894T,C25614T		ORF1a:A2529V,ORF1a:V2930L,ORF1b:M809I		NODE_0000921	G15894T		ORF1b:M809I		N/A	N/A	N/A	N/A	N/A	N/A	N/A	N/A	N/A	N/A	ORF1a:1-26,ORF1a:445-653,ORF1a:754-765,ORF1a:768-862,ORF1a:873,ORF1a:1081-1301,ORF1a:1351-1353,ORF1a:1398-1418,ORF1a:1425-1593,ORF1a:1606-1612,ORF1a:1616-1621,ORF1a:1623-1627,ORF1a:1671-1674,ORF1a:1678,ORF1a:1765-1940,ORF1a:1968-1978,ORF1a:2071-2077,ORF1a:2194-2226,ORF1a:2244-2387,ORF1a:2449-2462,ORF1a:2761-2897,ORF1a:2994-3162,ORF1a:3391-3405,ORF1a:3424,ORF1a:3463-3586,ORF1a:3966,ORF1a:3970-4074,ORF1a:4110-4123,ORF1a:4172-4255,ORF1a:4367-4377,ORF1b:27-54,ORF1b:65-68,ORF1b:152-160,ORF1b:397,ORF1b:478-610,ORF1b:626-703,ORF1b:750,ORF1b:753,ORF1b:780-787,ORF1b:795,ORF1b:904-1000,ORF1b:1113-1207,ORF1b:1322-1603,ORF1b:1728-1738,ORF1b:1937-2372,ORF1b:2388-2398,ORF1b:2417-2423,ORF1b:2447-2449,ORF1b:2560-2696,S:1-8,S:13-334,S:439-530,S:647-691,S:702,S:708-1053,S:1127-1140,S:1262-1273,ORF3a:85-92,ORF3a:146-149,ORF3a:158-276,M:124-223,ORF6:1-62,ORF7a:1-122,ORF7b:1-44,ORF8:1-71,N:246-362,N:399		3000	522.555556	bad	14409	10	0	good	0	24	-7	0	good	1		0	good	0		0		0	0	good		0	0	good	0				
929	PQ085608.1 Severe acute respiratory syndrome coronavirus 2 isolate SARS-CoV-2/human/BRA/916/2020, complete genome	20B	20B		20B	B.1.1.33	B.1.1.33	9.694444	good	16	0	0	0	31	3	10	0	0	13	89407	31	29864	0.9965555295455305	E:1,M:1,N:1,ORF1a:0.9975005680527153,ORF1b:0.9996290801186943,ORF3a:1,ORF6:1,ORF7a:1,ORF7b:1,ORF8:0.9918032786885246,ORF9b:1,S:1	false	C241T,C3037T,C8293T,C14408T,A22720G,A23403G,G25538T,T27299C,G27816T,G28302T,G28881A,G28882A,G28883C,T29148C,A29591G,C29769T				N:R10L,N:R203K,N:G204R,N:I292T,ORF1b:P314L,ORF3a:G49V,ORF6:I33T,ORF7b:V21F,ORF9b:E7*,S:D614G				C8293T|24A&24E&25C&24C&24F&24B&25A&24G&23I&rec&24H&25D&25G&24I&25E&25H&25F	A22720G,G25538T,G27816T,G28302T,A29591G,C29769T	0	1	6	7			N:R10L,ORF3a:G49V,ORF7b:V21F,ORF9b:E7*	0	0	4	4	8769-8798,20383	NODE_0000922	C8293T,A22720G,G25538T,T27299C,G27816T,G28302T,T29148C,A29591G,C29769T		N:R10L,N:I292T,ORF3a:G49V,ORF6:I33T,ORF7b:V21F,ORF9b:E7*		NODE_0000944	C8293T,A22720G,G25538T,G27816T,G28302T,A29591G,C29769T		N:R10L,ORF3a:G49V,ORF7b:V21F,ORF9b:E7*		N/A	N/A	N/A	N/A	N/A	N/A	N/A	N/A	N/A	N/A	ORF1a:2835-2845,ORF1b:2306,ORF8:65	R:11716,Y:16329,Y:28087	3000	0	good	31	10	30	mediocre	3	24	2	8.333333	good	10		0	good	0		0		0	0	good		0	0	good	0				
931	PQ540456.1 Severe acute respiratory syndrome coronavirus 2 isolate SARS-CoV-2/human/DNK/35-Day5/2020, complete genome	20C	20C		20C	B.1	B.1	25	good	8	0	0	0	47	5	5	0	0	22	89321	53	29852	0.9948165735879343	E:1,M:1,N:1,ORF1a:0.9993183367416496,ORF1b:0.9962908011869436,ORF3a:1,ORF6:1,ORF7a:1,ORF7b:1,ORF8:1,ORF9b:1,S:0.9929356357927787	false	C241T,C1059T,C1191T,C3037T,C14408T,G20679T,A23403G,G25563T				ORF1a:T265I,ORF1a:P309L,ORF1b:P314L,ORF3a:Q57H,S:D614G				C1191T|21A	G20679T	0	1	1	2			ORF1a:P309L	0	0	1	1	16059-16079,20473,22491-22515	NODE_0000826	C1191T,G20679T		ORF1a:P309L		NODE_0000764	C1059T,C1191T,G20679T,G25563T		ORF1a:T265I,ORF1a:P309L,ORF3a:Q57H		N/A	N/A	N/A	N/A	N/A	N/A	N/A	N/A	N/A	N/A	ORF1a:2279,ORF1a:3606,ORF1a:4065,ORF1b:865-871,ORF1b:939,ORF1b:1757,ORF1b:2336,S:310-318	Y:7101,K:11083,R:12458,S:16283,W:18738	3000	0	good	47	10	50	mediocre	5	24	-3	0	good	5		0	good	0		0		0	0	good		0	0	good	0				
